fire_id,fire_year,observation_year,years_since_fire,fire_cohort,area_ha,centroid_lat,centroid_lon,NBR,NDVI,NBR_pre,NDVI_pre,dNBR,summer_temp_c,summer_precip_mm,summer_vpd_kpa,temp_anomaly_c,precip_anomaly_mm,vpd_anomaly_kpa
1985 7098,1985,1984,-1,1984-1994,526.67,48.185275333952234,-77.9583781441743,0.5302314723921399,0.6425989699138344,0.5302314723921399,0.6425989699138344,0.1921282458894747,16.487107952781344,4196.098456787684,0.4869923524748076,-0.5686265024010346,779.204320605053,-0.1300540226164319
1985 7098,1985,1985,0,1984-1994,526.67,48.185275333952234,-77.9583781441743,0.3381032265026651,0.3339648506712661,0.5302314723921399,0.6425989699138344,0.1921282458894747,15.423906877766512,3646.264276768228,0.5285188141009284,-1.6318275774158657,229.37014058559728,-0.0885275609903112
1985 7098,1985,1986,1,1984-1994,526.67,48.185275333952234,-77.9583781441743,0.3652018526033269,0.3186165263369712,0.5302314723921399,0.6425989699138344,0.1921282458894747,14.988150567593776,3278.615980907766,0.5293160393312347,-2.067583887588601,-138.27815527486518,-0.0877303357600048
1985 7098,1985,1987,2,1984-1994,526.67,48.185275333952234,-77.9583781441743,0.4122822463276867,0.4747328980402633,0.5302314723921399,0.6425989699138344,0.1921282458894747,16.950050539210224,4667.624876572991,0.5546565932093459,-0.1056839159721541,1250.7307403903596,-0.0623897818818937
1985 7098,1985,1988,3,1984-1994,526.67,48.185275333952234,-77.9583781441743,0.435625373586693,0.6621220821836886,0.5302314723921399,0.6425989699138344,0.1921282458894747,16.725843400540555,4615.118697052253,0.6042030510181968,-0.3298910546418234,1198.224560869622,-0.0128433240730427
1985 7098,1985,1989,4,1984-1994,526.67,48.185275333952234,-77.9583781441743,0.5409556013165135,0.7127695280343903,0.5302314723921399,0.6425989699138344,0.1921282458894747,16.683740192910932,2604.1066452413943,0.6069290147217402,-0.3719942622714463,-812.7874909412367,-0.0101173603694993
1985 7098,1985,1990,5,1984-1994,526.67,48.185275333952234,-77.9583781441743,0.2676083990658329,0.2207455802195464,0.5302314723921399,0.6425989699138344,0.1921282458894747,16.68843816536065,3036.0404695347647,0.5595001866253994,-0.3672962898217271,-380.85366664786625,-0.0575461884658402
1985 7098,1985,1991,6,1984-1994,526.67,48.185275333952234,-77.9583781441743,0.5566605951948909,0.7090817728926201,0.5302314723921399,0.6425989699138344,0.1921282458894747,17.717004677869284,3595.367236197827,0.7247447460235362,0.6612702226869054,178.473100015196,0.1076983709322966
1985 7098,1985,1992,7,1984-1994,526.67,48.185275333952234,-77.9583781441743,0.3076405997173519,0.2607828471655493,0.5302314723921399,0.6425989699138344,0.1921282458894747,14.422939471922064,3954.571089559408,0.5305865702525207,-2.6327949832603146,537.6769533767774,-0.0864598048387189
1985 7098,1985,1993,8,1984-1994,526.67,48.185275333952234,-77.9583781441743,0.5292053498851598,0.6894126222200614,0.5302314723921399,0.6425989699138344,0.1921282458894747,16.976877128214085,3895.766286629773,0.5400835613699021,-0.0788573269682935,478.8721504471414,-0.0769628137213375
1985 7098,1985,1994,9,1984-1994,526.67,48.185275333952234,-77.9583781441743,0.5634739186562642,0.6817634085650428,0.5302314723921399,0.6425989699138344,0.1921282458894747,16.314786412059448,3891.226738174705,0.5036133112536313,-0.7409480431229305,474.33260199207416,-0.1134330638376083
1985 7098,1985,1995,10,1984-1994,526.67,48.185275333952234,-77.9583781441743,0.6151405994625212,0.7673348587326101,0.5302314723921399,0.6425989699138344,0.1921282458894747,18.28822002410891,2635.480972836486,0.7409331505530601,1.2324855689265313,-781.4131633461448,0.1238867754618204
1985 7098,1985,1996,11,1984-1994,526.67,48.185275333952234,-77.9583781441743,0.6112680025718715,0.6975739394178717,0.5302314723921399,0.6425989699138344,0.1921282458894747,17.031246052617632,2633.807124982795,0.6081027380957233,-0.0244884025647458,-783.0870111998361,-0.0089436369955162
1985 7098,1985,1997,12,1984-1994,526.67,48.185275333952234,-77.9583781441743,0.45869628344399,0.6541555271083322,0.5302314723921399,0.6425989699138344,0.1921282458894747,16.812558877640924,3531.533200584008,0.6286821833690125,-0.2431755775414537,114.6390644013768,0.0116358082777728
1985 7098,1985,1998,13,1984-1994,526.67,48.185275333952234,-77.9583781441743,0.5450076308281073,0.4783868159290211,0.5302314723921399,0.6425989699138344,0.1921282458894747,17.187007418922803,2617.053045345081,0.606800147143678,0.1312729637404253,-799.8410908375499,-0.0102462279475615
1985 7098,1985,1999,14,1984-1994,526.67,48.185275333952234,-77.9583781441743,0.6228726372423432,0.7401473532115902,0.5302314723921399,0.6425989699138344,0.1921282458894747,17.717990120597506,4194.647959101914,0.6061630446402608,0.6622556654151275,777.7538229192833,-0.0108833304509787
1985 7098,1985,2000,15,1984-1994,526.67,48.185275333952234,-77.9583781441743,0.5331915352972713,0.607361272454585,0.5302314723921399,0.6425989699138344,0.1921282458894747,15.436930516837322,3004.104236961709,0.5110870414032359,-1.6188039383450563,-412.78989922092205,-0.1059593336880037
1985 7098,1985,2001,16,1984-1994,526.67,48.185275333952234,-77.9583781441743,0.3808127697031459,0.248040399773563,0.5302314723921399,0.6425989699138344,0.1921282458894747,17.632457123632037,2401.603707023128,0.7169367569945704,0.5767226684496585,-1015.2904291595032,0.0998903819033307
1985 7098,1985,2002,17,1984-1994,526.67,48.185275333952234,-77.9583781441743,0.6347605403766502,0.7363020916352251,0.5302314723921399,0.6425989699138344,0.1921282458894747,17.13872785706451,3578.5807400264707,0.6542092366363784,0.0829934018821312,161.68660384383975,0.0371628615451388
1985 7098,1985,2003,18,1984-1994,526.67,48.185275333952234,-77.9583781441743,0.6151719849614112,0.7089436623225279,0.5302314723921399,0.6425989699138344,0.1921282458894747,16.91997850666877,4427.368295861857,0.5980183440081485,-0.1357559485136086,1010.4741596792264,-0.0190280310830911
1985 7098,1985,2004,19,1984-1994,526.67,48.185275333952234,-77.9583781441743,0.5830167280204895,0.6856455252407557,0.5302314723921399,0.6425989699138344,0.1921282458894747,15.501929226474488,3647.786655743012,0.5217258002732432,-1.5538052287078905,230.89251956038103,-0.0953205748179963
1985 7098,1985,2005,20,1984-1994,526.67,48.185275333952234,-77.9583781441743,0.6709429005150866,0.7636273732436151,0.5302314723921399,0.6425989699138344,0.1921282458894747,19.268707356936716,2405.77926580546,0.8301003240743924,2.2129729017543376,-1011.114870377171,0.2130539489831527
1985 7101,1985,1984,-1,1984-1994,228.65,49.05654199549099,-77.83402879130634,0.4678628419787088,0.5068664143663186,0.4678628419787088,0.5068664143663186,0.0101671643538781,15.764354400358345,3484.019820275524,0.5052258338570308,-0.4453291768613177,65.37253838822608,-0.1229422202094422
1985 7101,1985,1985,0,1984-1994,228.65,49.05654199549099,-77.83402879130634,0.4576956776248307,0.5594202307555524,0.4678628419787088,0.5068664143663186,0.0101671643538781,14.60980050321939,3904.920325915477,0.5174804762689703,-1.599883074000271,486.2730440281785,-0.1106875777975027
1985 7101,1985,1986,1,1984-1994,228.65,49.05654199549099,-77.83402879130634,0.4111435791198072,0.2390733151373804,0.4678628419787088,0.5068664143663186,0.0101671643538781,14.10323191241946,2938.8185735190787,0.5757737574611659,-2.1064516648002005,-479.8287083682194,-0.0523942966053071
1985 7101,1985,1987,2,1984-1994,228.65,49.05654199549099,-77.83402879130634,0.5023305378366972,0.6859196898926649,0.4678628419787088,0.5068664143663186,0.0101671643538781,16.031152993354283,4050.8743596442578,0.5861291355323158,-0.1785305838653776,632.2270777569597,-0.0420389185341572
1985 7101,1985,1988,3,1984-1994,228.65,49.05654199549099,-77.83402879130634,0.3488579989766651,0.2743648996510968,0.4678628419787088,0.5068664143663186,0.0101671643538781,15.426459767161989,5146.707746898187,0.548320566036918,-0.7832238100576738,1728.060465010889,-0.0798474880295549
1985 7101,1985,1989,4,1984-1994,228.65,49.05654199549099,-77.83402879130634,0.4502555561581815,0.5340573934518671,0.4678628419787088,0.5068664143663186,0.0101671643538781,15.56678975699606,3871.882951959982,0.5732485736689164,-0.6428938202236019,453.2356700726841,-0.0549194803975566
1985 7101,1985,1990,5,1984-1994,228.65,49.05654199549099,-77.83402879130634,0.6107870795374423,0.6702976809875246,0.4678628419787088,0.5068664143663186,0.0101671643538781,15.93023910937103,3211.295770011912,0.5712636366696954,-0.2794444678486307,-207.35151187538625,-0.0569044173967776
1985 7101,1985,1991,6,1984-1994,228.65,49.05654199549099,-77.83402879130634,0.5438201766580489,0.7089412392831475,0.4678628419787088,0.5068664143663186,0.0101671643538781,16.961995372219405,2572.2205575042344,0.7482824441295806,0.7523117949997449,-846.4267243830636,0.1201143900631075
1985 7101,1985,1992,7,1984-1994,228.65,49.05654199549099,-77.83402879130634,0.5301333128243529,0.6026173606408038,0.4678628419787088,0.5068664143663186,0.0101671643538781,13.696338050952876,3470.0269055005037,0.5911176016762489,-2.513345526266786,51.379623613205695,-0.037050452390224
1985 7101,1985,1993,8,1984-1994,228.65,49.05654199549099,-77.83402879130634,0.3310090590877199,0.2675954359510956,0.4678628419787088,0.5068664143663186,0.0101671643538781,16.226181858173334,3795.044031444526,0.5633128095740362,0.0164982809536731,376.39674955722785,-0.0648552444924368
1985 7101,1985,1994,9,1984-1994,228.65,49.05654199549099,-77.83402879130634,0.5835461825880104,0.7282738317455775,0.4678628419787088,0.5068664143663186,0.0101671643538781,15.2562766959702,4022.507527326493,0.493461746109569,-0.9534068812494604,603.8602454391948,-0.134706307956904
1985 7101,1985,1995,10,1984-1994,228.65,49.05654199549099,-77.83402879130634,0.6924455360498063,0.8485907096460338,0.4678628419787088,0.5068664143663186,0.0101671643538781,17.480244586778724,2894.6003288875736,0.7700407906520208,1.2705610095590636,-524.0469529997245,0.1418727365855477
1985 7101,1985,1996,11,1984-1994,228.65,49.05654199549099,-77.83402879130634,0.5994659429151128,0.5175263515446782,0.4678628419787088,0.5068664143663186,0.0101671643538781,16.288122680221818,3257.6539818600027,0.6148088952845467,0.0784391030021574,-160.9933000272954,-0.0133591587819262
1985 7101,1985,1997,12,1984-1994,228.65,49.05654199549099,-77.83402879130634,0.5010194799534378,0.4828126436125867,0.4678628419787088,0.5068664143663186,0.0101671643538781,15.787057681705676,3692.482132754876,0.5919578808350754,-0.4226258955139848,273.83485086757764,-0.0362101732313976
1985 7101,1985,1998,13,1984-1994,228.65,49.05654199549099,-77.83402879130634,0.6767298276665235,0.8135501036745999,0.4678628419787088,0.5068664143663186,0.0101671643538781,16.431062240877054,2812.673348387314,0.6272553133217128,0.2213786636573935,-605.973933499984,-0.0009127407447602
1985 7101,1985,1999,14,1984-1994,228.65,49.05654199549099,-77.83402879130634,0.5769352252287478,0.54120695925246,0.4678628419787088,0.5068664143663186,0.0101671643538781,16.82367293592813,4284.749566245793,0.6176643763351322,0.6139893587084693,866.1022843584951,-0.0105036777313408
1985 7101,1985,2000,15,1984-1994,228.65,49.05654199549099,-77.83402879130634,0.3730470673144521,0.4800297544489596,0.4678628419787088,0.5068664143663186,0.0101671643538781,14.510607911538386,3275.195075088547,0.5144917630751803,-1.6990756656812742,-143.45220679875092,-0.1136762909912927
1985 7101,1985,2001,16,1984-1994,228.65,49.05654199549099,-77.83402879130634,0.3766659114790223,0.3066747079391659,0.4678628419787088,0.5068664143663186,0.0101671643538781,16.639469090060913,2768.0716960729796,0.6836713577676735,0.4297855128412529,-650.5755858143184,0.0555033037012004
1985 7101,1985,2002,17,1984-1994,228.65,49.05654199549099,-77.83402879130634,0.6269482673942276,0.564730328251885,0.4678628419787088,0.5068664143663186,0.0101671643538781,16.371767160166883,2774.5583198287454,0.6945697764668941,0.162083582947222,-644.0889620585526,0.066401722400421
1985 7101,1985,2003,18,1984-1994,228.65,49.05654199549099,-77.83402879130634,0.5849386766766892,0.6384666288519151,0.4678628419787088,0.5068664143663186,0.0101671643538781,15.878949613156522,5034.627591742652,0.5851980780624044,-0.330733964063139,1615.980309855354,-0.0429699760040686
1985 7101,1985,2004,19,1984-1994,228.65,49.05654199549099,-77.83402879130634,0.5645952704195498,0.7126742178095888,0.4678628419787088,0.5068664143663186,0.0101671643538781,14.577512864099049,4626.4058466072765,0.5125457079759144,-1.6321707131206118,1207.7585647199785,-0.1156223460905586
1985 7101,1985,2005,20,1984-1994,228.65,49.05654199549099,-77.83402879130634,0.6982936613022882,0.8409577712051557,0.4678628419787088,0.5068664143663186,0.0101671643538781,18.37708987222203,2546.6734664582978,0.8295620117668602,2.167406295002369,-871.9738154290003,0.2013939577003871
1986 6155,1986,1984,-2,1984-1994,324.23,47.813988143937635,-76.93885977323026,0.5760759445916316,0.7478733256555018,0.4505900382366813,0.4622433193235359,-0.0127486916083982,16.205171724985963,3778.878359028153,0.4978085529638326,-0.4505516960361243,68.76916311850512,-0.1107186467027073
1986 6155,1986,1985,-1,1984-1994,324.23,47.813988143937635,-76.93885977323026,0.325104131881731,0.17661331299157,0.4505900382366813,0.4622433193235359,-0.0127486916083982,15.092791155110255,4073.504093714516,0.5223132184823831,-1.5629322659118292,363.3948978048685,-0.0862139811841568
1986 6155,1986,1986,0,1984-1994,324.23,47.813988143937635,-76.93885977323026,0.4633387298450795,0.1820567786326751,0.4505900382366813,0.4622433193235359,-0.0127486916083982,14.523777997205816,3615.6938770184793,0.5185773283117979,-2.1319454238162683,-94.41531889116844,-0.0899498713547419
1986 6155,1986,1987,1,1984-1994,324.23,47.813988143937635,-76.93885977323026,0.4080740244041473,0.5409712643070448,0.4505900382366813,0.4622433193235359,-0.0127486916083982,16.45534732929175,4954.650002787647,0.5372664840417587,-0.2003760917303338,1244.5408068779996,-0.0712607156247812
1986 6155,1986,1988,2,1984-1994,324.23,47.813988143937635,-76.93885977323026,0.5295024829645654,0.732311877212099,0.4505900382366813,0.4622433193235359,-0.0127486916083982,16.442301486195024,4286.963742199923,0.6179386114848974,-0.2134219348270613,576.8545462902761,0.0094114118183574
1986 6155,1986,1989,3,1984-1994,324.23,47.813988143937635,-76.93885977323026,0.5918709135887911,0.7638764245574794,0.4505900382366813,0.4622433193235359,-0.0127486916083982,16.444177892626588,2848.5048062859455,0.6177831417532669,-0.211545528395498,-861.6043896237022,0.0092559420867269
1986 6155,1986,1990,4,1984-1994,324.23,47.813988143937635,-76.93885977323026,0.5610254591641941,0.6738070227709505,0.4505900382366813,0.4622433193235359,-0.0127486916083982,16.39766206157767,3207.2555531918047,0.5596621899181118,-0.258061359444418,-502.8536427178434,-0.0488650097484281
1986 6155,1986,1991,5,1984-1994,324.23,47.813988143937635,-76.93885977323026,0.6270177504864408,0.7406558206756386,0.4505900382366813,0.4622433193235359,-0.0127486916083982,17.326040986809023,3823.000775060724,0.7313506219505601,0.6703175657869388,112.89157915107656,0.1228234222840201
1986 6155,1986,1992,6,1984-1994,324.23,47.813988143937635,-76.93885977323026,0.5616022791261502,0.1206227018754733,0.4505900382366813,0.4622433193235359,-0.0127486916083982,14.2149320525632,4034.989064928835,0.5232572031927537,-2.440791368458886,324.87986901918765,-0.0852699964737861
1986 6155,1986,1993,7,1984-1994,324.23,47.813988143937635,-76.93885977323026,0.6037451512816795,0.7286052520288836,0.4505900382366813,0.4622433193235359,-0.0127486916083982,16.640034617394857,4050.9781043099065,0.5416933171514166,-0.0156888036272246,340.86890840025836,-0.0668338825151233
1986 6155,1986,1994,8,1984-1994,324.23,47.813988143937635,-76.93885977323026,0.6036330370291834,0.704568830632703,0.4505900382366813,0.4622433193235359,-0.0127486916083982,15.968574660757316,4496.506940884672,0.4929548021559405,-0.6871487602647713,786.3977449750237,-0.1155723975105992
1986 6155,1986,1995,9,1984-1994,324.23,47.813988143937635,-76.93885977323026,0.5458201625255547,0.1308414714118519,0.4505900382366813,0.4622433193235359,-0.0127486916083982,18.02275060970044,2369.4879774849333,0.7682620928552472,1.367027188678353,-1340.6212184247145,0.1597348931887072
1986 6155,1986,1996,10,1984-1994,324.23,47.813988143937635,-76.93885977323026,0.3342613000429327,0.1544289572947306,0.4505900382366813,0.4622433193235359,-0.0127486916083982,16.68010794843837,3493.954874574,0.5883967372062135,0.0243845274162847,-216.15432133564792,-0.0201304624603263
1986 6155,1986,1997,11,1984-1994,324.23,47.813988143937635,-76.93885977323026,0.5410770006920598,0.4413354448419122,0.4505900382366813,0.4622433193235359,-0.0127486916083982,16.288945053856168,3387.1927980338405,0.615710640416821,-0.3667783671659208,-322.91639787580743,0.0071834407502811
1986 6155,1986,1998,12,1984-1994,324.23,47.813988143937635,-76.93885977323026,0.6308072454778858,0.7482503247720993,0.4505900382366813,0.4622433193235359,-0.0127486916083982,16.588498839011358,3363.876294419401,0.565029663598418,-0.0672245820107251,-346.23290149024666,-0.043497536068122
1986 6155,1986,1999,13,1984-1994,324.23,47.813988143937635,-76.93885977323026,0.3220438647516416,0.2127874330648161,0.4505900382366813,0.4622433193235359,-0.0127486916083982,17.334295411962245,4405.995617289065,0.6047443233794176,0.6785719909401627,695.8864213794176,-0.0037828762871222
1986 6155,1986,2000,14,1984-1994,324.23,47.813988143937635,-76.93885977323026,0.6466120508480748,0.7676117796396092,0.4505900382366813,0.4622433193235359,-0.0127486916083982,15.059468175823593,2848.5223313516776,0.5073074502011954,-1.5962552451984933,-861.5868645579703,-0.1012197494653444
1986 6155,1986,2001,15,1984-1994,324.23,47.813988143937635,-76.93885977323026,0.6853559550783866,0.8184527810613231,0.4505900382366813,0.4622433193235359,-0.0127486916083982,17.157644887822862,2909.10149656832,0.7161166014108865,0.5019214668007774,-801.0076993413284,0.1075894017443465
1986 6155,1986,2002,16,1984-1994,324.23,47.813988143937635,-76.93885977323026,0.6904383778491415,0.818179585147944,0.4505900382366813,0.4622433193235359,-0.0127486916083982,16.602518087193598,3356.0841472763186,0.6345567392602203,-0.0532053338284868,-354.02504863332894,0.0260295395936804
1986 6155,1986,2003,17,1984-1994,324.23,47.813988143937635,-76.93885977323026,0.5567140199637547,0.5663990295330316,0.4505900382366813,0.4622433193235359,-0.0127486916083982,16.506190714014554,4852.30664801953,0.5755248795331379,-0.1495327070075328,1142.197452109882,-0.0330023201334021
1986 6155,1986,2004,18,1984-1994,324.23,47.813988143937635,-76.93885977323026,0.5098528780445318,0.6467077472637497,0.4505900382366813,0.4622433193235359,-0.0127486916083982,15.1459528330252,3728.124578452696,0.5082546555322457,-1.509770587996886,18.015382543047913,-0.1002725441342942
1986 6155,1986,2005,19,1984-1994,324.23,47.813988143937635,-76.93885977323026,0.5564310254820943,0.4649402325672246,0.4505900382366813,0.4622433193235359,-0.0127486916083982,18.83374645875082,2636.5916498280667,0.8031081738536945,2.1780230377287353,-1073.5175460815808,0.1945809741871546
1986 6155,1986,2006,20,1984-1994,324.23,47.813988143937635,-76.93885977323026,0.4275900468953156,0.3572101069965923,0.4505900382366813,0.4622433193235359,-0.0127486916083982,16.935420712948623,4002.864357090647,0.6576270250053724,0.2796972919265386,292.7551611809995,0.0490998253388325
1986 7088,1986,1984,-2,1984-1994,18919.88,49.83700059029334,-76.13571785114334,0.5898324054392923,0.6835793396462986,0.4140097134368954,0.4218727465804788,0.30069973989302,15.4018095005372,3771.703147987285,0.4817200523752015,-0.332432876352714,-263.0708609133794,-0.1047522895851098
1986 7088,1986,1985,-1,1984-1994,18919.88,49.83700059029334,-76.13571785114334,0.2381870214344985,0.1601661535146591,0.4140097134368954,0.4218727465804788,0.30069973989302,14.24799926266546,4281.957559903087,0.5024857250363298,-1.4862431142244523,247.18355100242317,-0.0839866169239813
1986 7088,1986,1986,0,1984-1994,18919.88,49.83700059029334,-76.13571785114334,0.1133099735438754,0.3554803407564429,0.4140097134368954,0.4218727465804788,0.30069973989302,13.305847516352312,3405.3383381017757,0.5232130213193529,-2.4283948605376,-629.4356707988879,-0.0632593206409583
1986 7088,1986,1987,1,1984-1994,18919.88,49.83700059029334,-76.13571785114334,0.3261832558803106,0.037095134853063,0.4140097134368954,0.4218727465804788,0.30069973989302,15.365252487232146,3688.706389269264,0.5619542817864454,-0.3689898896577686,-346.06761963140025,-0.024518060173866
1986 7088,1986,1988,2,1984-1994,18919.88,49.83700059029334,-76.13571785114334,0.2539287223284274,0.6133406142745477,0.4140097134368954,0.4218727465804788,0.30069973989302,15.04255899747698,4344.893400116292,0.548736697138102,-0.6916833794129327,310.1193912156282,-0.0377356448222091
1986 7088,1986,1989,3,1984-1994,18919.88,49.83700059029334,-76.13571785114334,0.3711105791701818,0.6425301495113916,0.4140097134368954,0.4218727465804788,0.30069973989302,15.46604107821314,2869.173558764163,0.5971018345691679,-0.2682012986767753,-1165.600450136501,0.0106294926088566
1986 7088,1986,1990,4,1984-1994,18919.88,49.83700059029334,-76.13571785114334,0.3222766255403226,0.0740710859838232,0.4140097134368954,0.4218727465804788,0.30069973989302,15.592937771158509,3299.982297779923,0.5729704623612508,-0.1413046057314038,-734.7917111207404,-0.0135018795990605
1986 7088,1986,1991,5,1984-1994,18919.88,49.83700059029334,-76.13571785114334,0.3847333195259026,0.3261664903093121,0.4140097134368954,0.4218727465804788,0.30069973989302,16.11413533170673,3025.145278953936,0.660717750117016,0.3798929548168196,-1009.6287299467278,0.0742454081567048
1986 7088,1986,1992,6,1984-1994,18919.88,49.83700059029334,-76.13571785114334,0.3785703770611847,0.5996120046205576,0.4140097134368954,0.4218727465804788,0.30069973989302,13.30096461470335,3525.1335398707056,0.5183480620354722,-2.433277762186565,-509.6404690299574,-0.0681242799248389
1986 7088,1986,1993,7,1984-1994,18919.88,49.83700059029334,-76.13571785114334,0.3867099166065834,0.6073908522563706,0.4140097134368954,0.4218727465804788,0.30069973989302,16.137942117495896,4266.294613049183,0.5735661671337111,0.4036997406059864,231.52060414851965,-0.0129061748266001
1986 7088,1986,1994,8,1984-1994,18919.88,49.83700059029334,-76.13571785114334,0.4277595510986314,0.6386788305358149,0.4140097134368954,0.4218727465804788,0.30069973989302,14.722757487485763,5117.506444988212,0.4708662189571467,-1.0114848894041455,1082.732436087549,-0.1156061230031646
1986 7088,1986,1995,9,1984-1994,18919.88,49.83700059029334,-76.13571785114334,0.2773272728669027,0.230410287533193,0.4140097134368954,0.4218727465804788,0.30069973989302,16.90772464200448,3613.9156370693945,0.7152473342696488,1.1734822651145678,-420.8583718312691,0.1287749923093375
1986 7088,1986,1996,10,1984-1994,18919.88,49.83700059029334,-76.13571785114334,0.2851933385831323,0.1756847194291877,0.4140097134368954,0.4218727465804788,0.30069973989302,15.964673933704262,4921.111275107811,0.6007858483456407,0.2304315568143482,886.3372662071469,0.0143135063853294
1986 7088,1986,1997,11,1984-1994,18919.88,49.83700059029334,-76.13571785114334,0.3066303591332788,0.2930210555007347,0.4140097134368954,0.4218727465804788,0.30069973989302,15.18480827752441,3511.7555280126007,0.5600332216881025,-0.5494340993655012,-523.0184808880625,-0.0264391202722085
1986 7088,1986,1998,12,1984-1994,18919.88,49.83700059029334,-76.13571785114334,0.3008039074200276,0.3398649718734806,0.4140097134368954,0.4218727465804788,0.30069973989302,15.962248056012957,3683.6205448982614,0.5832485994157626,0.2280056791230436,-351.1534640024014,-0.0032237425445486
1986 7088,1986,1999,13,1984-1994,18919.88,49.83700059029334,-76.13571785114334,0.3886599958006627,0.324258189138013,0.4140097134368954,0.4218727465804788,0.30069973989302,16.224103364993006,4884.545454851541,0.5811262297193563,0.4898609881030929,849.7714459508767,-0.0053461122409549
1986 7088,1986,2000,14,1984-1994,18919.88,49.83700059029334,-76.13571785114334,0.5019760882127364,0.722692004070501,0.4140097134368954,0.4218727465804788,0.30069973989302,14.216009883905478,3210.108361603215,0.4997165684423613,-1.5182324929844366,-824.6656472974487,-0.0867557735179498
1986 7088,1986,2001,15,1984-1994,18919.88,49.83700059029334,-76.13571785114334,0.5507324850718802,0.6836389327309411,0.4140097134368954,0.4218727465804788,0.30069973989302,16.142097403506476,3447.6595646467913,0.6044808716586979,0.4078550266165645,-587.1144442538726,0.0180085296983867
1986 7088,1986,2002,16,1984-1994,18919.88,49.83700059029334,-76.13571785114334,0.5644493060944676,0.7207100522466066,0.4140097134368954,0.4218727465804788,0.30069973989302,15.704185325282042,3065.0399252454704,0.6389136647876181,-0.0300570516078704,-969.7340836551926,0.0524413228273068
1986 7088,1986,2003,17,1984-1994,18919.88,49.83700059029334,-76.13571785114334,0.2753811697386316,0.2148027164039803,0.4140097134368954,0.4218727465804788,0.30069973989302,15.446616355628148,4300.210374865551,0.5709714770991015,-0.2876260212617673,265.43636596488807,-0.0155008648612098
1986 7088,1986,2004,18,1984-1994,18919.88,49.83700059029334,-76.13571785114334,0.448247137631919,0.1464846288812555,0.4140097134368954,0.4218727465804788,0.30069973989302,14.145284718502898,5139.391800474725,0.4729665847619609,-1.5889576583870155,1104.6177915740618,-0.1135057571983502
1986 7088,1986,2005,19,1984-1994,18919.88,49.83700059029334,-76.13571785114334,0.5643882305121855,0.6230943408584242,0.4140097134368954,0.4218727465804788,0.30069973989302,17.724164943724535,3060.266560048015,0.7796588529759146,1.9899225668346172,-974.5074488526484,0.1931865110156035
1986 7088,1986,2006,20,1984-1994,18919.88,49.83700059029334,-76.13571785114334,0.4589815492993586,0.3554275343216528,0.4140097134368954,0.4218727465804788,0.30069973989302,16.099225229962766,3117.3741242410483,0.6634586011251672,0.3649828530728535,-917.3998846596148,0.0769862591648559
1986 7090,1986,1984,-2,1984-1994,7541.14,49.99525901691649,-75.55746331828355,0.5053100809772827,0.6211500627192152,0.5036950970345165,0.545939763270894,0.2183719685019771,15.101169494157062,3835.4913116068014,0.4756506612838491,-0.2936704304336012,-151.2669469194179,-0.0907892999481536
1986 7090,1986,1985,-1,1984-1994,7541.14,49.99525901691649,-75.55746331828355,0.5020801130917504,0.4707294638225728,0.5036950970345165,0.545939763270894,0.2183719685019771,13.98066899708158,4093.638741625598,0.4998644449009591,-1.4141709275090808,106.88048309937864,-0.0665755163310436
1986 7090,1986,1986,0,1984-1994,7541.14,49.99525901691649,-75.55746331828355,0.2853231285325394,0.4669280150273981,0.5036950970345165,0.545939763270894,0.2183719685019771,12.933911440450448,3201.7308836374973,0.5023790975426804,-2.4609284841402137,-785.0273748887225,-0.0640608636893223
1986 7090,1986,1987,1,1984-1994,7541.14,49.99525901691649,-75.55746331828355,0.2362794874472217,0.1777620419826127,0.5036950970345165,0.545939763270894,0.2183719685019771,14.964433894464385,3691.268889036984,0.5390155627021557,-0.4304060301262786,-295.4893694892359,-0.027424398529847
1986 7090,1986,1988,2,1984-1994,7541.14,49.99525901691649,-75.55746331828355,0.353511528847466,0.4159187939002771,0.5036950970345165,0.545939763270894,0.2183719685019771,14.837717859102977,3819.208856460308,0.5479267317770433,-0.557122065487686,-167.54940206591172,-0.0185132294549593
1986 7090,1986,1989,3,1984-1994,7541.14,49.99525901691649,-75.55746331828355,0.4185403236761725,0.6426041860144454,0.5036950970345165,0.545939763270894,0.2183719685019771,15.235195113048064,2745.459729145793,0.5889404232535576,-0.1596448115426,-1241.2985293804263,0.0225004620215547
1986 7090,1986,1990,4,1984-1994,7541.14,49.99525901691649,-75.55746331828355,0.251924200053377,0.2324565615215916,0.5036950970345165,0.545939763270894,0.2183719685019771,15.311454203926775,3143.110736042157,0.5704780714329825,-0.0833857206638882,-843.6475224840624,0.0040381102009798
1986 7090,1986,1991,5,1984-1994,7541.14,49.99525901691649,-75.55746331828355,0.3184166079542034,0.1543286753731059,0.5036950970345165,0.545939763270894,0.2183719685019771,15.706692225594775,3117.0214685596357,0.6258167595463856,0.311852301004114,-869.7367899665842,0.0593767983143829
1986 7090,1986,1992,6,1984-1994,7541.14,49.99525901691649,-75.55746331828355,0.4315598652797605,0.521472564919013,0.5036950970345165,0.545939763270894,0.2183719685019771,12.903001670593136,3694.455123488531,0.4805440303130044,-2.4918382539975306,-292.3031350376881,-0.0858959309189982
1986 7090,1986,1993,7,1984-1994,7541.14,49.99525901691649,-75.55746331828355,0.4354825358052417,0.6543562094433634,0.5036950970345165,0.545939763270894,0.2183719685019771,15.93421404770744,4068.994104164652,0.5707992568045368,0.5393741231167783,82.23584563843303,0.004359295572534
1986 7090,1986,1994,8,1984-1994,7541.14,49.99525901691649,-75.55746331828355,0.408333748939156,0.603471090213333,0.5036950970345165,0.545939763270894,0.2183719685019771,14.413891480738071,5110.144740233651,0.4692312925476844,-0.980948443852594,1123.386481707432,-0.0972086686843182
1986 7090,1986,1995,9,1984-1994,7541.14,49.99525901691649,-75.55746331828355,0.3925281446536367,0.5839364967309122,0.5036950970345165,0.545939763270894,0.2183719685019771,16.531257655172993,3229.894604605426,0.6810227832990015,1.1364177305823322,-756.8636539207932,0.1145828220669987
1986 7090,1986,1996,10,1984-1994,7541.14,49.99525901691649,-75.55746331828355,0.3495695626464644,0.4901938602684676,0.5036950970345165,0.545939763270894,0.2183719685019771,15.617052430916958,4645.783649888724,0.5924522319750055,0.2222125063262937,659.0253913625041,0.0260122707430026
1986 7090,1986,1997,11,1984-1994,7541.14,49.99525901691649,-75.55746331828355,0.2792454543227434,0.3612930867219689,0.5036950970345165,0.545939763270894,0.2183719685019771,14.767963387470356,3297.2154500656025,0.5419594231390331,-0.6268765371203078,-689.5428084606173,-0.0244805380929696
1986 7090,1986,1998,12,1984-1994,7541.14,49.99525901691649,-75.55746331828355,0.3261574512601486,0.2753114785340989,0.5036950970345165,0.545939763270894,0.2183719685019771,15.594334163832931,3725.556289036087,0.5552797946664221,0.1994942392422697,-261.20196949013246,-0.0111601665655805
1986 7090,1986,1999,13,1984-1994,7541.14,49.99525901691649,-75.55746331828355,0.4393982469606501,0.5643867523116975,0.5036950970345165,0.545939763270894,0.2183719685019771,15.932772465157226,5006.249150384533,0.575111069431206,0.5379325405665658,1019.4908918583131,0.0086711081992033
1986 7090,1986,2000,14,1984-1994,7541.14,49.99525901691649,-75.55746331828355,0.2909319061521289,0.2459608328536694,0.5036950970345165,0.545939763270894,0.2183719685019771,13.965817405095155,3332.005213142566,0.4946708864352678,-1.4290225194955049,-654.753045383654,-0.0717690747967348
1986 7090,1986,2001,15,1984-1994,7541.14,49.99525901691649,-75.55746331828355,0.3945340901441038,0.3947171024317175,0.5036950970345165,0.545939763270894,0.2183719685019771,15.82119765752571,3424.922183608235,0.5753299515692053,0.4263577329350483,-561.836074917984,0.0088899903372025
1986 7090,1986,2002,16,1984-1994,7541.14,49.99525901691649,-75.55746331828355,0.4082125872098342,0.3691761180584239,0.5036950970345165,0.545939763270894,0.2183719685019771,15.28763481554136,3252.4479689655604,0.6119711938261237,-0.107205109049303,-734.3102895606595,0.045531232594121
1986 7090,1986,2003,17,1984-1994,7541.14,49.99525901691649,-75.55746331828355,0.4237692038449604,0.5430862263934423,0.5036950970345165,0.545939763270894,0.2183719685019771,15.15489226997926,4296.006102554473,0.5565339621338361,-0.2399476546114047,309.2478440282529,-0.0099059990981666
1986 7090,1986,2004,18,1984-1994,7541.14,49.99525901691649,-75.55746331828355,0.3925032123561117,0.2089328068220559,0.5036950970345165,0.545939763270894,0.2183719685019771,13.80694699928666,4911.933075634795,0.4620285544559212,-1.5878929253040048,925.174817108576,-0.1044114067760814
1986 7090,1986,2005,19,1984-1994,7541.14,49.99525901691649,-75.55746331828355,0.4940785134502461,0.5839720190538171,0.5036950970345165,0.545939763270894,0.2183719685019771,17.204591211004644,3475.5679597106828,0.7265136261242232,1.80975128641398,-511.19029881553666,0.1600736648922205
1986 7090,1986,2006,20,1984-1994,7541.14,49.99525901691649,-75.55746331828355,0.4706922743710939,0.6113161699690531,0.5036950970345165,0.545939763270894,0.2183719685019771,15.856477675455638,2888.4401546246054,0.6529227414180725,0.4616377508649752,-1098.3181039016142,0.0864827801860698
1986 7093,1986,1984,-2,1984-1994,2519.99,49.641705056548695,-76.18437056091436,0.5639921375882065,0.6746624736976624,0.4626603552347462,0.4261620437473633,0.2089507650102729,15.581741014107804,3731.220116108036,0.4838987449080497,-0.3229048461107273,-212.16423669962765,-0.1029577436825511
1986 7093,1986,1985,-1,1984-1994,2519.99,49.641705056548695,-76.18437056091436,0.3613285728812859,0.1776616137970641,0.4626603552347462,0.4261620437473633,0.2089507650102729,14.393310788300685,4285.594337241192,0.4988153160646296,-1.5113350719178484,342.2099844335285,-0.0880411725259713
1986 7093,1986,1986,0,1984-1994,2519.99,49.641705056548695,-76.18437056091436,0.2537095902244733,0.3533203889901163,0.4626603552347462,0.4261620437473633,0.2089507650102729,13.51686551672688,3543.977659442633,0.5245584896951945,-2.3877803434916505,-399.40669336503055,-0.0622979988954064
1986 7093,1986,1987,1,1984-1994,2519.99,49.641705056548695,-76.18437056091436,0.2802923294232052,0.0332527447487682,0.4626603552347462,0.4261620437473633,0.2089507650102729,15.549493567709192,3619.8949663223384,0.5582618616176938,-0.3551522925093417,-323.48938648532567,-0.0285946269729071
1986 7093,1986,1988,2,1984-1994,2519.99,49.641705056548695,-76.18437056091436,0.1916543612276542,0.4356298600353014,0.4626603552347462,0.4261620437473633,0.2089507650102729,15.175320492059752,4490.878894440009,0.5395854780019602,-0.7293253681587805,547.4945416323463,-0.0472710105886406
1986 7093,1986,1989,3,1984-1994,2519.99,49.641705056548695,-76.18437056091436,0.2792990662688681,0.6034826423559522,0.4626603552347462,0.4261620437473633,0.2089507650102729,15.607048455211109,2945.3891567992746,0.5944402325942341,-0.2975974050074244,-997.9951960083888,0.0075837440036331
1986 7093,1986,1990,4,1984-1994,2519.99,49.641705056548695,-76.18437056091436,0.404321969638258,0.1286584861044473,0.4626603552347462,0.4261620437473633,0.2089507650102729,15.802936675844624,3228.339739303804,0.5734250046477407,-0.1017091843739093,-715.0446135038599,-0.0134314839428602
1986 7093,1986,1991,5,1984-1994,2519.99,49.641705056548695,-76.18437056091436,0.4083385862006105,0.3144011553103307,0.4626603552347462,0.4261620437473633,0.2089507650102729,16.303587027563584,2951.446204832908,0.6555456271461693,0.3989411673450518,-991.9381479747556,0.0686891385555683
1986 7093,1986,1992,6,1984-1994,2519.99,49.641705056548695,-76.18437056091436,0.3457557009668019,0.5840928444125001,0.4626603552347462,0.4261620437473633,0.2089507650102729,13.484132941844113,3667.79509171954,0.5198411486348068,-2.42051291837442,-275.589261088123,-0.0670153399557941
1986 7093,1986,1993,7,1984-1994,2519.99,49.641705056548695,-76.18437056091436,0.4082865680897754,0.6309631850527145,0.4626603552347462,0.4261620437473633,0.2089507650102729,16.258674340784193,3861.140034309807,0.5679491049987221,0.3540284805656581,-82.24431849785677,-0.0189073835918788
1986 7093,1986,1994,8,1984-1994,2519.99,49.641705056548695,-76.18437056091436,0.4393908061410367,0.6347557456537655,0.4626603552347462,0.4261620437473633,0.2089507650102729,14.919777208732455,4692.385863247839,0.4683226768398846,-0.9848686514860768,749.0015104401751,-0.1185338117507161
1986 7093,1986,1995,9,1984-1994,2519.99,49.641705056548695,-76.18437056091436,0.3972348830640392,0.6581071227068949,0.4626603552347462,0.4261620437473633,0.2089507650102729,17.128059399085952,3357.5741630791995,0.7282504270182598,1.2234135388674203,-585.8101897284646,0.1413939384276589
1986 7093,1986,1996,10,1984-1994,2519.99,49.641705056548695,-76.18437056091436,0.2792559606303516,0.1601005997015385,0.4626603552347462,0.4261620437473633,0.2089507650102729,16.111454256851932,4807.405124252291,0.595164418990298,0.2068083966334007,864.0207714446263,0.0083079303996971
1986 7093,1986,1997,11,1984-1994,2519.99,49.641705056548695,-76.18437056091436,0.2792572395015907,0.0976563159907099,0.4626603552347462,0.4261620437473633,0.2089507650102729,15.32648404973472,3583.9800693832317,0.5529261523586756,-0.578161810483813,-359.40428342443147,-0.0339303362319253
1986 7093,1986,1998,12,1984-1994,2519.99,49.641705056548695,-76.18437056091436,0.20497935301893,0.1444404150249065,0.4626603552347462,0.4261620437473633,0.2089507650102729,16.08575088364261,3300.308499996287,0.5808971354761551,0.1811050234240782,-643.0758528113764,-0.0059593531144457
1986 7093,1986,1999,13,1984-1994,2519.99,49.641705056548695,-76.18437056091436,0.4197217985334594,0.3554855040290388,0.4626603552347462,0.4261620437473633,0.2089507650102729,16.420736812602037,4994.398780766844,0.5848298386732361,0.516090952383508,1051.0144279591805,-0.0020266499173647
1986 7093,1986,2000,14,1984-1994,2519.99,49.641705056548695,-76.18437056091436,0.416034568703897,0.6368184741812789,0.4626603552347462,0.4261620437473633,0.2089507650102729,14.380466518446944,3072.017559646039,0.49743972817641,-1.5241793417715883,-871.3667931616245,-0.0894167604141908
1986 7093,1986,2001,15,1984-1994,2519.99,49.641705056548695,-76.18437056091436,0.5215340707047886,0.6933637789496038,0.4626603552347462,0.4261620437473633,0.2089507650102729,16.296495309979893,3322.2897487580394,0.6108713374722877,0.3918494497613619,-621.0946040496243,0.0240148488816867
1986 7093,1986,2002,16,1984-1994,2519.99,49.641705056548695,-76.18437056091436,0.5605296525797554,0.7050131170929707,0.4626603552347462,0.4261620437473633,0.2089507650102729,15.883573458440356,3070.039482377214,0.6406178256742366,-0.0210724017781743,-873.34487043045,0.0537613370836357
1986 7093,1986,2003,17,1984-1994,2519.99,49.641705056548695,-76.18437056091436,0.2988532665723442,0.3261642512079921,0.4626603552347462,0.4261620437473633,0.2089507650102729,15.614392549086682,4424.551619699675,0.5653860018337651,-0.2902533111318487,481.1672668920109,-0.0214704867568358
1986 7093,1986,2004,18,1984-1994,2519.99,49.641705056548695,-76.18437056091436,0.3936101751434891,0.1932985130569995,0.4626603552347462,0.4261620437473633,0.2089507650102729,14.312334618491862,5065.931723028054,0.4721756764139226,-1.5923112417266676,1122.54737022039,-0.1146808121766782
1986 7093,1986,2005,19,1984-1994,2519.99,49.641705056548695,-76.18437056091436,0.5682644616444807,0.7207845931856913,0.4626603552347462,0.4261620437473633,0.2089507650102729,17.960568752766967,2833.6264690251223,0.7880136781287684,2.055922892548433,-1109.7578837825415,0.2011571895381675
1986 7093,1986,2006,20,1984-1994,2519.99,49.641705056548695,-76.18437056091436,0.435537039421552,0.4960856434713632,0.4626603552347462,0.4261620437473633,0.2089507650102729,16.26640875771896,3225.920993315554,0.6591305739921565,0.3617628975004242,-717.4633594921097,0.0722740854015555
1986 7099,1986,1984,-2,1984-1994,7691.59,49.7310079271986,-75.45517809221113,0.5511938011664838,0.6307827938595859,0.5695515264157667,0.6259899293968683,0.3235676480501163,15.458283788468526,3883.873726224685,0.4900232793475648,-0.3041437578038861,-179.8703666747024,-0.0950903301122439
1986 7099,1986,1985,-1,1984-1994,7691.59,49.7310079271986,-75.45517809221113,0.5879092516650496,0.6211970649341506,0.5695515264157667,0.6259899293968683,0.3235676480501163,14.269549960936034,4446.572588145406,0.5039623263702937,-1.492877585336379,382.8284952460189,-0.081151283089515
1986 7099,1986,1986,0,1984-1994,7691.59,49.7310079271986,-75.45517809221113,0.2459838783656504,0.4784908879149107,0.5695515264157667,0.6259899293968683,0.3235676480501163,13.31444878710738,3423.685909358245,0.5174519159582751,-2.447978759165036,-640.0581835411427,-0.0676616935015337
1986 7099,1986,1987,1,1984-1994,7691.59,49.7310079271986,-75.45517809221113,0.3379338075765448,0.2207319877936115,0.5695515264157667,0.6259899293968683,0.3235676480501163,15.346261825751874,3807.5077650690646,0.5527480539566058,-0.4161657205205374,-256.23632783032303,-0.032365555503203
1986 7099,1986,1988,2,1984-1994,7691.59,49.7310079271986,-75.45517809221113,0.2693489578848102,0.5136876224722943,0.5695515264157667,0.6259899293968683,0.3235676480501163,15.16089613946894,4174.306929786503,0.5544309362562089,-0.6015314068034721,110.56283688711488,-0.0306826732035998
1986 7099,1986,1989,3,1984-1994,7691.59,49.7310079271986,-75.45517809221113,0.4101548693386846,0.6504078381064727,0.5695515264157667,0.6259899293968683,0.3235676480501163,15.568591305557606,3083.939009583066,0.6096498410548514,-0.1938362407148075,-979.805083316322,0.0245362315950426
1986 7099,1986,1990,4,1984-1994,7691.59,49.7310079271986,-75.45517809221113,0.3477155452951455,0.5351002706652125,0.5695515264157667,0.6259899293968683,0.3235676480501163,15.713281906514949,3373.129789465742,0.5844546834857397,-0.0491456397574631,-690.6143034336465,-0.0006589259740692
1986 7099,1986,1991,5,1984-1994,7691.59,49.7310079271986,-75.45517809221113,0.416023612307947,0.04095868737374,0.5695515264157667,0.6259899293968683,0.3235676480501163,16.07194221246893,3170.6285980948187,0.6414346993764513,0.3095146661965172,-893.1154948045692,0.0563210899166423
1986 7099,1986,1992,6,1984-1994,7691.59,49.7310079271986,-75.45517809221113,0.4278149392796492,0.5682490167068521,0.5695515264157667,0.6259899293968683,0.3235676480501163,13.297029132349088,3861.6468485332166,0.4980822036039836,-2.465398413923327,-202.0972443661712,-0.0870314058558251
1986 7099,1986,1993,7,1984-1994,7691.59,49.7310079271986,-75.45517809221113,0.4179569455517654,0.6386680763199865,0.5695515264157667,0.6259899293968683,0.3235676480501163,16.252237674294438,3917.5687647676104,0.5813232646940945,0.4898101280220234,-146.17532813177732,-0.0037903447657143
1986 7099,1986,1994,8,1984-1994,7691.59,49.7310079271986,-75.45517809221113,0.4023703481988899,0.5800842501413699,0.5695515264157667,0.6259899293968683,0.3235676480501163,14.784752086925806,5028.053936474666,0.4746341710890125,-0.9776754593466056,964.3098435752784,-0.1104794383707962
1986 7099,1986,1995,9,1984-1994,7691.59,49.7310079271986,-75.45517809221113,0.3730868538588255,0.4785348411162209,0.5695515264157667,0.6259899293968683,0.3235676480501163,16.986402477926962,3208.746149385368,0.7218765513561919,1.2239749316545512,-854.9979435140195,0.1367629418963828
1986 7099,1986,1996,10,1984-1994,7691.59,49.7310079271986,-75.45517809221113,0.3809219439618279,0.3397498893584589,0.5695515264157667,0.6259899293968683,0.3235676480501163,15.998408286615147,4830.613822329461,0.609370897894575,0.2359807403427333,766.8697294300736,0.024257288434766
1986 7099,1986,1997,11,1984-1994,7691.59,49.7310079271986,-75.45517809221113,0.4415056868741088,0.6288673532960332,0.5695515264157667,0.6259899293968683,0.3235676480501163,15.138402708615065,3498.715503664343,0.5579782965687611,-0.6240248376573484,-565.0285892350448,-0.0271353128910478
1986 7099,1986,1998,12,1984-1994,7691.59,49.7310079271986,-75.45517809221113,0.3164626340278786,0.0817137232287475,0.5695515264157667,0.6259899293968683,0.3235676480501163,15.873723271601756,3434.0551358789407,0.5724322953285546,0.1112957253293437,-629.6889570204474,-0.0126813141312542
1986 7099,1986,1999,13,1984-1994,7691.59,49.7310079271986,-75.45517809221113,0.4824351047949627,0.5683362703158743,0.5695515264157667,0.6259899293968683,0.3235676480501163,16.297984436453895,5357.342076515046,0.5918142384050142,0.535556890181482,1293.5979836156575,0.0067006289452052
1986 7099,1986,2000,14,1984-1994,7691.59,49.7310079271986,-75.45517809221113,0.240212876517963,0.1679042590908409,0.5695515264157667,0.6259899293968683,0.3235676480501163,14.326895941269614,3435.97994895568,0.5048931466559223,-1.4355316050027995,-627.7641439437083,-0.0802204628038865
1986 7099,1986,2001,15,1984-1994,7691.59,49.7310079271986,-75.45517809221113,0.2949109651025507,0.0819445879539695,0.5695515264157667,0.6259899293968683,0.3235676480501163,16.164516977789194,3672.532734249743,0.5960701164611636,0.4020894315167828,-391.2113586496441,0.0109565070013547
1986 7099,1986,2002,16,1984-1994,7691.59,49.7310079271986,-75.45517809221113,0.474589282234501,0.5996276468078319,0.5695515264157667,0.6259899293968683,0.3235676480501163,15.68736066666432,3446.9492102967793,0.6382739756233503,-0.0750668796080917,-616.7948826026083,0.0531603661635415
1986 7099,1986,2003,17,1984-1994,7691.59,49.7310079271986,-75.45517809221113,0.4238447377394968,0.5430969487833434,0.5695515264157667,0.6259899293968683,0.3235676480501163,15.520510561683176,4477.654374691267,0.5685063292538028,-0.2419169845892353,413.9102817918793,-0.016607280206006
1986 7099,1986,2004,18,1984-1994,7691.59,49.7310079271986,-75.45517809221113,0.4121086017391736,0.2675617927524281,0.5695515264157667,0.6259899293968683,0.3235676480501163,14.176329583253937,5005.9824905247115,0.4739703757873026,-1.586097963018477,942.2383976253232,-0.1111432336725062
1986 7099,1986,2005,19,1984-1994,7691.59,49.7310079271986,-75.45517809221113,0.5214839382308255,0.6699635294294891,0.5695515264157667,0.6259899293968683,0.3235676480501163,17.65422830830906,3135.361321449058,0.7641829681239671,1.8918007620366477,-928.38277145033,0.1790693586641583
1986 7099,1986,2006,20,1984-1994,7691.59,49.7310079271986,-75.45517809221113,0.5058680539650144,0.6542816477087136,0.5695515264157667,0.6259899293968683,0.3235676480501163,16.23193407509611,2859.9918263340032,0.6700107644575263,0.4695065288236996,-1203.7522665653846,0.0848971549977174
1986 7100,1986,1984,-2,1984-1994,256.59,49.69175151724237,-75.82901778895389,0.4835764840088971,0.6278981491362469,0.407421056444895,0.4775377945161072,-0.0556185242717464,15.592289218349777,3888.5798432629495,0.4889465766987978,-0.3179983415465219,-184.6381194810533,-0.1005203544854108
1986 7100,1986,1985,-1,1984-1994,256.59,49.69175151724237,-75.82901778895389,0.3312656288808929,0.3271774398959676,0.407421056444895,0.4775377945161072,-0.0556185242717464,14.395136320418205,4541.82518862482,0.5014380259414377,-1.5151512394780955,468.6072258808172,-0.0880289052427709
1986 7100,1986,1986,0,1984-1994,256.59,49.69175151724237,-75.82901778895389,0.4630395807166415,0.6271201799664908,0.407421056444895,0.4775377945161072,-0.0556185242717464,13.497224460822965,3672.5355950514354,0.5228561168428023,-2.4130630990733355,-400.68236769256737,-0.0666108143414063
1986 7100,1986,1987,1,1984-1994,256.59,49.69175151724237,-75.82901778895389,0.1815645002672002,0.3415908470039947,0.407421056444895,0.4775377945161072,-0.0556185242717464,15.527533343218408,3607.617507427239,0.5567503151264103,-0.3827542166778901,-465.6004553167636,-0.0327166160577984
1986 7100,1986,1988,2,1984-1994,256.59,49.69175151724237,-75.82901778895389,0.2443471697256981,0.4392348823630846,0.407421056444895,0.4775377945161072,-0.0556185242717464,15.213853972891116,4447.8641401505,0.5434808699513708,-0.696433587005183,374.6461774064974,-0.0459860612328378
1986 7100,1986,1989,3,1984-1994,256.59,49.69175151724237,-75.82901778895389,0.4202515573860918,0.6667443215073267,0.407421056444895,0.4775377945161072,-0.0556185242717464,15.658882962102496,3025.2220436483767,0.6038908311687384,-0.2514045977938028,-1047.995919095626,0.0144238999845297
1986 7100,1986,1990,4,1984-1994,256.59,49.69175151724237,-75.82901778895389,0.396410773001531,0.5255024992154205,0.407421056444895,0.4775377945161072,-0.0556185242717464,15.840851796191714,3252.417426087032,0.5812309509303746,-0.0694357637045843,-820.800536656971,-0.008235980253834
1986 7100,1986,1991,5,1984-1994,256.59,49.69175151724237,-75.82901778895389,0.3994883601759067,0.0346358895048013,0.407421056444895,0.4775377945161072,-0.0556185242717464,16.268450238048217,3114.042428457079,0.6512919329481512,0.3581626781519187,-959.1755342869236,0.0618250017639425
1986 7100,1986,1992,6,1984-1994,256.59,49.69175151724237,-75.82901778895389,0.4163954811873896,0.5690534755181325,0.407421056444895,0.4775377945161072,-0.0556185242717464,13.484422219317937,3764.23856042436,0.51377787412408,-2.4258653405783637,-308.97940231964276,-0.0756890570601286
1986 7100,1986,1993,7,1984-1994,256.59,49.69175151724237,-75.82901778895389,0.4316800575419842,0.6533597343754881,0.407421056444895,0.4775377945161072,-0.0556185242717464,16.3178035888119,3856.5290397811295,0.5765586789272706,0.4075160289155999,-216.6889229628732,-0.012908252256938
1986 7100,1986,1994,8,1984-1994,256.59,49.69175151724237,-75.82901778895389,0.4471381499336286,0.6150240079756623,0.407421056444895,0.4775377945161072,-0.0556185242717464,14.934712532983326,4930.218848814516,0.4730387790305302,-0.9755750269129724,857.0008860705129,-0.1164281521536784
1986 7100,1986,1995,9,1984-1994,256.59,49.69175151724237,-75.82901778895389,0.471028460409848,0.6617150960693327,0.407421056444895,0.4775377945161072,-0.0556185242717464,17.147231466873848,3403.3901755611814,0.7330706159187089,1.2369439069775492,-669.8277871828213,0.1436036847345002
1986 7100,1986,1996,10,1984-1994,256.59,49.69175151724237,-75.82901778895389,0.4471034699407432,0.5766048788825586,0.407421056444895,0.4775377945161072,-0.0556185242717464,16.135027932429693,4920.940047542771,0.6047736155265035,0.2247403725333949,847.7220847987683,0.0153066843422948
1986 7100,1986,1997,11,1984-1994,256.59,49.69175151724237,-75.82901778895389,0.4905223406534928,0.6112855315734169,0.407421056444895,0.4775377945161072,-0.0556185242717464,15.3234045595363,3570.1572935205236,0.5588851329248324,-0.5868830003599985,-503.0606692234792,-0.0305817982593762
1986 7100,1986,1998,12,1984-1994,256.59,49.69175151724237,-75.82901778895389,0.3648540343978719,0.1288040336612179,0.407421056444895,0.4775377945161072,-0.0556185242717464,16.04908300344499,3407.9099180303347,0.5767569699876016,0.1387954435486929,-665.3080447136681,-0.012709961196607
1986 7100,1986,1999,13,1984-1994,256.59,49.69175151724237,-75.82901778895389,0.5577166780028645,0.7014041672942195,0.407421056444895,0.4775377945161072,-0.0556185242717464,16.427997055606568,5387.889727618514,0.5894818600596492,0.5177094957102693,1314.6717648745116,1.4928875440523017e-05
1986 7100,1986,2000,14,1984-1994,256.59,49.69175151724237,-75.82901778895389,0.2940453085614987,0.1540915326159841,0.407421056444895,0.4775377945161072,-0.0556185242717464,14.415140081488572,3234.4590536145433,0.5027700612811827,-1.4951474784077252,-838.7589091294594,-0.0866968699030259
1986 7100,1986,2001,15,1984-1994,256.59,49.69175151724237,-75.82901778895389,0.3856550571575481,0.2403549241542532,0.407421056444895,0.4775377945161072,-0.0556185242717464,16.307603254180037,3459.647076115175,0.6089347677749257,0.3973156942837388,-613.5708866288278,0.019467836590717
1986 7100,1986,2002,16,1984-1994,256.59,49.69175151724237,-75.82901778895389,0.5490068618096173,0.7050322105325021,0.407421056444895,0.4775377945161072,-0.0556185242717464,15.86416518722757,3346.9991117038694,0.6407908139179571,-0.0461223726687283,-726.2188510401334,0.0513238827337484
1986 7100,1986,2003,17,1984-1994,256.59,49.69175151724237,-75.82901778895389,0.5018757552340828,0.6620647957788718,0.407421056444895,0.4775377945161072,-0.0556185242717464,15.641070841360827,4445.910753233808,0.5704016782882426,-0.2692167185354694,372.6927904898048,-0.019065252895966
1986 7100,1986,2004,18,1984-1994,256.59,49.69175151724237,-75.82901778895389,0.4990925425158579,0.4707158879598156,0.407421056444895,0.4775377945161072,-0.0556185242717464,14.317409334320985,5193.826819118449,0.4748155245219099,-1.5928782255753138,1120.608856374446,-0.1146514066622987
1986 7100,1986,2005,19,1984-1994,256.59,49.69175151724237,-75.82901778895389,0.5360408083286956,0.5644563205028922,0.407421056444895,0.4775377945161072,-0.0556185242717464,17.90667511622115,3015.8018525758157,0.7830466314958311,1.9963875563248532,-1057.416110168187,0.1935797003116224
1986 7100,1986,2006,20,1984-1994,256.59,49.69175151724237,-75.82901778895389,0.5487692450775513,0.7090264545237053,0.407421056444895,0.4775377945161072,-0.0556185242717464,16.31380811497786,3085.49594331366,0.667737838177458,0.4035205550815615,-987.7220194303428,0.0782709069932493
1986 7101,1986,1984,-2,1984-1994,57626.02,50.040655213097885,-75.77386716299387,0.5332559587961282,0.6367755269428691,0.4687991133325158,0.4180062755114072,0.3554423918396616,15.124367448930869,3772.007052123904,0.4800774296739846,-0.3169407715646833,-227.95191527850696,-0.0974889024918903
1986 7101,1986,1985,-1,1984-1994,57626.02,50.040655213097885,-75.77386716299387,0.4043422678689035,0.1992370240799453,0.4687991133325158,0.4180062755114072,0.3554423918396616,14.012468915501945,4047.695276786135,0.5055221617710254,-1.428839304993606,47.73630938372402,-0.0720441703948497
1986 7101,1986,1986,0,1984-1994,57626.02,50.040655213097885,-75.77386716299387,0.1133567214928542,0.339817035073719,0.4687991133325158,0.4180062755114072,0.3554423918396616,12.962895674360263,3214.590439860977,0.5117885539958584,-2.478412546135286,-785.3685275414343,-0.0657777781700165
1986 7101,1986,1987,1,1984-1994,57626.02,50.040655213097885,-75.77386716299387,0.293024692678357,0.066196137051747,0.4687991133325158,0.4180062755114072,0.3554423918396616,15.010414897256984,3626.3623176622286,0.5510110904382066,-0.4308933232385685,-373.59664974018233,-0.0265552417276684
1986 7101,1986,1988,2,1984-1994,57626.02,50.040655213097885,-75.77386716299387,0.2695483693252257,0.535122407791313,0.4687991133325158,0.4180062755114072,0.3554423918396616,14.840641208294564,3854.70316537531,0.5539379100477815,-0.6006670122009875,-145.25580202710054,-0.0236284221180934
1986 7101,1986,1989,3,1984-1994,57626.02,50.040655213097885,-75.77386716299387,0.3709815745849789,0.6347602771344564,0.4687991133325158,0.4180062755114072,0.3554423918396616,15.26949685268851,2738.4387374463467,0.5991619146885954,-0.1718113678070408,-1261.5202299560635,0.0215955825227204
1986 7101,1986,1990,4,1984-1994,57626.02,50.040655213097885,-75.77386716299387,0.2460618884873101,0.1836004617768988,0.4687991133325158,0.4180062755114072,0.3554423918396616,15.327159823746738,3159.510812548472,0.5799514485210643,-0.1141483967488145,-840.4481548539383,0.0023851163551892
1986 7101,1986,1991,5,1984-1994,57626.02,50.040655213097885,-75.77386716299387,0.2538740998100262,0.1367106154670214,0.4687991133325158,0.4180062755114072,0.3554423918396616,15.752960295174953,3209.639728499891,0.6380224053387533,0.3116520746794009,-790.3192389025198,0.0604560731728781
1986 7101,1986,1992,6,1984-1994,57626.02,50.040655213097885,-75.77386716299387,0.3768511467298533,0.5488547188289887,0.4687991133325158,0.4180062755114072,0.3554423918396616,12.95417982959825,3523.538552478162,0.4958985760522562,-2.4871283908973,-476.4204149242493,-0.0816677561136188
1986 7101,1986,1993,7,1984-1994,57626.02,50.040655213097885,-75.77386716299387,0.4179786750758235,0.6523964313867295,0.4687991133325158,0.4180062755114072,0.3554423918396616,15.959278611511396,4187.755005554858,0.5806923706062244,0.5179703910158454,187.79603815244693,0.0031260384403494
1986 7101,1986,1994,8,1984-1994,57626.02,50.040655213097885,-75.77386716299387,0.3944586669012586,0.6054984732132458,0.4687991133325158,0.4180062755114072,0.3554423918396616,14.436999164146444,5394.436470566371,0.4755015613273977,-1.0043090563491075,1394.47750316396,-0.1020647708384772
1986 7101,1986,1995,9,1984-1994,57626.02,50.040655213097885,-75.77386716299387,0.3867088947702569,0.5976889188976011,0.4687991133325158,0.4180062755114072,0.3554423918396616,16.56363270408556,3352.815953704161,0.692789061939015,1.1223244835900072,-647.1430136982501,0.1152227297731399
1986 7101,1986,1996,10,1984-1994,57626.02,50.040655213097885,-75.77386716299387,0.2246138634123963,0.1132173276677587,0.4687991133325158,0.4180062755114072,0.3554423918396616,15.682370775326367,4687.286559157052,0.6037746049445435,0.2410625548308163,687.3275917546406,0.0262082727786684
1986 7101,1986,1997,11,1984-1994,57626.02,50.040655213097885,-75.77386716299387,0.3945433664724559,0.0274488458272718,0.4687991133325158,0.4180062755114072,0.3554423918396616,14.876553760800196,3280.372262078743,0.5576729431984114,-0.5647544596953553,-719.5867053236678,-0.0198933889674635
1986 7101,1986,1998,12,1984-1994,57626.02,50.040655213097885,-75.77386716299387,0.4746127103850656,0.628886778172639,0.4687991133325158,0.4180062755114072,0.3554423918396616,15.666977549178192,3890.006486652128,0.5665293253205474,0.2256693286826401,-109.952480750283,-0.0110370068453275
1986 7101,1986,1999,13,1984-1994,57626.02,50.040655213097885,-75.77386716299387,0.4238618367839575,0.4726372056234803,0.4687991133325158,0.4180062755114072,0.3554423918396616,15.94574534052894,5007.126494143565,0.579418922754493,0.5044371200333859,1007.1675267411546,0.001852590588618
1986 7101,1986,2000,14,1984-1994,57626.02,50.040655213097885,-75.77386716299387,0.3535156241633523,0.5039338325003703,0.4687991133325158,0.4180062755114072,0.3554423918396616,13.976763685041812,3250.23459568417,0.502154144836157,-1.4645445354537396,-749.7243717182405,-0.075412187329718
1986 7101,1986,2001,15,1984-1994,57626.02,50.040655213097885,-75.77386716299387,0.4667916967386468,0.5527283549490031,0.4687991133325158,0.4180062755114072,0.3554423918396616,15.877570063234437,3291.220518382108,0.5902198885609105,0.4362618427388849,-708.738449020303,0.0126535563950354
1986 7101,1986,2002,16,1984-1994,57626.02,50.040655213097885,-75.77386716299387,0.4511963154347988,0.5840076071992955,0.4687991133325158,0.4180062755114072,0.3554423918396616,15.35488451244404,3130.8978623809844,0.6227899102992229,-0.0864237080515095,-869.0611050214262,0.0452235781333478
1986 7101,1986,2003,17,1984-1994,57626.02,50.040655213097885,-75.77386716299387,0.3730335096872311,0.3867031500138536,0.4687991133325158,0.4180062755114072,0.3554423918396616,15.178296205944717,4149.365448569769,0.5679924029379435,-0.2630120145508366,149.40648116735812,-0.0095739292279316
1986 7101,1986,2004,18,1984-1994,57626.02,50.040655213097885,-75.77386716299387,0.416018565985796,0.1835931451260446,0.4687991133325158,0.4180062755114072,0.3554423918396616,13.870048962813534,4840.859784565364,0.4711490845686558,-1.571259257682018,840.9008171629529,-0.1064172475972191
1986 7101,1986,2005,19,1984-1994,57626.02,50.040655213097885,-75.77386716299387,0.5253604732364583,0.6425914258681095,0.4687991133325158,0.4180062755114072,0.3554423918396616,17.28212974084472,3535.6975367623663,0.746067089075936,1.840821520349168,-464.2614306400448,0.1685007569100609
1986 7101,1986,2006,20,1984-1994,57626.02,50.040655213097885,-75.77386716299387,0.4901968342975314,0.636793288322867,0.4687991133325158,0.4180062755114072,0.3554423918396616,15.868081406834644,2971.8250077162616,0.6644060191760537,0.4267731863390917,-1028.13395968615,0.0868396870101786
1986 7106,1986,1984,-2,1984-1994,38099.2,50.13702619425429,-76.0781240474334,0.5604574366270136,0.6680363540137185,0.5194858605601358,0.3789033523136395,0.4296181081983609,15.020030297521464,3723.846840737785,0.4824204213668678,-0.3250740201135814,-300.5675983090201,-0.1015251990029543
1986 7106,1986,1985,-1,1984-1994,38099.2,50.13702619425429,-76.0781240474334,0.478514284493258,0.0897703506135604,0.5194858605601358,0.3789033523136395,0.4296181081983609,13.894520920254427,4104.74136493955,0.5066918234332826,-1.450583397380617,80.32692589274504,-0.0772537969365396
1986 7106,1986,1986,0,1984-1994,38099.2,50.13702619425429,-76.0781240474334,0.0898677523617748,0.2770992184467387,0.5194858605601358,0.3789033523136395,0.4296181081983609,12.831987391175488,3253.8468336923142,0.5142178404180386,-2.513116926459558,-770.5676053544911,-0.0697277799517835
1986 7106,1986,1987,1,1984-1994,38099.2,50.13702619425429,-76.0781240474334,0.3769676963931778,0.0512879381296714,0.5194858605601358,0.3789033523136395,0.4296181081983609,14.932963061002289,3554.640433378152,0.5639884832997161,-0.4121412566327552,-469.7740056686537,-0.0199571370701061
1986 7106,1986,1988,2,1984-1994,38099.2,50.13702619425429,-76.0781240474334,0.3242836912156477,0.6211244450746921,0.5194858605601358,0.3789033523136395,0.4296181081983609,14.721550587598076,3830.825931945753,0.559071595148399,-0.6235537300369711,-193.5885071010534,-0.0248740252214232
1986 7106,1986,1989,3,1984-1994,38099.2,50.13702619425429,-76.0781240474334,0.4022585708008589,0.5801221694803692,0.5194858605601358,0.3789033523136395,0.4296181081983609,15.137928661655248,2772.3330035106674,0.5988637996379226,-0.2071756559797991,-1252.0814355361388,0.0149181792681004
1986 7106,1986,1990,4,1984-1994,38099.2,50.13702619425429,-76.0781240474334,0.2988351819487087,0.0819376003016397,0.5194858605601358,0.3789033523136395,0.4296181081983609,15.184363712343163,3218.2496806427757,0.5856854724787112,-0.160740605291879,-806.1647584040301,0.0017398521088888
1986 7106,1986,1991,5,1984-1994,38099.2,50.13702619425429,-76.0781240474334,0.3691408530502225,0.410183739894999,0.5194858605601358,0.3789033523136395,0.4296181081983609,15.657103243562828,3205.6630038887324,0.6460728366841828,0.3119989259277825,-818.751435158073,0.0621272163143604
1986 7106,1986,1992,6,1984-1994,38099.2,50.13702619425429,-76.0781240474334,0.3786572249341556,0.5762086878810776,0.5194858605601358,0.3789033523136395,0.4296181081983609,12.862263303285609,3479.7514895897625,0.5071291030172691,-2.482841014349439,-544.6629494570427,-0.0768165173525531
1986 7106,1986,1993,7,1984-1994,38099.2,50.13702619425429,-76.0781240474334,0.4257798656365638,0.6367738907858234,0.5194858605601358,0.3789033523136395,0.4296181081983609,15.839158958335869,4440.111787178529,0.5865040116907873,0.4940546407008188,415.697348131724,0.0025583913209649
1986 7106,1986,1994,8,1984-1994,38099.2,50.13702619425429,-76.0781240474334,0.4726671189080975,0.6602256918480269,0.5194858605601358,0.3789033523136395,0.4296181081983609,14.319309405684232,5565.961424753301,0.4800198378766092,-1.0257949119508116,1541.546985706496,-0.1039257824932131
1986 7106,1986,1995,9,1984-1994,38099.2,50.13702619425429,-76.0781240474334,0.316379479722519,0.5117466769096123,0.5194858605601358,0.3789033523136395,0.4296181081983609,16.46423901649122,3414.0200622867005,0.70077148108274,1.119134698856176,-610.3943767601048,0.1168258607129179
1986 7106,1986,1996,10,1984-1994,38099.2,50.13702619425429,-76.0781240474334,0.3026366325990005,0.1210296324892884,0.5194858605601358,0.3789033523136395,0.4296181081983609,15.588744614596749,4734.268891392878,0.6096052699874009,0.2436402969617045,709.8544523460718,0.0256596496175786
1986 7106,1986,1997,11,1984-1994,38099.2,50.13702619425429,-76.0781240474334,0.4180344730728222,0.0349184418198127,0.5194858605601358,0.3789033523136395,0.4296181081983609,14.82177344182122,3379.3622588298094,0.5671604647928243,-0.5233308758138252,-645.0521802169968,-0.0167851555769979
1986 7106,1986,1998,12,1984-1994,38099.2,50.13702619425429,-76.0781240474334,0.4941872128603755,0.6445911554376424,0.5194858605601358,0.3789033523136395,0.4296181081983609,15.623820293855788,4101.821713108515,0.5777204618814804,0.2787159762207424,77.40727406170868,-0.0062251584883417
1986 7106,1986,1999,13,1984-1994,38099.2,50.13702619425429,-76.0781240474334,0.4355236044041929,0.4179689245583653,0.5194858605601358,0.3789033523136395,0.4296181081983609,15.821052885674195,4885.806808035336,0.5817316188687791,0.4759485680391536,861.3923689885295,-0.0022140015010429
1986 7106,1986,2000,14,1984-1994,38099.2,50.13702619425429,-76.0781240474334,0.4433231516409513,0.6210990956506064,0.5194858605601358,0.3789033523136395,0.4296181081983609,13.855652403814895,3306.3338825822366,0.5086399936051966,-1.4894519138201492,-718.0805564645691,-0.0753056267646256
1986 7106,1986,2001,15,1984-1994,38099.2,50.13702619425429,-76.0781240474334,0.503926939223371,0.6523852836802885,0.5194858605601358,0.3789033523136395,0.4296181081983609,15.765009626458944,3311.2917139095516,0.5959204131818677,0.4199053088238977,-713.1227251372538,0.0119747928120455
1986 7106,1986,2002,16,1984-1994,38099.2,50.13702619425429,-76.0781240474334,0.4960754635994536,0.6601498834786064,0.5194858605601358,0.3789033523136395,0.4296181081983609,15.260382041981885,3005.3530218712094,0.6237736319189159,-0.084722275653159,-1019.061417175596,0.0398280115490937
1986 7106,1986,2003,17,1984-1994,38099.2,50.13702619425429,-76.0781240474334,0.404270041797226,0.2773250821073585,0.5194858605601358,0.3789033523136395,0.4296181081983609,15.075160580322397,3902.067445234557,0.5766242162465678,-0.269943737312651,-122.34699381224888,-0.0073214041232544
1986 7106,1986,2004,18,1984-1994,38099.2,50.13702619425429,-76.0781240474334,0.4081730355003886,0.1913775159262727,0.5194858605601358,0.3789033523136395,0.4296181081983609,13.768617454183854,4656.045753624237,0.4756690548485673,-1.576486863451192,631.6313145774315,-0.1082765655212549
1986 7106,1986,2005,19,1984-1994,38099.2,50.13702619425429,-76.0781240474334,0.5370404258302551,0.6269443667853761,0.5194858605601358,0.3789033523136395,0.4296181081983609,17.194304725057194,3605.68189624095,0.7493334066304126,1.8492004074221469,-418.73254280585513,0.1653877862605902
1986 7106,1986,2006,20,1984-1994,38099.2,50.13702619425429,-76.0781240474334,0.4882511152171118,0.613334972051507,0.5194858605601358,0.3789033523136395,0.4296181081983609,15.71573159190255,3092.4859585105055,0.6649355807989012,0.3706272742675024,-931.9284805362992,0.0809899604290789
1986 7115,1986,1984,-2,1984-1994,7902.81,50.18724322441252,-76.39799935321682,0.5216173496956512,0.6309141441832594,0.5000827882682362,0.4931403190174288,0.1540295595751559,15.133631059460408,3717.920785923028,0.4741534807015516,-0.3378871123669139,-250.3002944411532,-0.0992590967012507
1986 7115,1986,1985,-1,1984-1994,7902.81,50.18724322441252,-76.39799935321682,0.478548226840821,0.3553664938515982,0.5000827882682362,0.4931403190174288,0.1540295595751559,14.017416741356447,4091.285928867387,0.4945820723802254,-1.4541014304708768,123.06484850320626,-0.0788305050225769
1986 7115,1986,1986,0,1984-1994,7902.81,50.18724322441252,-76.39799935321682,0.3460532286930802,0.5370383213179069,0.5000827882682362,0.4931403190174288,0.1540295595751559,12.933881635461727,3359.7534084965296,0.5024366857021978,-2.5376365363655933,-608.4676718676515,-0.0709758917006045
1986 7115,1986,1987,1,1984-1994,7902.81,50.18724322441252,-76.39799935321682,0.4433411313277111,0.0337035785298755,0.5000827882682362,0.4931403190174288,0.1540295595751559,15.09292241705833,3403.004720618433,0.5608002222945583,-0.3785957547689906,-565.216359745748,-0.0126123551082441
1986 7115,1986,1988,2,1984-1994,7902.81,50.18724322441252,-76.39799935321682,0.3164428233518743,0.4277424739992644,0.5000827882682362,0.4931403190174288,0.1540295595751559,14.808840630992572,3815.060343865864,0.5459433481681528,-0.6626775408347512,-153.16073649831748,-0.0274692292346495
1986 7115,1986,1989,3,1984-1994,7902.81,50.18724322441252,-76.39799935321682,0.4159033933741243,0.5408929576398915,0.5000827882682362,0.4931403190174288,0.1540295595751559,15.206732693584208,2801.8511604867995,0.5802004189101854,-0.2647854782431139,-1166.369919877382,0.006787841507383
1986 7115,1986,1990,4,1984-1994,7902.81,50.18724322441252,-76.39799935321682,0.287060407582342,0.0878544157182379,0.5000827882682362,0.4931403190174288,0.1540295595751559,15.29019958383819,3405.0166090480725,0.5776332096813053,-0.1813185879891304,-563.2044713161082,0.0042206322785028
1986 7115,1986,1991,5,1984-1994,7902.81,50.18724322441252,-76.39799935321682,0.4121440715868221,0.509742664513429,0.5000827882682362,0.4931403190174288,0.1540295595751559,15.779573244589823,3299.861443038191,0.6356995385150621,0.3080550727625055,-668.3596373259901,0.0622869611122597
1986 7115,1986,1992,6,1984-1994,7902.81,50.18724322441252,-76.39799935321682,0.4394934921573932,0.5840053234851258,0.5000827882682362,0.4931403190174288,0.1540295595751559,12.976440384708354,3448.1105290775204,0.503817726370835,-2.495077787118964,-520.1105512866607,-0.0695948510319674
1986 7115,1986,1993,7,1984-1994,7902.81,50.18724322441252,-76.39799935321682,0.4122909942967285,0.5214990095161507,0.5000827882682362,0.4931403190174288,0.1540295595751559,15.923152987725397,4444.563019355785,0.5756276413782506,0.451634815898078,476.341938991604,0.0022150639754481
1986 7115,1986,1994,8,1984-1994,7902.81,50.18724322441252,-76.39799935321682,0.4472401052811453,0.5957265770011461,0.5000827882682362,0.4931403190174288,0.1540295595751559,14.427609812842944,5384.090379574979,0.4687554976973974,-1.043908358984374,1415.8692992107976,-0.1046570797054049
1986 7115,1986,1995,9,1984-1994,7902.81,50.18724322441252,-76.39799935321682,0.4863584388308461,0.6738487306780958,0.5000827882682362,0.4931403190174288,0.1540295595751559,16.61978505244302,3382.578981382806,0.6917830122486901,1.1482668806157006,-585.6420989813757,0.1183704348458878
1986 7115,1986,1996,10,1984-1994,7902.81,50.18724322441252,-76.39799935321682,0.3613639249076474,0.3397770999690038,0.5000827882682362,0.4931403190174288,0.1540295595751559,15.725779357871946,4580.988137832175,0.5944094208370473,0.2542611860446271,612.7670574679944,0.0209968434342449
1986 7115,1986,1997,11,1984-1994,7902.81,50.18724322441252,-76.39799935321682,0.4863525540470045,0.0506129227512006,0.5000827882682362,0.4931403190174288,0.1540295595751559,14.982164041080438,3551.077060277747,0.5595498683451744,-0.4893541307468808,-417.144020086434,-0.0138627090576279
1986 7115,1986,1998,12,1984-1994,7902.81,50.18724322441252,-76.39799935321682,0.5057786217416653,0.6425922826469664,0.5000827882682362,0.4931403190174288,0.1540295595751559,15.80120787650409,3952.031638218406,0.5752332375581001,0.3296897046767684,-16.189442145775118,0.0018206601552977
1986 7115,1986,1999,13,1984-1994,7902.81,50.18724322441252,-76.39799935321682,0.4081832195418198,0.3027095166398755,0.5000827882682362,0.4931403190174288,0.1540295595751559,15.949347314887495,4679.75972042271,0.570388216425826,0.4778291430601792,711.5386400585295,-0.0030243609769762
1986 7115,1986,2000,14,1984-1994,7902.81,50.18724322441252,-76.39799935321682,0.4160059247239645,0.5741982650649842,0.5000827882682362,0.4931403190174288,0.1540295595751559,14.000506318344296,3316.152226172858,0.5035864883077633,-1.471011853483026,-652.0688541913235,-0.069826089095039
1986 7115,1986,2001,15,1984-1994,7902.81,50.18724322441252,-76.39799935321682,0.4120864854489637,0.4628695535186662,0.5000827882682362,0.4931403190174288,0.1540295595751559,15.866381682213223,3309.6694175196685,0.5844342793937043,0.3948635103859032,-658.5516628445125,0.0110217019909018
1986 7115,1986,2002,16,1984-1994,7902.81,50.18724322441252,-76.39799935321682,0.4394395074090085,0.4472967717175629,0.5000827882682362,0.4931403190174288,0.1540295595751559,15.386046227039788,2957.3578533901696,0.6093709748359597,-0.0854719447875286,-1010.8632269740116,0.0359583974331573
1986 7115,1986,2003,17,1984-1994,7902.81,50.18724322441252,-76.39799935321682,0.3808635666170671,0.2441810739567445,0.5000827882682362,0.4931403190174288,0.1540295595751559,15.19823935293675,3805.534721639572,0.56776991290539,-0.2732788188905722,-162.68635872460942,-0.0056426644974124
1986 7115,1986,2004,18,1984-1994,7902.81,50.18724322441252,-76.39799935321682,0.3964843510424994,0.2617495874439706,0.5000827882682362,0.4931403190174288,0.1540295595751559,13.875903273803347,4535.363142934309,0.4643786591335784,-1.595614898023975,567.142062570128,-0.1090339182692238
1986 7115,1986,2005,19,1984-1994,7902.81,50.18724322441252,-76.39799935321682,0.4941774509066186,0.4785659214283929,0.5000827882682362,0.4931403190174288,0.1540295595751559,17.341651088456143,3570.1808592089296,0.7295111180036898,1.870132916628824,-398.04022115525186,0.1560985406008874
1986 7115,1986,2006,20,1984-1994,7902.81,50.18724322441252,-76.39799935321682,0.5293547831222591,0.6777953001949788,0.5000827882682362,0.4931403190174288,0.1540295595751559,15.80213982172631,3021.5760921366677,0.6475445708067922,0.3306216498989895,-946.6449882275136,0.0741319934039897
1988 7169,1988,1985,-3,1984-1994,912.38,49.70557798620448,-75.83916575967676,0.3377138130940994,0.3497212111039331,0.3377138130940994,0.3497212111039331,0.0994396563469802,14.30356835182546,4467.977407068472,0.5015849162365223,-1.5072151457438216,390.417990510487,-0.0864805565684283
1988 7169,1988,1986,-2,1984-1994,912.38,49.70557798620448,-75.83916575967676,0.5040556221856951,0.6659526223107726,0.3377138130940994,0.3497212111039331,0.0994396563469802,13.392290186152582,3592.443447748311,0.5221516963545374,-2.418493311416701,-485.1159688096738,-0.0659137764504133
1988 7169,1988,1987,-1,1984-1994,912.38,49.70557798620448,-75.83916575967676,0.2050925107051276,0.3026513732354787,0.3377138130940994,0.3497212111039331,0.0994396563469802,15.421709095375943,3645.707661645416,0.5565886299366535,-0.3890744021933362,-431.8517549125687,-0.0314768428682972
1988 7169,1988,1988,0,1984-1994,912.38,49.70557798620448,-75.83916575967676,0.2382741567471191,0.5177362054302125,0.3377138130940994,0.3497212111039331,0.0994396563469802,15.126974703378751,4380.257699094765,0.5452372713298054,-0.6838087941905286,302.6982825367803,-0.0428282014751452
1988 7169,1988,1989,1,1984-1994,912.38,49.70557798620448,-75.83916575967676,0.0584281811877256,0.490387875083402,0.3377138130940994,0.3497212111039331,0.0994396563469802,15.568638404747912,2961.4734599333815,0.6037532040840129,-0.2421450928213678,-1116.085956624603,0.0156877312790622
1988 7169,1988,1990,2,1984-1994,912.38,49.70557798620448,-75.83916575967676,0.2556852259648926,0.3612619588863793,0.3377138130940994,0.3497212111039331,0.0994396563469802,15.732754209920811,3261.1879344682593,0.5800736516688558,-0.0780292876484684,-816.3714820897255,-0.0079918211360947
1988 7169,1988,1991,3,1984-1994,912.38,49.70557798620448,-75.83916575967676,0.3682771088146989,0.0322290122011622,0.3377138130940994,0.3497212111039331,0.0994396563469802,16.166265493967348,3119.5108969493085,0.651814934399873,0.3554819963980677,-958.048519608676,0.0637494615949224
1988 7169,1988,1992,4,1984-1994,912.38,49.70557798620448,-75.83916575967676,0.3065419697765664,0.4785699852919135,0.3377138130940994,0.3497212111039331,0.0994396563469802,13.382300869239916,3739.070413796715,0.5122458518927313,-2.4284826283293657,-338.4890027612696,-0.0758196209122193
1988 7169,1988,1993,5,1984-1994,912.38,49.70557798620448,-75.83916575967676,0.3187309354320857,0.6112501394376256,0.3377138130940994,0.3497212111039331,0.0994396563469802,16.23167423595363,3931.8228263979186,0.5763809352519199,0.4208907383843504,-145.73659016006638,-0.0116845375530307
1988 7169,1988,1994,6,1984-1994,912.38,49.70557798620448,-75.83916575967676,0.3221169566836221,0.5333331708257752,0.3377138130940994,0.3497212111039331,0.0994396563469802,14.825598185534648,5007.666998750583,0.4721591171187799,-0.9851853120346352,930.1075821925976,-0.1159063556861707
1988 7169,1988,1995,7,1984-1994,912.38,49.70557798620448,-75.83916575967676,0.3965755856552468,0.6192158113331978,0.3377138130940994,0.3497212111039331,0.0994396563469802,17.0327861260677,3432.977875696359,0.7271807851646079,1.2220026284984191,-644.5815408616255,0.1391153123596573
1988 7169,1988,1996,8,1984-1994,912.38,49.70557798620448,-75.83916575967676,0.2404529189772724,0.2364480826753054,0.3377138130940994,0.3497212111039331,0.0994396563469802,16.03697411848921,4899.96110678847,0.6044683252418632,0.2261906209199274,822.4016902304851,0.0164028524369125
1988 7169,1988,1997,9,1984-1994,912.38,49.70557798620448,-75.83916575967676,0.3418402976477822,0.4862918139823213,0.3377138130940994,0.3497212111039331,0.0994396563469802,15.225481956438976,3524.310734102779,0.559033969034894,-0.5853015411303075,-553.2486824552059,-0.0290315037700566
1988 7169,1988,1998,10,1984-1994,912.38,49.70557798620448,-75.83916575967676,0.4726656547160848,0.4497937361178784,0.3377138130940994,0.3497212111039331,0.0994396563469802,15.959285644095132,3438.6557162348427,0.5762154047913726,0.1485021465258508,-638.9037003231422,-0.0118500680135781
1988 7169,1988,1999,11,1984-1994,912.38,49.70557798620448,-75.83916575967676,0.5330898878405796,0.6854558402929384,0.3377138130940994,0.3497212111039331,0.0994396563469802,16.313920776010907,5307.274832058667,0.5865071148466959,0.5031372784416263,1229.7154155006822,-0.0015583579582547
1988 7169,1988,2000,12,1984-1994,912.38,49.70557798620448,-75.83916575967676,0.2792193229788758,0.2305323349153532,0.3377138130940994,0.3497212111039331,0.0994396563469802,14.312391671351213,3260.050678308281,0.5013436407724369,-1.4983918262180709,-817.5087382497036,-0.0867218320325137
1988 7169,1988,2001,13,1984-1994,912.38,49.70557798620448,-75.83916575967676,0.3847049908814675,0.2597141700329092,0.3377138130940994,0.3497212111039331,0.0994396563469802,16.210006958198264,3523.533244114118,0.6056093435685931,0.3992234606289838,-554.0261724438669,0.0175438707636424
1988 7169,1988,2002,14,1984-1994,912.38,49.70557798620448,-75.83916575967676,0.5567556099019708,0.7168620970553085,0.3377138130940994,0.3497212111039331,0.0994396563469802,15.76980640822948,3297.278044967357,0.6409837662213144,-0.0409770893398013,-780.2813715906282,0.0529182934163637
1988 7169,1988,2003,15,1984-1994,912.38,49.70557798620448,-75.83916575967676,0.5216573431967038,0.6893827059902137,0.3377138130940994,0.3497212111039331,0.0994396563469802,15.539909247000658,4442.451626648748,0.5698734151859507,-0.2708742505686244,364.89221009076294,-0.0181920576189997
1988 7169,1988,2004,16,1984-1994,912.38,49.70557798620448,-75.83916575967676,0.4315857716043252,0.3104797121309254,0.3377138130940994,0.3497212111039331,0.0994396563469802,14.217367700678173,5179.659869180708,0.4735330761884559,-1.5934157968911096,1102.100452622723,-0.1145323966164946
1988 7169,1988,2005,17,1984-1994,912.38,49.70557798620448,-75.83916575967676,0.5527840315421426,0.6112038531064796,0.3377138130940994,0.3497212111039331,0.0994396563469802,17.797567157315388,3066.576168051405,0.7817917225941169,1.986783659746108,-1010.9832485065796,0.1937262497891663
1988 7169,1988,2006,18,1984-1994,912.38,49.70557798620448,-75.83916575967676,0.584116447015494,0.7324623772322687,0.3377138130940994,0.3497212111039331,0.0994396563469802,16.219825277159597,3061.736068177543,0.6691294353881512,0.4090417795903125,-1015.823348380442,0.0810639625832005
1988 7169,1988,2007,19,1984-1994,912.38,49.70557798620448,-75.83916575967676,0.5095548822897367,0.5292670556884073,0.3377138130940994,0.3497212111039331,0.0994396563469802,15.43040793276066,4135.6946682342,0.6257691456330925,-0.3803755648086228,58.13525167621593,0.0377036728281418
1988 7169,1988,2008,20,1984-1994,912.38,49.70557798620448,-75.83916575967676,0.2832090943798436,0.1758814947510129,0.3377138130940994,0.3497212111039331,0.0994396563469802,15.56951015828697,5450.320184414699,0.4197605141929115,-0.2412733392823091,1372.7607678567135,-0.1683049586120391
1992 7079,1992,1989,-3,1984-1994,2007.52,49.76388876584899,-77.71544814331487,0.3036670607364967,0.0682985126391999,0.4003316594326553,0.2540223328936885,0.2146666961430248,15.245190693801272,2890.3614139527676,0.5612591131748684,-0.616011575437231,-650.8744705055915,-0.0329713376276416
1992 7079,1992,1990,-2,1984-1994,2007.52,49.76388876584899,-77.71544814331487,0.4003316594326553,0.2540223328936885,0.4003316594326553,0.2540223328936885,0.2146666961430248,15.654162797144656,3725.745420941644,0.5694839244079267,-0.2070394720938418,184.50953648328513,-0.0247465263945832
1992 7079,1992,1991,-1,1984-1994,2007.52,49.76388876584899,-77.71544814331487,0.4396212058218768,0.393118096625051,0.4003316594326553,0.2540223328936885,0.2146666961430248,16.513857242021334,2680.6041816272486,0.7033440928477377,0.6526549727828318,-860.6317028311107,0.1091136420452276
1992 7079,1992,1992,0,1984-1994,2007.52,49.76388876584899,-77.71544814331487,0.1856649632896305,0.3183300776504696,0.4003316594326553,0.2540223328936885,0.2146666961430248,13.300945406458512,3551.0019738243823,0.5518338949501956,-2.560256862779988,9.766089366022928,-0.0423965558523143
1992 7079,1992,1993,1,1984-1994,2007.52,49.76388876584899,-77.71544814331487,0.1991250345324156,0.4119906375273118,0.4003316594326553,0.2540223328936885,0.2146666961430248,16.030431121998742,3668.374745188152,0.5682719164654255,0.1692288527602413,127.1388607297926,-0.0259585343370845
1992 7079,1992,1994,2,1984-1994,2007.52,49.76388876584899,-77.71544814331487,0.3478163897580396,0.0583909644859329,0.4003316594326553,0.2540223328936885,0.2146666961430248,14.772103511381433,4807.344656429004,0.4669517414129052,-1.0890987578570708,1266.1087719706452,-0.1272787093896048
1992 7079,1992,1995,3,1984-1994,2007.52,49.76388876584899,-77.71544814331487,0.4394801829365098,0.6895373717853779,0.4003316594326553,0.2540223328936885,0.2146666961430248,17.138133408869393,3227.1761498807537,0.7292730117791573,1.2769311396308929,-314.0597345776053,0.1350425609766471
1992 7079,1992,1996,4,1984-1994,2007.52,49.76388876584899,-77.71544814331487,0.3419365804038,0.1268501164340608,0.4003316594326553,0.2540223328936885,0.2146666961430248,16.014482118374556,3823.1468529786553,0.5833552052974581,0.1532798491360529,281.9109685202962,-0.010875245505052
1992 7079,1992,1997,5,1984-1994,2007.52,49.76388876584899,-77.71544814331487,0.3143825780555211,0.5018315826640236,0.4003316594326553,0.2540223328936885,0.2146666961430248,15.423459622521763,3663.8953142004657,0.5553751053677822,-0.4377426467167369,122.6594297421058,-0.0388553454347279
1992 7079,1992,1998,6,1984-1994,2007.52,49.76388876584899,-77.71544814331487,0.4784056766898432,0.6425601595478001,0.4003316594326553,0.2540223328936885,0.2146666961430248,16.14955410800277,3126.4629060387892,0.5932800715853805,0.2883518387642695,-414.7729784195699,-0.0009503792171295
1992 7079,1992,1999,7,1984-1994,2007.52,49.76388876584899,-77.71544814331487,0.2986145415853851,0.2987804158139238,0.4003316594326553,0.2540223328936885,0.2146666961430248,16.499384157669173,4311.900519744772,0.5972512261738732,0.6381818884306717,770.6646352864132,0.0030207753713631
1992 7079,1992,2000,8,1984-1994,2007.52,49.76388876584899,-77.71544814331487,0.3223021910124649,0.4412194240147096,0.4003316594326553,0.2540223328936885,0.2146666961430248,14.265306720599652,2890.79626340831,0.5041818264403386,-1.59589554863885,-650.4396210500488,-0.0900486243621715
1992 7079,1992,2001,9,1984-1994,2007.52,49.76388876584899,-77.71544814331487,0.3925765055217801,0.4804196620707706,0.4003316594326553,0.2540223328936885,0.2146666961430248,16.19900979635534,3384.511376486633,0.626113771507528,0.3378075271168399,-156.72450797172635,0.0318833207050179
1992 7079,1992,2002,10,1984-1994,2007.52,49.76388876584899,-77.71544814331487,0.4628727944352154,0.1269261850634854,0.4003316594326553,0.2540223328936885,0.2146666961430248,15.89367728017643,2858.0824011485415,0.6379399394861215,0.0324750109379306,-683.1534833098176,0.0437094886836114
1992 7079,1992,2003,11,1984-1994,2007.52,49.76388876584899,-77.71544814331487,0.4471622152496141,0.4864146412437223,0.4003316594326553,0.2540223328936885,0.2146666961430248,15.495150123482311,4082.049740834272,0.5548701490363722,-0.3660521457561904,540.8138563759127,-0.0393603017661379
1992 7079,1992,2004,12,1984-1994,2007.52,49.76388876584899,-77.71544814331487,0.490179849224257,0.6503052534541294,0.4003316594326553,0.2540223328936885,0.2146666961430248,14.148057871321411,4291.574136196323,0.4701099508408557,-1.7131443979170888,750.3382517379636,-0.1241204999616543
1992 7079,1992,2005,13,1984-1994,2007.52,49.76388876584899,-77.71544814331487,0.5410952894662406,0.6660927608105699,0.4003316594326553,0.2540223328936885,0.2146666961430248,17.997174652386104,2664.4588520423613,0.7845778885572253,2.1359723831476045,-876.777032415998,0.1903474377547151
1992 7079,1992,2006,14,1984-1994,2007.52,49.76388876584899,-77.71544814331487,0.5174364895779778,0.5801629270073496,0.4003316594326553,0.2540223328936885,0.2146666961430248,16.07851916913354,3146.1435229150893,0.6553299089614567,0.2173168998950386,-395.0923615432697,0.0610994581589467
1992 7079,1992,2007,15,1984-1994,2007.52,49.76388876584899,-77.71544814331487,0.4666744254792825,0.5039304816006479,0.4003316594326553,0.2540223328936885,0.2146666961430248,15.618890204741666,3232.8150710054274,0.636634234763624,-0.2423120644968345,-308.42081345293207,0.0424037839611139
1992 7079,1992,2008,16,1984-1994,2007.52,49.76388876584899,-77.71544814331487,0.4784663138112759,0.5955297713526113,0.4003316594326553,0.2540223328936885,0.2146666961430248,15.605468813745844,4198.9634266466355,0.4323510159791412,-0.2557334554926582,657.7275421882761,-0.1618794348233689
1992 7079,1992,2009,17,1984-1994,2007.52,49.76388876584899,-77.71544814331487,0.451123218757616,0.1347803111793726,0.4003316594326553,0.2540223328936885,0.2146666961430248,15.304713671470246,3404.471766136484,0.5119496972959866,-0.5564885977682542,-136.76411832187566,-0.0822807535065235
1992 7079,1992,2010,18,1984-1994,2007.52,49.76388876584899,-77.71544814331487,0.4550767136350014,0.4316854810768445,0.4003316594326553,0.2540223328936885,0.2146666961430248,16.455119462279235,2551.583373709842,0.6377397153111403,0.5939171930407352,-989.6525107485176,0.0435092645086301
1992 7079,1992,2011,19,1984-1994,2007.52,49.76388876584899,-77.71544814331487,0.4277822297268812,0.3570812395064086,0.4003316594326553,0.2540223328936885,0.2146666961430248,16.386130033148774,2519.1156625693775,0.6590225813985702,0.5249277639102733,-1022.1202218889816,0.06479213059606
1992 7079,1992,2012,20,1984-1994,2007.52,49.76388876584899,-77.71544814331487,0.400410280342647,0.3555580014982165,0.4003316594326553,0.2540223328936885,0.2146666961430248,16.814612606485866,3323.1156170072777,0.6836698105410258,0.9534103372473652,-218.1202674510815,0.0894393597385157
19951080515,1995,1992,-3,1995-2004,130.0,49.93315701026437,-76.1214616072561,0.4474344559358043,0.600874521009868,0.3848000241907261,0.5721763105804959,0.2279531742662532,13.199878974582871,3492.3567379277074,0.5150701017073321,-2.4526370702734184,-552.5160110479123,-0.0702067844910961
19951080515,1995,1993,-2,1995-2004,130.0,49.93315701026437,-76.1214616072561,0.2362336160727534,0.3258043222362545,0.3848000241907261,0.5721763105804959,0.2279531742662532,16.085335716302893,4390.422496463692,0.5774288739316009,0.4328196714466017,345.5497474880726,-0.0078480122668274
19951080515,1995,1994,-1,1995-2004,130.0,49.93315701026437,-76.1214616072561,0.3848000241907261,0.5721763105804959,0.3848000241907261,0.5721763105804959,0.2279531742662532,14.628404505356514,5376.321598370819,0.4726540956129134,-1.0241115394997775,1331.448849395199,-0.1126227905855148
19951080515,1995,1995,0,1995-2004,130.0,49.93315701026437,-76.1214616072561,0.1568468499244729,0.141361630919257,0.3848000241907261,0.5721763105804959,0.2279531742662532,16.80616612918135,3601.586698452703,0.7094463461760023,1.153650084325058,-443.28605052291687,0.1241694599775741
19951080515,1995,1996,1,1995-2004,130.0,49.93315701026437,-76.1214616072561,0.1299697406095839,0.23240673965098,0.3848000241907261,0.5721763105804959,0.2279531742662532,15.893069535407506,4914.358427229544,0.6038261369693422,0.2405534905512141,869.4856782539241,0.0185492507709139
19951080515,1995,1997,2,1995-2004,130.0,49.93315701026437,-76.1214616072561,0.3815805176245798,0.1151660482915936,0.3848000241907261,0.5721763105804959,0.2279531742662532,15.120491855731927,3461.299021087242,0.5630278762175396,-0.532024189124364,-583.5737278883771,-0.0222490099808887
19951080515,1995,1998,3,1995-2004,130.0,49.93315701026437,-76.1214616072561,0.3026446840998028,0.5251413266307863,0.3848000241907261,0.5721763105804959,0.2279531742662532,15.908285512785994,3885.541438510252,0.5820811901564807,0.2557694679297029,-159.33131046536755,-0.0031956960419475
19951080515,1995,1999,4,1995-2004,130.0,49.93315701026437,-76.1214616072561,0.3187617426228092,0.4472440445814653,0.3848000241907261,0.5721763105804959,0.2279531742662532,16.13714949842813,4818.857954483448,0.5800412168778583,0.4846334535718384,773.9852055078286,-0.00523566932057
19951080515,1995,2000,5,1995-2004,130.0,49.93315701026437,-76.1214616072561,0.3264083226623857,0.6158220251887045,0.3848000241907261,0.5721763105804959,0.2279531742662532,14.145663674672448,3258.804639690922,0.5027972937995742,-1.506852370183843,-786.0681092846976,-0.082479592398854
19951080515,1995,2001,6,1995-2004,130.0,49.93315701026437,-76.1214616072561,0.3261821064219976,0.4206991158937431,0.3848000241907261,0.5721763105804959,0.2279531742662532,16.068836376632476,3408.018724903627,0.6014377825471108,0.4163203317761841,-636.8540240719926,0.0161608963486825
19951080515,1995,2002,7,1995-2004,130.0,49.93315701026437,-76.1214616072561,0.2323069318323658,0.5333630253311267,0.3848000241907261,0.5721763105804959,0.2279531742662532,15.60858445098438,3025.9481772103277,0.6338409201972272,-0.0439315938719104,-1018.924571765292,0.0485640339987989
19951080515,1995,2003,8,1995-2004,130.0,49.93315701026437,-76.1214616072561,0.1907005760093717,0.1454257069711909,0.3848000241907261,0.5721763105804959,0.2279531742662532,15.363693477796517,4141.227116359847,0.5722766158281132,-0.2888225670597748,96.35436738422732,-0.013000270370315
19951080515,1995,2004,9,1995-2004,130.0,49.93315701026437,-76.1214616072561,0.4421441978699078,0.0724847009774627,0.3848000241907261,0.5721763105804959,0.2279531742662532,14.067098851134858,4987.353677209803,0.4734286195871571,-1.5854171937214332,942.4809282341836,-0.111848266611271
19951080515,1995,2005,10,1995-2004,130.0,49.93315701026437,-76.1214616072561,0.41594249318262,0.6424013117188702,0.3848000241907261,0.5721763105804959,0.2279531742662532,17.599724892602467,3247.2493499585757,0.7694716142483868,1.9472088477461753,-797.623399017044,0.1841947280499586
19951080515,1995,2006,11,1995-2004,130.0,49.93315701026437,-76.1214616072561,0.3329004819900723,0.2462492265153367,0.3848000241907261,0.5721763105804959,0.2279531742662532,16.01710295193442,3128.479222877146,0.6640967753859737,0.3645869070781273,-916.3935260984732,0.0788198891875453
19951080515,1995,2007,12,1995-2004,130.0,49.93315701026437,-76.1214616072561,0.4003110269708301,0.5609943661866413,0.3848000241907261,0.5721763105804959,0.2279531742662532,15.2479511468307,4195.695154181763,0.6140317202475835,-0.4045648980255905,150.82240520614369,0.0287548340491552
19951080515,1995,2008,13,1995-2004,130.0,49.93315701026437,-76.1214616072561,0.4630201655862211,0.6461814888760086,0.3848000241907261,0.5721763105804959,0.2279531742662532,15.44000259896984,5898.430058295641,0.4204055145611373,-0.2125134458864508,1853.5573093200217,-0.1648713716372909
19951080515,1995,2009,14,1995-2004,130.0,49.93315701026437,-76.1214616072561,0.4815626300723978,0.6923445342197413,0.3848000241907261,0.5721763105804959,0.2279531742662532,15.17122277522435,3786.68535374106,0.5245227863910074,-0.4812932696319407,-258.18739523456,-0.0607540998074208
19951080515,1995,2010,15,1995-2004,130.0,49.93315701026437,-76.1214616072561,0.5095995553479935,0.6389547079863515,0.3848000241907261,0.5721763105804959,0.2279531742662532,16.10965580041858,3432.659292356089,0.6307936010106057,0.457139755562288,-612.2134566195309,0.0455167148121774
19951080515,1995,2011,16,1995-2004,130.0,49.93315701026437,-76.1214616072561,0.5652629574099832,0.7060649900909348,0.3848000241907261,0.5721763105804959,0.2279531742662532,16.128243631556415,3780.820175370625,0.6101358438375462,0.475727586700124,-264.0525736049949,0.0248589576391178
19951080515,1995,2012,17,1995-2004,130.0,49.93315701026437,-76.1214616072561,0.3701844494224062,0.3078026189711076,0.3848000241907261,0.5721763105804959,0.2279531742662532,16.44815061265149,3940.8193018246,0.64801389914942,0.7956345677951973,-104.05344715101955,0.0627370129509917
19951080515,1995,2013,18,1995-2004,130.0,49.93315701026437,-76.1214616072561,0.5360449498632303,0.7333280383475296,0.3848000241907261,0.5721763105804959,0.2279531742662532,15.350086832737588,4085.0850988280527,0.5713350457063721,-0.3024292121187031,40.21234985243291,-0.0139418404920562
19951080515,1995,2014,19,1995-2004,130.0,49.93315701026437,-76.1214616072561,0.307354414417423,0.2832695203578912,0.3848000241907261,0.5721763105804959,0.2279531742662532,16.1125405546548,3955.371279950949,0.6053683595241808,0.460024509798508,-89.50146902467077,0.0200914733257525
19951080515,1995,2015,20,1995-2004,130.0,49.93315701026437,-76.1214616072561,0.3113911846469151,0.1235619653247873,0.3848000241907261,0.5721763105804959,0.2279531742662532,15.306915634265865,4025.9611483159574,0.4956694484051052,-0.3456004105904284,-18.911600659662327,-0.089607437793323
19951080996,1995,1992,-3,1995-2004,47709.0,48.88909162474522,-76.37629736659312,0.5664647380895191,0.6230704424637743,0.5664647380895191,0.6230704424637743,0.0229506168493549,13.639669612042317,4024.2647984497135,0.5318670254410504,-2.4459120726749934,229.42479599881975,-0.0762249408453504
19951080996,1995,1993,-2,1995-2004,47709.0,48.88909162474522,-76.37629736659312,0.5742984699164008,0.6524030729341629,0.5664647380895191,0.6230704424637743,0.0229506168493549,16.21478392329801,3859.123987784785,0.5638259253001597,0.1292022385807022,64.28398533389202,-0.0442660409862411
19951080996,1995,1994,-1,1995-2004,47709.0,48.88909162474522,-76.37629736659312,0.3553819400175729,0.1679013958129111,0.5664647380895191,0.6230704424637743,0.0229506168493549,15.222314170051373,4677.633871046551,0.4838908163100432,-0.86326751466594,882.7938685956577,-0.1242011499763575
19951080996,1995,1995,0,1995-2004,47709.0,48.88909162474522,-76.37629736659312,0.5435141212401642,0.6837265939001297,0.5664647380895191,0.6230704424637743,0.0229506168493549,17.43317536790659,2545.54807225302,0.7737648850119122,1.3475936831892816,-1249.2919301978727,0.1656729187255113
19951080996,1995,1996,1,1995-2004,47709.0,48.88909162474522,-76.37629736659312,0.1992102538047962,0.0349644347617414,0.5664647380895191,0.6230704424637743,0.0229506168493549,16.270075753490737,4415.602813603711,0.6104095954249706,0.1844940687734265,620.7628111528177,0.0023176291385697
19951080996,1995,1997,2,1995-2004,47709.0,48.88909162474522,-76.37629736659312,0.2382430684600755,0.0894317493900045,0.5664647380895191,0.6230704424637743,0.0229506168493549,15.539656823309956,3666.598973929017,0.5744280874407851,-0.5459248614073555,-128.24102852187607,-0.0336638788456158
19951080996,1995,1998,3,1995-2004,47709.0,48.88909162474522,-76.37629736659312,0.2324059065222079,0.238207810802886,0.5664647380895191,0.6230704424637743,0.0229506168493549,16.179258611482602,3198.2601555748606,0.5966750354383477,0.0936769267652949,-596.5798468760325,-0.0114169308480532
19951080996,1995,1999,4,1995-2004,47709.0,48.88909162474522,-76.37629736659312,0.3242312660024274,0.2382347132165742,0.5664647380895191,0.6230704424637743,0.0229506168493549,16.727201530495698,4488.906291246867,0.6206191793838424,0.6416198457783902,694.0662887959735,0.0125272130974415
19951080996,1995,2000,5,1995-2004,47709.0,48.88909162474522,-76.37629736659312,0.3496133782551817,0.1288577271301398,0.5664647380895191,0.6230704424637743,0.0229506168493549,14.51672707338034,3189.0345818026176,0.5079856557519213,-1.5688546113369688,-605.8054206482749,-0.1001063105344794
19951080996,1995,2001,6,1995-2004,47709.0,48.88909162474522,-76.37629736659312,0.3710248207838477,0.6211053570662861,0.5664647380895191,0.6230704424637743,0.0229506168493549,16.442178628965095,3062.5802526132934,0.6498374588753238,0.3565969442477866,-732.2597498375993,0.0417454925889229
19951080996,1995,2002,7,1995-2004,47709.0,48.88909162474522,-76.37629736659312,0.4101613723364077,0.583997503868616,0.5664647380895191,0.6230704424637743,0.0229506168493549,16.003727345823652,3453.9564957600414,0.637800759518509,-0.08185433889366,-340.8835066908517,0.029708793232108
19951080996,1995,2003,8,1995-2004,47709.0,48.88909162474522,-76.37629736659312,0.3242147295490805,0.1991373679334619,0.5664647380895191,0.6230704424637743,0.0229506168493549,15.819562241161137,5557.873160865791,0.5622302628756527,-0.2660194435561765,1763.033158414898,-0.0458617034107482
19951080996,1995,2004,9,1995-2004,47709.0,48.88909162474522,-76.37629736659312,0.4160331579335697,0.3944541664245296,0.5664647380895191,0.6230704424637743,0.0229506168493549,14.522642516122453,4097.962635903562,0.4994441842338828,-1.5629391685948586,303.1226334526696,-0.108647782052518
19951080996,1995,2005,10,1995-2004,47709.0,48.88909162474522,-76.37629736659312,0.4589952316473124,0.5038953665177635,0.5664647380895191,0.6230704424637743,0.0229506168493549,18.134517629252127,2819.0887927614194,0.7836346595131982,2.048935944534818,-975.7512096894734,0.1755426932267973
19951080996,1995,2006,11,1995-2004,47709.0,48.88909162474522,-76.37629736659312,0.3788915152906898,0.324241785605238,0.5664647380895191,0.6230704424637743,0.0229506168493549,16.41672054056381,3119.0187288652883,0.6761309268014916,0.331138855846497,-675.8212735856049,0.0680389605150907
19951080996,1995,2007,12,1995-2004,47709.0,48.88909162474522,-76.37629736659312,0.4902387371276687,0.6152323441903546,0.5664647380895191,0.6230704424637743,0.0229506168493549,15.752131760794857,3956.893048044255,0.6408504701797715,-0.3334499239224568,162.05304559336415,0.0327585038933704
19951080996,1995,2008,13,1995-2004,47709.0,48.88909162474522,-76.37629736659312,0.4472635102835255,0.4804249399112759,0.5664647380895191,0.6230704424637743,0.0229506168493549,15.755696094313397,5076.418048392674,0.4360695593472864,-0.329885590403914,1281.5780459417797,-0.1720224069391145
19951080996,1995,2009,14,1995-2004,47709.0,48.88909162474522,-76.37629736659312,0.472732927380863,0.2931483063342013,0.5664647380895191,0.6230704424637743,0.0229506168493549,15.320924544223107,4288.486649764214,0.5259278896570184,-0.7646571404942006,493.6466473133213,-0.0821640766293823
19951080996,1995,2010,15,1995-2004,47709.0,48.88909162474522,-76.37629736659312,0.4960840506219205,0.5351786262261616,0.5664647380895191,0.6230704424637743,0.0229506168493549,16.69513830862062,3193.1797696342883,0.6811140359495123,0.6095566239033101,-601.6602328166048,0.0730220696631114
19951080996,1995,2011,16,1995-2004,47709.0,48.88909162474522,-76.37629736659312,0.5039028738435611,0.4492071725701475,0.5664647380895191,0.6230704424637743,0.0229506168493549,16.625866523263603,4077.360254872601,0.6317110577563572,0.5402848385462933,282.520252421708,0.0236190914699563
19951080996,1995,2012,17,1995-2004,47709.0,48.88909162474522,-76.37629736659312,0.5351776305373751,0.6836651179083626,0.5664647380895191,0.6230704424637743,0.0229506168493549,17.027995226112,2934.5920365482784,0.7131288658065587,0.942413541394687,-860.2479659026147,0.1050368995201577
19951080996,1995,2013,18,1995-2004,47709.0,48.88909162474522,-76.37629736659312,0.5331937289108658,0.7207159638667383,0.5664647380895191,0.6230704424637743,0.0229506168493549,15.75984012127293,3398.5647135810864,0.581942472060404,-0.3257415634443811,-396.27528886980673,-0.0261494942259968
19951080996,1995,2014,19,1995-2004,47709.0,48.88909162474522,-76.37629736659312,0.5214959150531859,0.5371252041921201,0.5664647380895191,0.6230704424637743,0.0229506168493549,16.143061981943728,3809.330590312123,0.5926578738588151,0.0574802972264187,14.49058786123086,-0.0154340924275857
19951080996,1995,2015,20,1995-2004,47709.0,48.88909162474522,-76.37629736659312,0.4941582701789445,0.5898629140869641,0.5664647380895191,0.6230704424637743,0.0229506168493549,15.63591268509144,3857.849364363729,0.5205571016831906,-0.449668999625869,63.00936191283555,-0.0875348646032102
19951081068,1995,1992,-3,1995-2004,129.0,48.72614632180551,-77.9071620116888,0.6145921051986794,0.6554697541375772,0.5955712698953206,0.6554697541375772,-0.0237455045259561,13.88415118784144,3467.515038178476,0.5809937110864453,-2.567102903559615,80.07160444577266,-0.0525081791179047
19951081068,1995,1993,-2,1995-2004,129.0,48.72614632180551,-77.9071620116888,0.5955712698953206,0.6540629412988275,0.5955712698953206,0.6554697541375772,-0.0237455045259561,16.423313913483582,4054.822588789797,0.5616888111965826,-0.0279401779174719,667.3791550570936,-0.0718130790077673
19951081068,1995,1994,-1,1995-2004,129.0,48.72614632180551,-77.9071620116888,0.5955634260013287,0.6895420176393203,0.5955712698953206,0.6554697541375772,-0.0237455045259561,15.601970090727889,3874.878940587191,0.5098786403004123,-0.8492840006731655,487.4355068544878,-0.1236232499039377
19951081068,1995,1995,0,1995-2004,129.0,48.72614632180551,-77.9071620116888,0.6193167744212768,0.732448257902901,0.5955712698953206,0.6554697541375772,-0.0237455045259561,17.685665039394223,2592.665533433429,0.7678064179324475,1.2344109479931689,-794.7779002992743,0.1343045277280975
19951081068,1995,1996,1,1995-2004,129.0,48.72614632180551,-77.9071620116888,0.3324993671289541,0.5760037606126264,0.5955712698953206,0.6554697541375772,-0.0237455045259561,16.492925704734944,2939.4818045601455,0.6175187987841397,0.0416716133338894,-447.9616291725579,-0.0159830914202102
19951081068,1995,1997,2,1995-2004,129.0,48.72614632180551,-77.9071620116888,0.2162855513731853,0.478962214896411,0.5955712698953206,0.6554697541375772,-0.0237455045259561,16.065968000716055,3646.415157533838,0.6073508481691269,-0.3852860906849997,258.97172380113443,-0.0261510420352231
19951081068,1995,1998,3,1995-2004,129.0,48.72614632180551,-77.9071620116888,0.2831413014674334,0.2128390874185914,0.5955712698953206,0.6554697541375772,-0.0237455045259561,16.67276853616687,2625.929393259419,0.6419997700673898,0.2215144447658161,-761.5140404732842,0.0084978798630398
19951081068,1995,1999,4,1995-2004,129.0,48.72614632180551,-77.9071620116888,0.415812359332908,0.5842659831995574,0.5955712698953206,0.6554697541375772,-0.0237455045259561,17.078023238804064,4721.394974406778,0.6226151900998905,0.6267691474030102,1333.9515406740743,-0.0108867001044594
19951081068,1995,2000,5,1995-2004,129.0,48.72614632180551,-77.9071620116888,0.2871406014378934,0.2631064067948912,0.5955712698953206,0.6554697541375772,-0.0237455045259561,14.75377728144332,3316.793104523228,0.5155068695713068,-1.6974768099577346,-70.65032920947533,-0.1179950206330432
19951081068,1995,2001,6,1995-2004,129.0,48.72614632180551,-77.9071620116888,0.2714841819506317,0.1465117595403649,0.5955712698953206,0.6554697541375772,-0.0237455045259561,16.9142166345016,2535.6538788454372,0.7021441769487888,0.4629625431005451,-851.7895548872661,0.0686422867444388
19951081068,1995,2002,7,1995-2004,129.0,48.72614632180551,-77.9071620116888,0.4314756179371081,0.4510122705505144,0.5955712698953206,0.6554697541375772,-0.0237455045259561,16.589488408185446,3151.958209581014,0.6916155450428382,0.1382343167843913,-235.4852241516892,0.0581136548384881
19951081068,1995,2003,8,1995-2004,129.0,48.72614632180551,-77.9071620116888,0.490270360201521,0.5761443109785582,0.5955712698953206,0.6554697541375772,-0.0237455045259561,16.186853400520704,5035.309775284009,0.5947273975919073,-0.2644006908803504,1647.866341551306,-0.0387744926124427
19951081068,1995,2004,9,1995-2004,129.0,48.72614632180551,-77.9071620116888,0.4746509253314884,0.6503606967351359,0.5955712698953206,0.6554697541375772,-0.0237455045259561,14.86950239789661,4320.173559990117,0.5342068834727838,-1.5817516935044438,932.7301262574132,-0.0992950067315662
19951081068,1995,2005,10,1995-2004,129.0,48.72614632180551,-77.9071620116888,0.5492658700835044,0.6310129795280032,0.5955712698953206,0.6554697541375772,-0.0237455045259561,18.62634418183484,2487.5273574211965,0.8268733468011364,2.175090090433784,-899.9160763115069,0.1933714565967864
19951081068,1995,2006,11,1995-2004,129.0,48.72614632180551,-77.9071620116888,0.5293708677895609,0.7010396837866374,0.5955712698953206,0.6554697541375772,-0.0237455045259561,16.737300988902234,3363.3818059397954,0.7101923409498848,0.2860468975011798,-24.061627792907984,0.0766904507455348
19951081068,1995,2007,12,1995-2004,129.0,48.72614632180551,-77.9071620116888,0.4470509708313238,0.091752250049249,0.5955712698953206,0.6554697541375772,-0.0237455045259561,16.144171036153637,3565.4672438270295,0.6350677489246241,-0.3070830552474177,178.0238100943261,0.0015658587202741
19951081068,1995,2008,13,1995-2004,129.0,48.72614632180551,-77.9071620116888,0.5758265543942735,0.708997201365243,0.5955712698953206,0.6554697541375772,-0.0237455045259561,15.998871449456717,4606.858462589596,0.4565941439243779,-0.4523826419443395,1219.415028856892,-0.176907746279972
19951081068,1995,2009,14,1995-2004,129.0,48.72614632180551,-77.9071620116888,0.5050047652092311,0.0427914542019644,0.5955712698953206,0.6554697541375772,-0.0237455045259561,15.630090387316727,3800.082646906386,0.541229293908829,-0.8211637040843272,412.6392131736825,-0.0922725962955209
19951081068,1995,2010,15,1995-2004,129.0,48.72614632180551,-77.9071620116888,0.6065994765993711,0.6973343143493161,0.5955712698953206,0.6554697541375772,-0.0237455045259561,17.18499795112058,2328.2526030624063,0.7192471360011922,0.7337438597195245,-1059.1908306702971,0.0857452457968421
19951081068,1995,2011,16,1995-2004,129.0,48.72614632180551,-77.9071620116888,0.5240936583744221,0.4877957793808825,0.5955712698953206,0.6554697541375772,-0.0237455045259561,17.101705722532415,3187.3033496723087,0.7004431392950629,0.6504516311313608,-200.14008406039463,0.0669412490907128
19951081068,1995,2012,17,1995-2004,129.0,48.72614632180551,-77.9071620116888,0.4033851225614073,0.3867511558667938,0.5955712698953206,0.6554697541375772,-0.0237455045259561,17.423144774506056,2565.071611847312,0.7404664959154845,0.971890683105002,-822.3718218853915,0.1069646057111345
19951081068,1995,2013,18,1995-2004,129.0,48.72614632180551,-77.9071620116888,0.2985399310647538,0.3184608565696924,0.5955712698953206,0.6554697541375772,-0.0237455045259561,16.1049554921579,3193.6477583002797,0.5818983277875376,-0.3462985992431555,-193.79567543242365,-0.0516035624168124
19951081068,1995,2014,19,1995-2004,129.0,48.72614632180551,-77.9071620116888,0.4403628500165982,0.5256753223285466,0.5955712698953206,0.6554697541375772,-0.0237455045259561,16.099950505685115,3947.858780372652,0.5775310781441116,-0.3513035857159394,560.4153466399484,-0.0559708120602383
19951081068,1995,2015,20,1995-2004,129.0,48.72614632180551,-77.9071620116888,0.666896747872509,0.7822053984593353,0.5955712698953206,0.6554697541375772,-0.0237455045259561,16.002572231016302,2939.013350518337,0.536656530197799,-0.4486818603847524,-448.4300832143663,-0.0968453600065509
19951081084,1995,1992,-3,1995-2004,6925.0,48.658623331136546,-75.95534027646326,0.6055084264069592,0.6113261117580985,0.55088220170932,0.6113261117580985,0.0309681021685894,13.790315310193646,3680.903386101933,0.5330177164638239,-2.374990069225764,129.76977907117833,-0.0755346008065096
19951081084,1995,1993,-2,1995-2004,6925.0,48.658623331136546,-75.95534027646326,0.527339510614357,0.6151946629748953,0.55088220170932,0.6113261117580985,0.0309681021685894,16.353574595449437,3507.0468808229066,0.5720651534208049,0.1882692160300257,-44.08672620784832,-0.0364871638495286
19951081084,1995,1994,-1,1995-2004,6925.0,48.658623331136546,-75.95534027646326,0.55088220170932,0.5194883269434324,0.55088220170932,0.6113261117580985,0.0309681021685894,15.388415702630905,4163.468889367997,0.4977416069411957,-0.7768896767885065,612.3352823372419,-0.1108107103291377
19951081084,1995,1995,0,1995-2004,6925.0,48.658623331136546,-75.95534027646326,0.5199140995407305,0.6522871814798776,0.55088220170932,0.6113261117580985,0.0309681021685894,17.5283967920957,2138.5375733468427,0.7803740050697179,1.3630914126762892,-1412.596033683912,0.1718216877993843
19951081084,1995,1996,1,1995-2004,6925.0,48.658623331136546,-75.95534027646326,-0.1055713351232678,0.3222967239849575,0.55088220170932,0.6113261117580985,0.0309681021685894,16.36061874393202,4098.715235716168,0.6159301770591613,0.19531336451261,547.5816286854127,0.0073778597888278
19951081084,1995,1997,2,1995-2004,6925.0,48.658623331136546,-75.95534027646326,0.1991684617488106,0.1601534083830438,0.55088220170932,0.6113261117580985,0.0309681021685894,15.578320594827815,3342.1639263180937,0.5734105746953289,-0.5869847845915946,-208.96968071266096,-0.0351417425750046
19951081084,1995,1998,3,1995-2004,6925.0,48.658623331136546,-75.95534027646326,0.2305027767322896,0.3633227748413264,0.55088220170932,0.6113261117580985,0.0309681021685894,16.13095371332821,3009.506426863754,0.5851995238035671,-0.0343516660912022,-541.6271801670007,-0.0233527934667664
19951081084,1995,1999,4,1995-2004,6925.0,48.658623331136546,-75.95534027646326,0.2851218915308254,0.5723161177490952,0.55088220170932,0.6113261117580985,0.0309681021685894,16.793654268072824,4384.473286742471,0.6243665330271969,0.6283488886534142,833.3396797117166,0.0158142157568633
19951081084,1995,2000,5,1995-2004,6925.0,48.658623331136546,-75.95534027646326,0.2246595580295513,0.2538216869127485,0.55088220170932,0.6113261117580985,0.0309681021685894,14.618817669728802,2906.1683308402994,0.5033636012070137,-1.54648770969061,-644.9652761904554,-0.1051887160633198
19951081084,1995,2001,6,1995-2004,6925.0,48.658623331136546,-75.95534027646326,0.353573809400299,0.5956906311369896,0.55088220170932,0.6113261117580985,0.0309681021685894,16.486180177930304,2775.539856225056,0.6483444598888289,0.320874798510894,-775.5937508056984,0.0397921426184954
19951081084,1995,2002,7,1995-2004,6925.0,48.658623331136546,-75.95534027646326,0.4003608282282241,0.4571550638648008,0.55088220170932,0.6113261117580985,0.0309681021685894,16.04402501092,3487.1044081987206,0.6307130525850669,-0.1212803684994129,-64.0291988320341,0.0221607353147334
19951081084,1995,2003,8,1995-2004,6925.0,48.658623331136546,-75.95534027646326,0.3613802411322967,0.4550675140613608,0.55088220170932,0.6113261117580985,0.0309681021685894,15.982167053655647,5115.431503714801,0.5696481467668811,-0.1831383257637637,1564.297896684045,-0.0389041705034523
19951081084,1995,2004,9,1995-2004,6925.0,48.658623331136546,-75.95534027646326,0.4199213548553367,0.255828713484421,0.55088220170932,0.6113261117580985,0.0309681021685894,14.62458132859902,3694.787160833012,0.501298091030272,-1.5407240508203917,143.65355380225708,-0.1072542262400616
19951081084,1995,2005,10,1995-2004,6925.0,48.658623331136546,-75.95534027646326,0.4590149183718917,0.5097761921625402,0.55088220170932,0.6113261117580985,0.0309681021685894,18.14217998243646,2659.0601832348816,0.7731499382426339,1.976874603017051,-892.073423795873,0.1645976209723003
19951081084,1995,2006,11,1995-2004,6925.0,48.658623331136546,-75.95534027646326,0.3808879416140067,0.4590549123692791,0.55088220170932,0.6113261117580985,0.0309681021685894,16.49447160552861,3159.444741285479,0.6673520626652899,0.3291662261091996,-391.6888657452761,0.0587997453949562
19951081084,1995,2007,12,1995-2004,6925.0,48.658623331136546,-75.95534027646326,0.5097780187178127,0.5840659482769963,0.55088220170932,0.6113261117580985,0.0309681021685894,15.803447020724835,3895.902396089868,0.6320643076538515,-0.3618583586945728,344.76878905911366,0.0235119903835179
19951081084,1995,2008,13,1995-2004,6925.0,48.658623331136546,-75.95534027646326,0.3183747952357481,0.0585147548061057,0.55088220170932,0.6113261117580985,0.0309681021685894,15.853756395576111,4311.7750885465,0.4401371888766993,-0.3115489838432986,760.6414815157453,-0.1684151283936342
19951081084,1995,2009,14,1995-2004,6925.0,48.658623331136546,-75.95534027646326,0.4785016139620299,0.4316459251543016,0.55088220170932,0.6113261117580985,0.0309681021685894,15.348924620166404,4406.967580144016,0.5194598497114544,-0.8163807592530059,855.8339731132615,-0.089092467558879
19951081084,1995,2010,15,1995-2004,6925.0,48.658623331136546,-75.95534027646326,0.4589918574500413,0.3320576350428849,0.55088220170932,0.6113261117580985,0.0309681021685894,16.74042530833591,2926.2435246599307,0.6818176111905933,0.5751199289165033,-624.8900823708242,0.0732652939202596
19951081084,1995,2011,16,1995-2004,6925.0,48.658623331136546,-75.95534027646326,0.5488009723982525,0.6191424166555172,0.55088220170932,0.6113261117580985,0.0309681021685894,16.69239695922969,4039.7601626884302,0.6243098038319504,0.5270915798102773,488.6265556576756,0.0157574865616169
19951081084,1995,2012,17,1995-2004,6925.0,48.658623331136546,-75.95534027646326,0.5527769279955173,0.6836018017552176,0.55088220170932,0.6113261117580985,0.0309681021685894,17.133908181678702,2621.2208628171716,0.7227933290817036,0.968602802259292,-929.9127442135832,0.1142410118113699
19951081084,1995,2013,18,1995-2004,6925.0,48.658623331136546,-75.95534027646326,0.5683097555495805,0.7129091164921961,0.55088220170932,0.6113261117580985,0.0309681021685894,15.871089931977862,2875.43035792113,0.5917449801569817,-0.2942154474415475,-675.7032491096243,-0.0168073371133517
19951081084,1995,2014,19,1995-2004,6925.0,48.658623331136546,-75.95534027646326,0.5215155795844866,0.5606395145355665,0.55088220170932,0.6113261117580985,0.0309681021685894,16.22670659239043,3926.606623191091,0.5935534731396488,0.0614012129710164,375.4730161603365,-0.0149988441306847
19951081084,1995,2015,20,1995-2004,6925.0,48.658623331136546,-75.95534027646326,0.404308847308356,0.3711698421265212,0.55088220170932,0.6113261117580985,0.0309681021685894,15.72900787551348,3954.32534343631,0.5225430953175099,-0.4362975039059293,403.19173640555584,-0.0860092219528236
19961080302,1996,1993,-3,1995-2004,1088.0,48.84667981558052,-76.65210441308228,0.5879356628376214,0.5976397358396629,0.568424344165906,0.5976397358396629,0.3277754103496217,16.1993953856869,4046.796820576823,0.5552616063502024,0.053484819015992,276.1966395973377,-0.0557243922103268
19961080302,1996,1994,-2,1995-2004,1088.0,48.84667981558052,-76.65210441308228,0.3915988311631794,0.0878735872947107,0.568424344165906,0.5976397358396629,0.3277754103496217,15.2681661674942,4654.516236339955,0.4827056869298586,-0.8777443991767058,883.9160553604697,-0.1282803116306706
19961080302,1996,1995,-1,1995-2004,1088.0,48.84667981558052,-76.65210441308228,0.568424344165906,0.6934341064667943,0.568424344165906,0.5976397358396629,0.3277754103496217,17.50880019422891,2601.3246764342703,0.7761560778584603,1.3628896275580047,-1169.275504545215,0.165170079297931
19961080302,1996,1996,0,1995-2004,1088.0,48.84667981558052,-76.65210441308228,0.2406489338162843,0.4160173339551545,0.568424344165906,0.5976397358396629,0.3277754103496217,16.320715453659318,4232.9582129076325,0.6121249118708865,0.1748048869884115,462.3580319281473,0.0011389133103572
19961080302,1996,1997,1,1995-2004,1088.0,48.84667981558052,-76.65210441308228,0.0512013844656699,0.259869353345623,0.568424344165906,0.5976397358396629,0.3277754103496217,15.615440090842869,3694.75811655785,0.5754389959144826,-0.5304704758280394,-75.84206442163531,-0.0355470026460467
19961080302,1996,1998,2,1995-2004,1088.0,48.84667981558052,-76.65210441308228,0.0332503445251201,0.4121931344046523,0.568424344165906,0.5976397358396629,0.3277754103496217,16.291156394239806,3052.154117649032,0.6075722471326385,0.1452458275688997,-718.4460633304534,-0.0034137514278907
19961080302,1996,1999,3,1995-2004,1088.0,48.84667981558052,-76.65210441308228,0.2361712589840219,0.0897057976032594,0.568424344165906,0.5976397358396629,0.3277754103496217,16.783504726575813,4422.172734182297,0.6197662804082986,0.6375941599049071,651.5725532028118,0.0087802818477693
19961080302,1996,2000,4,1995-2004,1088.0,48.84667981558052,-76.65210441308228,0.376995073217134,-0.3301204273842874,0.568424344165906,0.5976397358396629,0.3277754103496217,14.562900002797448,3150.429882930027,0.5106315356856292,-1.583010563873458,-620.1702980494583,-0.1003544628749
19961080302,1996,2001,5,1995-2004,1088.0,48.84667981558052,-76.65210441308228,0.2559684261299667,0.6034190054668217,0.568424344165906,0.5976397358396629,0.3277754103496217,16.504774230459475,3100.3913338334996,0.6571403840792065,0.3588636637885685,-670.2088471459856,0.0461543855186772
19961080302,1996,2002,6,1995-2004,1088.0,48.84667981558052,-76.65210441308228,0.3497228189630674,0.6153439325701308,0.568424344165906,0.5976397358396629,0.3277754103496217,16.08997138203057,3269.327950782415,0.6427936733210597,-0.0559391846403372,-501.27223019707026,0.0318076747605304
19961080302,1996,2003,7,1995-2004,1088.0,48.84667981558052,-76.65210441308228,0.361331454784931,0.533176624657769,0.568424344165906,0.5976397358396629,0.3277754103496217,15.851879194508456,5915.815828850942,0.55944772209986,-0.2940313721624505,2145.215647871457,-0.0515382764606692
19961080302,1996,2004,8,1995-2004,1088.0,48.84667981558052,-76.65210441308228,0.3692760889913946,0.5525635381337425,0.568424344165906,0.5976397358396629,0.3277754103496217,14.58610555261805,4212.373408768663,0.5047366841622547,-1.5598050140528557,441.7732277891773,-0.1062493143982745
19961080302,1996,2005,9,1995-2004,1088.0,48.84667981558052,-76.65210441308228,0.4275731650719632,0.5798736569334635,0.568424344165906,0.5976397358396629,0.3277754103496217,18.227750997958022,2843.041826977707,0.7888802158286011,2.0818404312871195,-927.5583540017784,0.1778942172680718
19961080302,1996,2006,10,1995-2004,1088.0,48.84667981558052,-76.65210441308228,0.384884937772612,0.513708438347248,0.568424344165906,0.5976397358396629,0.3277754103496217,16.469476954142294,3160.787644906165,0.6797711175554769,0.3235663874713879,-609.8125360733202,0.0687851189949476
19961080302,1996,2007,11,1995-2004,1088.0,48.84667981558052,-76.65210441308228,0.4239155439203681,0.5800014454157018,0.568424344165906,0.5976397358396629,0.3277754103496217,15.82953126741495,3982.24069904451,0.6419652216183777,-0.3163792992559564,211.6405180650249,0.0309792230578483
19961080302,1996,2008,12,1995-2004,1088.0,48.84667981558052,-76.65210441308228,0.4434317966620006,0.4880864737734554,0.568424344165906,0.5976397358396629,0.3277754103496217,15.803185661979342,4992.907420295093,0.4394548698268447,-0.3427249046915648,1222.307239315608,-0.1715311287336845
19961080302,1996,2009,13,1995-2004,1088.0,48.84667981558052,-76.65210441308228,0.384651254547919,0.2146341870363628,0.568424344165906,0.5976397358396629,0.3277754103496217,15.3537055084671,4197.238725274811,0.5260891781743346,-0.7922050582038054,426.638544295326,-0.0848968203861946
19961080302,1996,2010,14,1995-2004,1088.0,48.84667981558052,-76.65210441308228,0.4473060030836066,0.4079515664040292,0.568424344165906,0.5976397358396629,0.3277754103496217,16.786088092085265,2973.13120099248,0.6865058323343723,0.6401775254143587,-797.4689799870052,0.075519833773843
19961080302,1996,2011,15,1995-2004,1088.0,48.84667981558052,-76.65210441308228,0.4628970905560964,0.2988976016318003,0.568424344165906,0.5976397358396629,0.3277754103496217,16.69609261111941,4053.251582494429,0.6386337665269913,0.5501820444485048,282.6514015149437,0.027647767966462
19961080302,1996,2012,16,1995-2004,1088.0,48.84667981558052,-76.65210441308228,0.3846210189727476,-0.1839214716020387,0.568424344165906,0.5976397358396629,0.3277754103496217,17.116099902166866,2993.956367667348,0.7231123281545355,0.9701893354959594,-776.6438133121374,0.1121263295940062
19961080302,1996,2013,17,1995-2004,1088.0,48.84667981558052,-76.65210441308228,0.5018165590536238,0.7089829840118118,0.568424344165906,0.5976397358396629,0.3277754103496217,15.808074300185524,3481.3005572286,0.5806079924742097,-0.3378362664853824,-289.2996237508851,-0.0303780060863195
19961080302,1996,2014,18,1995-2004,1088.0,48.84667981558052,-76.65210441308228,0.517583798245884,0.5332943576032593,0.568424344165906,0.5976397358396629,0.3277754103496217,16.13978788679924,3864.783563401314,0.5910461276182325,-0.006122679871666,94.1833824218288,-0.0199398709422967
19961080302,1996,2015,19,1995-2004,1088.0,48.84667981558052,-76.65210441308228,0.4785789289326502,0.6231034583272693,0.568424344165906,0.5976397358396629,0.3277754103496217,15.690946183688425,3716.2478070202383,0.5218279757175175,-0.4549643829824816,-54.35237395924696,-0.0891580228430117
19961080302,1996,2016,20,1995-2004,1088.0,48.84667981558052,-76.65210441308228,0.5370414215956287,0.6697313565106758,0.568424344165906,0.5976397358396629,0.3277754103496217,16.20555095949038,3544.420215125861,0.588420562311484,0.0596403928194746,-226.17996585362425,-0.0225654362490452
19961080399,1996,1993,-3,1995-2004,881.0,50.00459098335045,-76.44000113717601,0.486239817495294,0.5527869428728514,0.486239817495294,0.5527869428728514,0.2966680271369631,16.07485975085315,4364.366952745729,0.5648283006109368,0.3999284165471601,389.7333039269448,-0.0064249481206136
19961080399,1996,1994,-2,1995-2004,881.0,50.00459098335045,-76.44000113717601,0.4823340103445268,0.5176483700741685,0.486239817495294,0.5527869428728514,0.2966680271369631,14.64030036542346,5397.307262204812,0.4628191785859034,-1.034630968882532,1422.6736133860272,-0.108434070145647
19961080399,1996,1995,-1,1995-2004,881.0,50.00459098335045,-76.44000113717601,0.5448854005324871,0.6661236911935909,0.486239817495294,0.5527869428728514,0.2966680271369631,16.84289045523266,3564.44879379986,0.69376642442821,1.1679591209266689,-410.1848550189248,0.1225131756966594
19961080399,1996,1996,0,1995-2004,881.0,50.00459098335045,-76.44000113717601,0.1895717903583308,0.1540189023548214,0.486239817495294,0.5527869428728514,0.2966680271369631,15.912968765479944,4766.720407779259,0.5860807554377703,0.2380374311739547,792.0867589604741,0.0148275067062197
19961080399,1996,1997,1,1995-2004,881.0,50.00459098335045,-76.44000113717601,0.3064385144119505,0.0849142090993961,0.486239817495294,0.5527869428728514,0.2966680271369631,15.151657854582922,3674.2279186849664,0.5489292942274618,-0.5232734797230694,-300.4057301338188,-0.0223239545040885
19961080399,1996,1998,2,1995-2004,881.0,50.00459098335045,-76.44000113717601,0.0720650500077406,0.4278119420330605,0.486239817495294,0.5527869428728514,0.2966680271369631,15.972143848058831,3826.835157148496,0.5728143404136442,0.2972125137528428,-147.79849167028922,0.0015610916820938
19961080399,1996,1999,3,1995-2004,881.0,50.00459098335045,-76.44000113717601,0.2832423108084638,0.2205324903777306,0.486239817495294,0.5527869428728514,0.2966680271369631,16.17009521429092,4638.472868970806,0.566794107351372,0.4951638799849311,663.8392201520209,-0.0044591413801783
19961080399,1996,2000,4,1995-2004,881.0,50.00459098335045,-76.44000113717601,0.2247219534240907,0.4549866360852457,0.486239817495294,0.5527869428728514,0.2966680271369631,14.19377051679539,3241.7198756846847,0.4978611680607442,-1.4811608175106,-732.9137731341,-0.0733920806708061
19961080399,1996,2001,5,1995-2004,881.0,50.00459098335045,-76.44000113717601,0.3380394854398293,0.5720949047277321,0.486239817495294,0.5527869428728514,0.2966680271369631,16.060308261539664,3256.0392438265985,0.5861035838074398,0.3853769272336758,-718.5944049921865,0.0148503350758892
19961080399,1996,2002,6,1995-2004,881.0,50.00459098335045,-76.44000113717601,0.3925710432297651,0.5215790626059318,0.486239817495294,0.5527869428728514,0.2966680271369631,15.618771392199832,2955.319006011059,0.6135123064974879,-0.0561599421061589,-1019.314642807726,0.0422590577659374
19961080399,1996,2003,7,1995-2004,881.0,50.00459098335045,-76.44000113717601,0.3497365779934279,0.333939444481466,0.486239817495294,0.5527869428728514,0.2966680271369631,15.38870573724656,3971.229105290957,0.5625100297326562,-0.2862255970594325,-3.4045435278272405,-0.0087432189988941
19961080399,1996,2004,8,1995-2004,881.0,50.00459098335045,-76.44000113717601,0.3924958663389239,0.0896918490151202,0.486239817495294,0.5527869428728514,0.2966680271369631,14.083850593536203,4746.210958157071,0.4633306255343519,-1.5910807407697876,771.5773093382863,-0.1079226231971985
19961080399,1996,2005,9,1995-2004,881.0,50.00459098335045,-76.44000113717601,0.4667700029338381,0.4121466975891726,0.486239817495294,0.5527869428728514,0.2966680271369631,17.62845466156131,3320.1230437804584,0.741852955980898,1.9535233272553203,-654.5106050383265,0.1705997072493475
19961080399,1996,2006,10,1995-2004,881.0,50.00459098335045,-76.44000113717601,0.4864808241370106,0.6895224897870491,0.486239817495294,0.5527869428728514,0.2966680271369631,16.005777244752185,3071.497352317516,0.6438640377156344,0.3308459104461959,-903.1362965012688,0.0726107889840838
19961080399,1996,2007,11,1995-2004,881.0,50.00459098335045,-76.44000113717601,0.4589088814241094,0.6307659315434194,0.486239817495294,0.5527869428728514,0.2966680271369631,15.277161858405591,4153.025773132267,0.5956847192181353,-0.3977694759003966,178.39212431348233,0.0244314704865848
19961080399,1996,2008,12,1995-2004,881.0,50.00459098335045,-76.44000113717601,0.5216689088111054,0.599557679456419,0.486239817495294,0.5527869428728514,0.2966680271369631,15.495837939943732,5342.576250721297,0.413362875396262,-0.1790933943622581,1367.9426019025111,-0.1578903733352884
19961080399,1996,2009,13,1995-2004,881.0,50.00459098335045,-76.44000113717601,0.4354919624977792,0.3535457113087614,0.486239817495294,0.5527869428728514,0.2966680271369631,15.221229832107156,3799.0434177799457,0.5161275638319072,-0.453701502198835,-175.59023103883916,-0.0551256848996433
19961080399,1996,2010,14,1995-2004,881.0,50.00459098335045,-76.44000113717601,0.4472834529233976,0.4901451554508652,0.486239817495294,0.5527869428728514,0.2966680271369631,16.17090138544399,3250.6280223430017,0.6172324334742204,0.4959700511379987,-724.0056264757834,0.0459791847426699
19961080399,1996,2011,15,1995-2004,881.0,50.00459098335045,-76.44000113717601,0.4472324099538575,0.3769128345564541,0.486239817495294,0.5527869428728514,0.2966680271369631,16.176785123930554,3630.0864630343694,0.6061710974841786,0.5018537896245612,-344.5471857844155,0.0349178487526282
19961080399,1996,2012,16,1995-2004,881.0,50.00459098335045,-76.44000113717601,0.3885324991504846,0.0982251562137161,0.486239817495294,0.5527869428728514,0.2966680271369631,16.47113226554248,3700.9972873136926,0.6370133627649182,0.7962009312364877,-273.6363615050922,0.0657601140333677
19961080399,1996,2013,17,1995-2004,881.0,50.00459098335045,-76.44000113717601,0.525431274715398,0.7011861995551436,0.486239817495294,0.5527869428728514,0.2966680271369631,15.365678645076136,4227.478861142814,0.5549495387527374,-0.3092526892298557,252.8452123240289,-0.016303709978813
19961080399,1996,2014,18,1995-2004,881.0,50.00459098335045,-76.44000113717601,0.4590438085613517,0.4005181720388292,0.486239817495294,0.5527869428728514,0.2966680271369631,16.10952476925321,3840.4709541810457,0.5904078567474849,0.4345934349472182,-134.16269463773943,0.0191546080159343
19961080399,1996,2015,19,1995-2004,881.0,50.00459098335045,-76.44000113717601,0.5136954340961738,0.6427475153789393,0.486239817495294,0.5527869428728514,0.2966680271369631,15.334238482263869,4045.6844897368023,0.4829484237165674,-0.3406928520421217,71.05084091801712,-0.088304825014983
19961080399,1996,2016,20,1995-2004,881.0,50.00459098335045,-76.44000113717601,0.5917191470387619,0.7559705727146045,0.486239817495294,0.5527869428728514,0.2966680271369631,15.580704218997033,4678.846524784006,0.5139469199957607,-0.094227115308959,704.212875965221,-0.0573063287357897
19961080536,1996,1993,-3,1995-2004,6862.0,50.294283458815954,-76.2048146362308,0.5050263772019388,0.5333095746371728,0.5253518603596903,0.6543075703988042,0.2112463776931625,15.704093742588856,4506.916989336458,0.5778300320696801,0.4987097406278191,498.5831893405892,0.0064489933809546
19961080536,1996,1994,-2,1995-2004,6862.0,50.294283458815954,-76.2048146362308,0.541126193765978,0.6543075703988042,0.5253518603596903,0.6543075703988042,0.2112463776931625,14.175757171796736,5344.342226332165,0.4715422815137089,-1.0296268301643008,1336.0084263362974,-0.0998387571750165
19961080536,1996,1995,-1,1995-2004,6862.0,50.294283458815954,-76.2048146362308,0.5253518603596903,0.6621424274124788,0.5253518603596903,0.6543075703988042,0.2112463776931625,16.32645903833945,3275.9528369360514,0.6860768037716408,1.121075036378412,-732.3809630598167,0.1146957650829152
19961080536,1996,1996,0,1995-2004,6862.0,50.294283458815954,-76.2048146362308,0.3141054826665277,0.0598432517642346,0.5253518603596903,0.6543075703988042,0.2112463776931625,15.468715232424314,4554.013800337774,0.5980619073408567,0.2633312304632759,545.6800003419056,0.0266808686521312
19961080536,1996,1997,1,1995-2004,6862.0,50.294283458815954,-76.2048146362308,0.5195411532488176,0.019467786421033,0.5253518603596903,0.6543075703988042,0.2112463776931625,14.71078720070952,3462.2985068179755,0.5588285001009948,-0.4945968012515179,-546.035293177893,-0.0125525385877305
19961080536,1996,1998,2,1995-2004,6862.0,50.294283458815954,-76.2048146362308,0.2283699310940924,0.5953489083076425,0.5253518603596903,0.6543075703988042,0.2112463776931625,15.527271059139574,4073.494096916858,0.5687147677539219,0.3218870571785349,65.16029692098972,-0.0026662709348036
19961080536,1996,1999,3,1995-2004,6862.0,50.294283458815954,-76.2048146362308,0.3336420617501254,0.3341466295723344,0.5253518603596903,0.6543075703988042,0.2112463776931625,15.669554138329117,4959.155143054073,0.5690233697821925,0.4641701363680794,950.8213430582048,-0.0023576689065329
19961080536,1996,2000,4,1995-2004,6862.0,50.294283458815954,-76.2048146362308,0.2869403624118958,0.5841652239635213,0.5253518603596903,0.6543075703988042,0.2112463776931625,13.7285490909667,3361.4238714184844,0.500683024578965,-1.4768349109943362,-646.9099285773838,-0.0706980141097605
19961080536,1996,2001,5,1995-2004,6862.0,50.294283458815954,-76.2048146362308,0.353340739709568,0.4549938320485356,0.5253518603596903,0.6543075703988042,0.2112463776931625,15.61400625642072,3419.537054677706,0.5794711979975957,0.4086222544596843,-588.7967453181627,0.0080901593088702
19961080536,1996,2002,6,1995-2004,6862.0,50.294283458815954,-76.2048146362308,0.3456310712551212,0.3965245443725569,0.5253518603596903,0.6543075703988042,0.2112463776931625,15.093199820558516,2987.9830822455724,0.6051906839798062,-0.1121841814025198,-1020.350717750296,0.0338096452910806
19961080536,1996,2003,7,1995-2004,6862.0,50.294283458815954,-76.2048146362308,0.3339463724880279,0.2051397262859805,0.5253518603596903,0.6543075703988042,0.2112463776931625,14.94215102861349,3804.660931761483,0.5669582154886679,-0.2632329733475474,-203.6728682343856,-0.0044228232000576
19961080536,1996,2004,8,1995-2004,6862.0,50.294283458815954,-76.2048146362308,0.336865997233,0.2247737833454106,0.5253518603596903,0.6543075703988042,0.2112463776931625,13.61887668279364,4494.1083139743305,0.463933961692877,-1.586507319167398,485.7745139784613,-0.1074470769958484
19961080536,1996,2005,9,1995-2004,6862.0,50.294283458815954,-76.2048146362308,0.4356214473035317,0.5725149838672039,0.5253518603596903,0.6543075703988042,0.2112463776931625,17.02173569698903,3715.061792816544,0.724865170597975,1.8163516950279917,-293.27200717932436,0.1534841319092494
19961080536,1996,2006,10,1995-2004,6862.0,50.294283458815954,-76.2048146362308,0.4431501139653945,0.6308308864431349,0.5253518603596903,0.6543075703988042,0.2112463776931625,15.540750001315244,3033.458227450812,0.6447660494651054,0.3353659993542081,-974.8755725450563,0.0733850107763798
19961080536,1996,2007,11,1995-2004,6862.0,50.294283458815954,-76.2048146362308,0.3885334647384995,0.38497596171382,0.5253518603596903,0.6543075703988042,0.2112463776931625,14.767751491569928,4423.38710700714,0.5896271717961568,-0.4376325103911098,415.053307011272,0.0182461331074312
19961080536,1996,2008,12,1995-2004,6862.0,50.294283458815954,-76.2048146362308,0.3416052082422476,0.2910171917465232,0.5253518603596903,0.6543075703988042,0.2112463776931625,15.057184419115492,5660.762251604004,0.4171480373740227,-0.1481995828455464,1652.4284516081357,-0.1542330013147027
19961080536,1996,2009,13,1995-2004,6862.0,50.294283458815954,-76.2048146362308,0.3661046125727858,0.1003357052463988,0.5253518603596903,0.6543075703988042,0.2112463776931625,14.797379603265936,3573.072800567678,0.5248529898536656,-0.4080043986951027,-435.2609994281906,-0.0465280488350598
19961080536,1996,2010,14,1995-2004,6862.0,50.294283458815954,-76.2048146362308,0.3973825674031315,0.24018606650354,0.5253518603596903,0.6543075703988042,0.2112463776931625,15.586204519788351,3474.5145951914624,0.6020507862438307,0.3808205178273133,-533.819204804406,0.0306697475551051
19961080536,1996,2011,15,1995-2004,6862.0,50.294283458815954,-76.2048146362308,0.5059233377692606,0.6622865623328973,0.5253518603596903,0.6543075703988042,0.2112463776931625,15.735342732537925,3828.860039139001,0.6132106845215307,0.5299587305768879,-179.47376085686668,0.0418296458328051
19961080536,1996,2012,16,1995-2004,6862.0,50.294283458815954,-76.2048146362308,0.3611771605919542,0.1834099838226896,0.5253518603596903,0.6543075703988042,0.2112463776931625,15.974994768248932,3739.4891262503193,0.625537536239825,0.7696107662878974,-268.84467374554885,0.0541564975510995
19961080536,1996,2013,17,1995-2004,6862.0,50.294283458815954,-76.2048146362308,0.4942331014350804,0.7283195794779698,0.5253518603596903,0.6543075703988042,0.2112463776931625,14.94194148396101,4045.1650522946434,0.558363832534075,-0.2634425180000281,36.831252298775425,-0.0130172061546505
19961080536,1996,2014,18,1995-2004,6862.0,50.294283458815954,-76.2048146362308,0.4834203757792306,0.66612987705612,0.5253518603596903,0.6543075703988042,0.2112463776931625,15.72036933069646,4073.4493900533175,0.5964147071013105,0.5149853287354236,65.1155900574487,0.0250336684125849
19961080536,1996,2015,19,1995-2004,6862.0,50.294283458815954,-76.2048146362308,0.5069100299690177,0.6659475791824013,0.5253518603596903,0.6543075703988042,0.2112463776931625,14.94649102511432,3900.274278310387,0.4893602402123066,-0.2588929768467163,-108.05952168548085,-0.0820207984764189
19961080536,1996,2016,20,1995-2004,6862.0,50.294283458815954,-76.2048146362308,0.482634790458063,0.4552251746675093,0.5253518603596903,0.6543075703988042,0.2112463776931625,15.128578318138322,4574.481440532686,0.5138533398495957,-0.0768056838227153,566.1476405368178,-0.0575276988391297
19961080651,1996,1993,-3,1995-2004,4130.0,50.18051397610666,-75.86210334401093,0.5556282790021875,0.6659648119832222,0.5556282790021875,0.6504910499511471,0.322222750667368,15.800633780161547,4321.57143902365,0.582335750012689,0.5345645574670864,344.5846786821098,0.0077492986401145
19961080651,1996,1994,-2,1995-2004,4130.0,50.18051397610666,-75.86210334401093,0.5712154167020597,0.6466011421539462,0.5556282790021875,0.6504910499511471,0.322222750667368,14.252096230050824,5423.990430538802,0.4759272168967769,-1.0139729926436365,1447.0036701972615,-0.0986592344757975
19961080651,1996,1995,-1,1995-2004,4130.0,50.18051397610666,-75.86210334401093,0.5408417828350258,0.6504910499511471,0.5556282790021875,0.6504910499511471,0.322222750667368,16.36980775197347,3321.4679703961524,0.6868430587549025,1.103738529279013,-655.5187899453872,0.112256607382328
19961080651,1996,1996,0,1995-2004,4130.0,50.18051397610666,-75.86210334401093,0.2334055283348194,0.1072723011278493,0.5556282790021875,0.6504910499511471,0.322222750667368,15.51575055329698,4565.262026193759,0.6040520454464063,0.2496813306025213,588.2752658522181,0.0294655940738319
19961080651,1996,1997,1,1995-2004,4130.0,50.18051397610666,-75.86210334401093,0.4880380427278018,-0.0266307209767632,0.5556282790021875,0.6504910499511471,0.322222750667368,14.722548475127338,3284.1234064769287,0.5572813697605989,-0.5435207475671238,-692.8633538646118,-0.0173050816119756
19961080651,1996,1998,2,1995-2004,4130.0,50.18051397610666,-75.86210334401093,0.238679530374424,0.5761008511658827,0.5556282790021875,0.6504910499511471,0.322222750667368,15.535793969251142,4092.042256718112,0.5640351938531318,0.2697247465566814,115.05549637657214,-0.0105512575194425
19961080651,1996,1999,3,1995-2004,4130.0,50.18051397610666,-75.86210334401093,0.3421042397548154,0.3711272700047505,0.5556282790021875,0.6504910499511471,0.322222750667368,15.759463243899177,5014.059907983958,0.5752242680001609,0.4933940212047158,1037.0731476424176,0.0006378166275865
19961080651,1996,2000,4,1995-2004,4130.0,50.18051397610666,-75.86210334401093,0.2089421426983751,0.5917548157380735,0.5556282790021875,0.6504910499511471,0.322222750667368,13.79820804457736,3241.5605376301273,0.5020750423826622,-1.4678611781171018,-735.4262227114126,-0.0725114089899121
19961080651,1996,2001,5,1995-2004,4130.0,50.18051397610666,-75.86210334401093,0.3380826426189336,0.6192355918682709,0.5556282790021875,0.6504910499511471,0.322222750667368,15.70734319134035,3203.218237035139,0.5861789476428708,0.4412739686458902,-773.7685233064008,0.0115924962702964
19961080651,1996,2002,6,1995-2004,4130.0,50.18051397610666,-75.86210334401093,0.3378709267716333,0.5918720425070931,0.5556282790021875,0.6504910499511471,0.322222750667368,15.158007889899691,3053.7382710047928,0.6146970535419092,-0.1080613327947677,-923.2484893367472,0.0401106021693348
19961080651,1996,2003,7,1995-2004,4130.0,50.18051397610666,-75.86210334401093,0.2400759905407495,0.2754323164549804,0.5556282790021875,0.6504910499511471,0.322222750667368,15.00830858479377,3939.6205309019256,0.5690655033962027,-0.2577606379006912,-37.36622943961402,-0.0055209479763717
19961080651,1996,2004,8,1995-2004,4130.0,50.18051397610666,-75.86210334401093,0.2911164048137956,0.106950186559268,0.5556282790021875,0.6504910499511471,0.322222750667368,13.691728394273436,4639.907713886688,0.4686450430300097,-1.5743408284210263,662.9209535451469,-0.1059414083425646
19961080651,1996,2005,9,1995-2004,4130.0,50.18051397610666,-75.86210334401093,0.4394868527845905,0.5995404259147312,0.5556282790021875,0.6504910499511471,0.322222750667368,17.070152563288616,3710.189868144072,0.7353697858298229,1.8040833405941552,-266.79689219746797,0.1607833344572484
19961080651,1996,2006,10,1995-2004,4130.0,50.18051397610666,-75.86210334401093,0.3573771459157135,0.4237202939651665,0.5556282790021875,0.6504910499511471,0.322222750667368,15.66520077802137,2987.530593125345,0.6578140435262704,0.3991315553269086,-989.4561672161948,0.0832275921536959
19961080651,1996,2007,11,1995-2004,4130.0,50.18051397610666,-75.86210334401093,0.4082456900014566,0.4277224986740416,0.5556282790021875,0.6504910499511471,0.322222750667368,14.824589542720664,4475.835876911029,0.5936743901496083,-0.4414796799737988,498.849116569489,0.0190879387770339
19961080651,1996,2008,12,1995-2004,4130.0,50.18051397610666,-75.86210334401093,0.2478958035484193,0.2144114601893374,0.5556282790021875,0.6504910499511471,0.322222750667368,15.08396825652194,5627.514670538519,0.4140537534870938,-0.1821009661725217,1650.5279101969788,-0.1605326978854805
19961080651,1996,2009,13,1995-2004,4130.0,50.18051397610666,-75.86210334401093,0.3869312519367593,0.5745268505061354,0.5556282790021875,0.6504910499511471,0.322222750667368,14.841216654017389,3506.869657933722,0.5217196126075645,-0.4248525686770737,-470.1171024078181,-0.05286683876501
19961080651,1996,2010,14,1995-2004,4130.0,50.18051397610666,-75.86210334401093,0.4394358952631936,0.6307818613384263,0.5556282790021875,0.6504910499511471,0.322222750667368,15.612873503090704,3523.321718671337,0.6039342861205846,0.3468042803962415,-453.6650416702032,0.0293478347480101
19961080651,1996,2011,15,1995-2004,4130.0,50.18051397610666,-75.86210334401093,0.4783783314963738,0.6622021328744931,0.5556282790021875,0.6504910499511471,0.322222750667368,15.766051991780635,3750.539798027328,0.6060950297633172,0.499982769086176,-226.4469623142122,0.0315085783907427
19961080651,1996,2012,16,1995-2004,4130.0,50.18051397610666,-75.86210334401093,0.3779252966165758,0.2302296450900949,0.5556282790021875,0.6504910499511471,0.322222750667368,16.06589627473255,3829.457172374756,0.6286243214344962,0.7998270520380909,-147.52958796678422,0.0540378700619216
19961080651,1996,2013,17,1995-2004,4130.0,50.18051397610666,-75.86210334401093,0.4315579587563917,0.6679882849781934,0.5556282790021875,0.6504910499511471,0.322222750667368,14.996589076000737,4050.30246210364,0.5628793911119062,-0.2694801466937239,73.31570176210016,-0.0117070602606681
19961080651,1996,2014,18,1995-2004,4130.0,50.18051397610666,-75.86210334401093,0.4825312976023412,0.689310843763309,0.5556282790021875,0.6504910499511471,0.322222750667368,15.797252574865364,3737.30301273218,0.6030436504972289,0.5311833521709044,-239.68374760935967,0.0284571991246544
19961080651,1996,2015,19,1995-2004,4130.0,50.18051397610666,-75.86210334401093,0.4042221145546234,0.3575734874691075,0.5556282790021875,0.6504910499511471,0.322222750667368,15.006818331842886,3949.061057293705,0.4956219372914071,-0.2592508908515757,-27.92570304783567,-0.0789645140811673
19961080651,1996,2016,20,1995-2004,4130.0,50.18051397610666,-75.86210334401093,0.5087894325199313,0.4355998572478454,0.5556282790021875,0.6504910499511471,0.322222750667368,15.193127032293807,4384.853015664698,0.5186745072787677,-0.0729421904006532,407.8662553231584,-0.0559119440938067
19961080668,1996,1993,-3,1995-2004,816.0,50.25215675832303,-76.22988235042439,0.4786168196718919,0.5406926897599154,0.5135898894688204,0.6269457578788066,0.1989743946032713,15.734687859079145,4505.3796279091,0.5781148397699988,0.4918951568972201,502.2799405429969,0.0061835968467425
19961080668,1996,1994,-2,1995-2004,816.0,50.25215675832303,-76.22988235042439,0.5330539757631415,0.6269457578788066,0.5135898894688204,0.6269457578788066,0.1989743946032713,14.209837787738763,5332.859370340852,0.4714454739601635,-1.0329549144431611,1329.759682974749,-0.1004857689630926
19961080668,1996,1995,-1,1995-2004,816.0,50.25215675832303,-76.22988235042439,0.5135898894688204,0.6620749571804938,0.5135898894688204,0.6269457578788066,0.1989743946032713,16.36816369485166,3276.061787168256,0.6871887753523946,1.125370992669735,-727.0379001978472,0.1152575324291383
19961080668,1996,1996,0,1995-2004,816.0,50.25215675832303,-76.22988235042439,0.3146154948655491,0.0879470054454283,0.5135898894688204,0.6269457578788066,0.1989743946032713,15.506816067902946,4542.862086969634,0.5979067116177357,0.2640233657210213,539.7623996035309,0.0259754686944794
19961080668,1996,1997,1,1995-2004,816.0,50.25215675832303,-76.22988235042439,0.5897322796770079,0.0189946537552871,0.5135898894688204,0.6269457578788066,0.1989743946032713,14.753682950614175,3478.3177499767676,0.5598694413874066,-0.4891097515677476,-524.7819373893358,-0.0120618015358496
19961080668,1996,1998,2,1995-2004,816.0,50.25215675832303,-76.22988235042439,0.2988160602695047,0.6232640543884389,0.5135898894688204,0.6269457578788066,0.1989743946032713,15.570054329305492,4050.033096609248,0.570377219174356,0.3272616271235673,46.93340924314453,-0.0015540237489002
19961080668,1996,1999,3,1995-2004,816.0,50.25215675832303,-76.22988235042439,0.298850376190013,0.2673678704756413,0.5135898894688204,0.6269457578788066,0.1989743946032713,15.707393886732063,4925.9849653057445,0.5694297838477766,0.4646011845501387,922.8852779396412,-0.0025014590754796
19961080668,1996,2000,4,1995-2004,816.0,50.25215675832303,-76.22988235042439,0.3067273788032261,0.6034040044519012,0.5135898894688204,0.6269457578788066,0.1989743946032713,13.767168748551567,3360.7681262133583,0.5014815038432374,-1.4756239536303557,-642.331561152745,-0.0704497390800188
19961080668,1996,2001,5,1995-2004,816.0,50.25215675832303,-76.22988235042439,0.3573587934878311,0.396558188363375,0.5135898894688204,0.6269457578788066,0.1989743946032713,15.648635862875722,3420.9913852663476,0.5801174920146809,0.4058431606937969,-582.1083020997557,0.0081862490914246
19961080668,1996,2002,6,1995-2004,816.0,50.25215675832303,-76.22988235042439,0.3338771317081802,0.4005567155873832,0.5135898894688204,0.6269457578788066,0.1989743946032713,15.132645571059072,2984.377059272763,0.6054515981302462,-0.1101471311228525,-1018.7226280933404,0.0335203552069899
19961080668,1996,2003,7,1995-2004,816.0,50.25215675832303,-76.22988235042439,0.3691241835764724,0.1268359199947412,0.5135898894688204,0.6269457578788066,0.1989743946032713,14.977446202264332,3801.9629451618366,0.5673944934076857,-0.2653464999175927,-201.1367422042667,-0.0045367495155705
19961080668,1996,2004,8,1995-2004,816.0,50.25215675832303,-76.22988235042439,0.2989378976742702,0.2558817361436863,0.5135898894688204,0.6269457578788066,0.1989743946032713,13.6542340555053,4492.425935622641,0.4640406881128681,-1.588558646676626,489.32624825653784,-0.1078905548103881
19961080668,1996,2005,9,1995-2004,816.0,50.25215675832303,-76.22988235042439,0.4630167613424541,0.5294803273309405,0.5135898894688204,0.6269457578788066,0.1989743946032713,17.06458898765453,3704.364441342033,0.7250626317779721,1.8217962854726064,-298.7352460240704,0.1531313888547159
19961080668,1996,2006,10,1995-2004,816.0,50.25215675832303,-76.22988235042439,0.4433294180876192,0.661937928181894,0.5135898894688204,0.6269457578788066,0.1989743946032713,15.573813457765482,3027.813692687275,0.6447646152371721,0.3310207555835571,-975.2859946788284,0.0728333723139158
19961080668,1996,2007,11,1995-2004,816.0,50.25215675832303,-76.22988235042439,0.3495307666600198,0.3927213855643456,0.5135898894688204,0.6269457578788066,0.1989743946032713,14.807793906115135,4392.63315293853,0.5905170743968063,-0.4349987960667878,389.5334655724264,0.01858583147355
19961080668,1996,2008,12,1995-2004,816.0,50.25215675832303,-76.22988235042439,0.4042674534106746,0.525294528583504,0.5135898894688204,0.6269457578788066,0.1989743946032713,15.095001820550465,5608.535351726029,0.4178560839938174,-0.1477908816314599,1605.4356643599258,-0.1540751589294388
19961080668,1996,2009,13,1995-2004,816.0,50.25215675832303,-76.22988235042439,0.377061861170982,0.2557719932625822,0.5135898894688204,0.6269457578788066,0.1989743946032713,14.836049541528723,3576.771780513237,0.5257339101784068,-0.4067431606532015,-426.3279068528664,-0.0461973327448494
19961080668,1996,2010,14,1995-2004,816.0,50.25215675832303,-76.22988235042439,0.420104008304479,0.2283904584211666,0.5135898894688204,0.6269457578788066,0.1989743946032713,15.632137967538142,3450.250531309262,0.603342607718825,0.3893452653562175,-552.8491560568414,0.0314113647955687
19961080668,1996,2011,15,1995-2004,816.0,50.25215675832303,-76.22988235042439,0.5138984584849788,0.6660790715427956,0.5135898894688204,0.6269457578788066,0.1989743946032713,15.773886782881164,3832.1117230862887,0.614380995181501,0.5310940806992388,-170.9879642798146,0.0424497522582447
19961080668,1996,2012,16,1995-2004,816.0,50.25215675832303,-76.22988235042439,0.3572886039603646,0.1206864796608888,0.5135898894688204,0.6269457578788066,0.1989743946032713,16.010805411960803,3724.9098328832097,0.6265281993285364,0.768012709778878,-278.1898544828937,0.0545969564052801
19961080668,1996,2013,17,1995-2004,816.0,50.25215675832303,-76.22988235042439,0.4316544647040363,0.6738073426610476,0.5135898894688204,0.6269457578788066,0.1989743946032713,14.97657555980959,4072.939169789528,0.5585401052326183,-0.2662171423723354,69.83948242342467,-0.0133911376906379
19961080668,1996,2014,18,1995-2004,816.0,50.25215675832303,-76.22988235042439,0.4559593142376548,0.5371131202927459,0.5135898894688204,0.6269457578788066,0.1989743946032713,15.753254011402989,4078.080530959877,0.5966125749685703,0.5104613092210624,74.98084359377344,0.024681332045314
19961080668,1996,2015,19,1995-2004,816.0,50.25215675832303,-76.22988235042439,0.4552003910011201,0.6620295044599799,0.5135898894688204,0.6269457578788066,0.1989743946032713,14.980153752755427,3904.602451944641,0.4894150561264156,-0.2626389494264973,-98.49723542146285,-0.0825161867968405
19961080668,1996,2016,20,1995-2004,816.0,50.25215675832303,-76.22988235042439,0.4669668243243889,0.4120902084903608,0.5135898894688204,0.6269457578788066,0.1989743946032713,15.163388935033822,4575.858278024675,0.5143500534092017,-0.0794037671481024,572.7585906585718,-0.0575811895140545
19971080207,1997,1994,-3,1995-2004,5355.0,50.326633081147506,-77.5126215107155,0.3457233017125942,0.1464625431910517,0.4199620893598424,0.1464625431910517,0.251920409393481,14.191555641443294,4148.678693309571,0.4645554845076752,-1.060557885121603,553.4733678358476,-0.0981877511368209
19971080207,1997,1995,-2,1995-2004,5355.0,50.326633081147506,-77.5126215107155,0.5803194962194109,0.6680756613081821,0.4199620893598424,0.1464625431910517,0.251920409393481,16.474875639844196,3119.918487121343,0.6761019374042974,1.222762113279302,-475.28683835238087,0.1133587017598011
19971080207,1997,1996,-1,1995-2004,5355.0,50.326633081147506,-77.5126215107155,0.4199620893598424,0.0369198436925738,0.4199620893598424,0.1464625431910517,0.251920409393481,15.564416622552608,3991.7001883556545,0.5659951024244554,0.3123030959877119,396.4948628819312,0.0032518667799592
19971080207,1997,1997,0,1995-2004,5355.0,50.326633081147506,-77.5126215107155,0.1680416799663615,0.4492301950609649,0.4199620893598424,0.1464625431910517,0.251920409393481,14.910970349491224,4068.6129875076695,0.5496740328121426,-0.3411431770736693,473.40766203394656,-0.0130692028323536
19971080207,1997,1998,1,1995-2004,5355.0,50.326633081147506,-77.5126215107155,0.0039146715973271,0.3320863668995526,0.4199620893598424,0.1464625431910517,0.251920409393481,15.720311419402073,3013.95661490403,0.5805226725032676,0.4681978928371782,-581.2487105696925,0.0177794368587713
19971080207,1997,1999,2,1995-2004,5355.0,50.326633081147506,-77.5126215107155,0.2304732115628089,0.2538279051346204,0.4199620893598424,0.1464625431910517,0.251920409393481,15.944827333464936,4184.058117107991,0.5867061782008525,0.6927138069000421,588.8527916342681,0.0239629425563562
19971080207,1997,2000,3,1995-2004,5355.0,50.326633081147506,-77.5126215107155,0.1914575607047272,0.3086767582798345,0.4199620893598424,0.1464625431910517,0.251920409393481,13.747531131796572,3023.6549573798115,0.5018685518992307,-1.5045823947683237,-571.5503680939117,-0.0608746837452654
19971080207,1997,2001,4,1995-2004,5355.0,50.326633081147506,-77.5126215107155,0.1855108692582023,0.1054215428167385,0.4199620893598424,0.1464625431910517,0.251920409393481,15.554076801676516,3243.7728560118567,0.57198677334904,0.3019632751116207,-351.4324694618664,0.0092435377045437
19971080207,1997,2002,5,1995-2004,5355.0,50.326633081147506,-77.5126215107155,0.3027239828550569,0.1679668537552845,0.4199620893598424,0.1464625431910517,0.251920409393481,15.15398045415466,2999.3340801795994,0.5858440164517494,-0.0981330724102363,-595.8712452941239,0.0231007808072532
19971080207,1997,2003,6,1995-2004,5355.0,50.326633081147506,-77.5126215107155,0.2793183397193663,0.2147490900947089,0.4199620893598424,0.1464625431910517,0.251920409393481,14.90508936245464,3618.2429121320097,0.5371854409408434,-0.3470241641102548,23.037586658286884,-0.0255577947036527
19971080207,1997,2004,7,1995-2004,5355.0,50.326633081147506,-77.5126215107155,0.3417788690333427,0.503881398839806,0.4199620893598424,0.1464625431910517,0.251920409393481,13.577491738838589,3960.307500876949,0.4540522710599547,-1.6746217877263083,365.10217540322594,-0.1086909645845415
19971080207,1997,2005,8,1995-2004,5355.0,50.326633081147506,-77.5126215107155,0.4707467655022302,0.6601470078407382,0.4199620893598424,0.1464625431910517,0.251920409393481,17.150008076445904,3777.166716557215,0.6927010409399585,1.897894549881008,181.96139108349143,0.1299578052954624
19971080207,1997,2006,9,1995-2004,5355.0,50.326633081147506,-77.5126215107155,0.4570094540366677,0.6680403210235406,0.4199620893598424,0.1464625431910517,0.251920409393481,15.42619447091607,3039.89486831126,0.6160866153857831,0.1740809443511743,-555.3104571624633,0.0533433797412869
19971080207,1997,2007,10,1995-2004,5355.0,50.326633081147506,-77.5126215107155,0.3261959550926602,0.3319960979013781,0.4199620893598424,0.1464625431910517,0.251920409393481,14.941929092913506,3341.997275459829,0.5999772511703897,-0.3101844336513881,-253.208050013894,0.0372340155258934
19971080207,1997,2008,11,1995-2004,5355.0,50.326633081147506,-77.5126215107155,0.4160113953046214,0.1992169911566935,0.4199620893598424,0.1464625431910517,0.251920409393481,15.183631615979644,4113.607376669902,0.430051575430957,-0.0684819105852514,518.4020511961787,-0.1326916602135392
19971080207,1997,2009,12,1995-2004,5355.0,50.326633081147506,-77.5126215107155,0.4237953740459478,0.2440552103810454,0.4199620893598424,0.1464625431910517,0.251920409393481,14.967294642615066,3327.151425098697,0.5195623276484665,-0.28481888394983,-268.0539003750265,-0.0431809079960297
19971080207,1997,2010,13,1995-2004,5355.0,50.326633081147506,-77.5126215107155,0.4473375733622896,0.3396714602723481,0.4199620893598424,0.1464625431910517,0.251920409393481,15.70459047978138,2500.905491420088,0.5888961636643285,0.4524769532164813,-1094.2998340536355,0.0261529280198321
19971080207,1997,2011,14,1995-2004,5355.0,50.326633081147506,-77.5126215107155,0.2753498787251055,0.167874960121426,0.4199620893598424,0.1464625431910517,0.251920409393481,15.658590363920434,2940.1697482101963,0.6054261176220506,0.4064768373555379,-655.0355772635269,0.0426828819775543
19971080207,1997,2012,15,1995-2004,5355.0,50.326633081147506,-77.5126215107155,0.4198681099016512,0.1680238175604383,0.4199620893598424,0.1464625431910517,0.251920409393481,16.095972294660687,3387.0376095301754,0.6267565184224468,0.8438587680957931,-208.1677159435476,0.0640132827779505
19971080207,1997,2013,16,1995-2004,5355.0,50.326633081147506,-77.5126215107155,0.4902552716985913,0.4100677853940423,0.4199620893598424,0.1464625431910517,0.251920409393481,14.985589376992191,3533.2153668246865,0.5516551573261277,-0.2665241495727011,-61.989958649036254,-0.0110880783183684
19971080207,1997,2014,17,1995-2004,5355.0,50.326633081147506,-77.5126215107155,0.5608062096437073,0.4433762522219618,0.4199620893598424,0.1464625431910517,0.251920409393481,15.531866772845346,4035.688484402828,0.5602513054329519,0.2797532462804503,440.4831589291052,-0.0024919302115444
19971080207,1997,2015,18,1995-2004,5355.0,50.326633081147506,-77.5126215107155,0.5254046275607985,0.6601721061686753,0.4199620893598424,0.1464625431910517,0.251920409393481,15.076227799760222,3973.90828629983,0.4932449959292829,-0.1758857268046732,378.7029608261062,-0.0694982397152132
19971080207,1997,2016,19,1995-2004,5355.0,50.326633081147506,-77.5126215107155,0.4119552121344896,0.1739610474090325,0.4199620893598424,0.1464625431910517,0.251920409393481,15.178497019638725,3517.7585971567087,0.5222733029765231,-0.0736165069261683,-77.44672831701422,-0.0404699326679731
19971080207,1997,2017,20,1995-2004,5355.0,50.326633081147506,-77.5126215107155,0.3653001113794928,0.4648431115875813,0.4199620893598424,0.1464625431910517,0.251920409393481,14.00208369686636,4492.332052945126,0.520236709452627,-1.250029829698532,897.1267274714028,-0.0425065261918692
19971080232,1997,1994,-3,1995-2004,2557.0,49.74724343861713,-76.29138417327283,0.5839165567928145,0.6738798627903815,0.4898077852155666,0.5526338139880762,0.1908840624763025,14.79186187559561,4937.409308492765,0.4634705777176031,-0.9985944869790612,948.1239296234957,-0.1160943907156589
19971080232,1997,1995,-2,1995-2004,2557.0,49.74724343861713,-76.29138417327283,0.3213011869858186,0.1567095936235363,0.4898077852155666,0.5526338139880762,0.1908840624763025,16.9844161927561,3565.6601585211356,0.712295293774348,1.1939598301814287,-423.6252203481338,0.1327303253410861
19971080232,1997,1996,-1,1995-2004,2557.0,49.74724343861713,-76.29138417327283,0.4898077852155666,0.5526338139880762,0.4898077852155666,0.5526338139880762,0.1908840624763025,16.00616101714819,4873.248825893404,0.5890143178483213,0.2157046545735199,883.9634470241328,0.0094493494150593
19971080232,1997,1997,0,1995-2004,2557.0,49.74724343861713,-76.29138417327283,0.2989237227392641,0.072090543217554,0.4898077852155666,0.5526338139880762,0.1908840624763025,15.228297062330366,3622.530162774883,0.5479160263975185,-0.5621593002443036,-366.7552160943863,-0.0316489420357435
19971080232,1997,1998,1,1995-2004,2557.0,49.74724343861713,-76.29138417327283,0.1854638232779225,0.189574625931456,0.4898077852155666,0.5526338139880762,0.1908840624763025,16.012276107722123,3518.8754964415893,0.5772237778656588,0.2218197451474508,-470.4098824276803,-0.0023411905676032
19971080232,1997,1999,2,1995-2004,2557.0,49.74724343861713,-76.29138417327283,0.244208664929339,0.21483959342059,0.4898077852155666,0.5526338139880762,0.1908840624763025,16.295082901682242,4880.659663507865,0.5746692859394925,0.504626539107571,891.374284638594,-0.0048956824937694
19971080232,1997,2000,3,1995-2004,2557.0,49.74724343861713,-76.29138417327283,0.23159516401504,0.5196460171189993,0.4898077852155666,0.5526338139880762,0.1908840624763025,14.26611746863376,3118.0372335594507,0.49261383497287,-1.5243388939409095,-871.2481453098194,-0.086951133460392
19971080232,1997,2001,4,1995-2004,2557.0,49.74724343861713,-76.29138417327283,0.3728227255371653,0.607371584467143,0.4898077852155666,0.5526338139880762,0.1908840624763025,16.187303089616265,3383.5392147311463,0.6013444906970343,0.3968467270415953,-605.7461641381236,0.0217795222637723
19971080232,1997,2002,5,1995-2004,2557.0,49.74724343861713,-76.29138417327283,0.3925814147697284,0.6660996663186972,0.4898077852155666,0.5526338139880762,0.1908840624763025,15.77257567196599,3035.4496656089677,0.6326304986640935,-0.0178806906086797,-953.835713260302,0.0530655302308314
19971080232,1997,2003,6,1995-2004,2557.0,49.74724343861713,-76.29138417327283,0.2636723349433238,0.2011916462292283,0.4898077852155666,0.5526338139880762,0.1908840624763025,15.500549735238287,4372.196805139852,0.5624251441884173,-0.2899066273363829,382.9114262705818,-0.0171398242448445
19971080232,1997,2004,7,1995-2004,2557.0,49.74724343861713,-76.29138417327283,0.3681275296780634,0.2089357568056472,0.4898077852155666,0.5526338139880762,0.1908840624763025,14.202661771047593,5136.033142130076,0.4674916958342066,-1.5877945915270777,1146.7477632608068,-0.1120732725990554
19971080232,1997,2005,8,1995-2004,2557.0,49.74724343861713,-76.29138417327283,0.5020289734025065,0.658203539670929,0.4898077852155666,0.5526338139880762,0.1908840624763025,17.83062665265207,2934.7810630244167,0.7771458952850998,2.0401702900774,-1054.504315844853,0.1975809268518379
19971080232,1997,2006,9,1995-2004,2557.0,49.74724343861713,-76.29138417327283,0.4354887075304923,0.50395368085785,0.4898077852155666,0.5526338139880762,0.1908840624763025,16.132847836509168,3184.443804230076,0.650124448228551,0.3423914739344977,-804.8415746391946,0.070559479795289
19971080232,1997,2007,10,1995-2004,2557.0,49.74724343861713,-76.29138417327283,0.4980420564734432,0.64263255311844,0.4898077852155666,0.5526338139880762,0.1908840624763025,15.42932377641812,4013.946273988164,0.6136370321124694,-0.3611325861565508,24.660895118893965,0.0340720636792075
19971080232,1997,2008,11,1995-2004,2557.0,49.74724343861713,-76.29138417327283,0.4981858495499314,0.697192818307672,0.4898077852155666,0.5526338139880762,0.1908840624763025,15.564015321789531,5792.392495327251,0.4142850934413153,-0.2264410407851363,1803.1071164579812,-0.1652798749919466
19971080232,1997,2009,12,1995-2004,2557.0,49.74724343861713,-76.29138417327283,0.4590435449763289,0.1834827873770081,0.4898077852155666,0.5526338139880762,0.1908840624763025,15.25050852750162,3998.296910366354,0.5131767042193808,-0.5399478350730474,9.011531497083682,-0.0663882642138811
19971080232,1997,2010,13,1995-2004,2557.0,49.74724343861713,-76.29138417327283,0.509784623323765,0.4667722662801022,0.4898077852155666,0.5526338139880762,0.1908840624763025,16.309682303201722,3363.979036021324,0.6316558442995316,0.5192259406270502,-625.3063428479456,0.0520908758662696
19971080232,1997,2011,14,1995-2004,2557.0,49.74724343861713,-76.29138417327283,0.5683866872175706,0.720668264006646,0.4898077852155666,0.5526338139880762,0.1908840624763025,16.25650621604118,3698.666684385752,0.5985886493369644,0.4660498534665107,-290.6186944835178,0.0190236809037025
19971080232,1997,2012,15,1995-2004,2557.0,49.74724343861713,-76.29138417327283,0.4668480320772852,0.0506375705573883,0.4898077852155666,0.5526338139880762,0.1908840624763025,16.60713456819527,3976.84769992032,0.652402442769543,0.8166782056206007,-12.437678948949769,0.0728374743362809
19971080232,1997,2013,16,1995-2004,2557.0,49.74724343861713,-76.29138417327283,0.5917525692022456,0.7753935241076585,0.4898077852155666,0.5526338139880762,0.1908840624763025,15.466422893734643,3955.298285241463,0.5618819360758979,-0.3240334688400242,-33.98709362780733,-0.017683032357364
19971080232,1997,2014,17,1995-2004,2557.0,49.74724343861713,-76.29138417327283,0.5997119068516309,0.7538879236547318,0.4898077852155666,0.5526338139880762,0.1908840624763025,16.161477923738786,3874.2437984158714,0.590847829817298,0.3710215611641152,-115.04158045339832,0.0112828613840359
19971080232,1997,2015,18,1995-2004,2557.0,49.74724343861713,-76.29138417327283,0.5760791987879659,0.7129343946768262,0.4898077852155666,0.5526338139880762,0.1908840624763025,15.408386966746376,4032.9090521798025,0.4888846472869387,-0.3820693958282915,43.623673310532546,-0.0906803211463232
19971080232,1997,2016,19,1995-2004,2557.0,49.74724343861713,-76.29138417327283,0.6191846460642525,0.7676354414785055,0.4898077852155666,0.5526338139880762,0.1908840624763025,15.724643849234248,4840.42159282161,0.5241033948541296,-0.0658125133404218,851.1362139523411,-0.0554615735791322
19971080232,1997,2017,20,1995-2004,2557.0,49.74724343861713,-76.29138417327283,0.4863389376683123,0.6308225181682678,0.4898077852155666,0.5526338139880762,0.1908840624763025,14.746874903295048,3954.042460267816,0.5476961046518601,-1.0435814592796215,-35.24291860145388,-0.0318688637814018
19981080225,1998,1995,-3,1995-2004,4130.0,49.29997011174069,-76.86471954166912,0.6309066038411884,0.7559002042491162,0.5643555097365144,0.6544071488591907,0.435452590993128,17.28528630691261,2877.979852895565,0.7465580622319437,1.2643205519673015,-877.4991682712318,0.1462299147439782
19981080225,1998,1996,-2,1995-2004,4130.0,49.29997011174069,-76.86471954166912,0.5604855937729639,0.5486531331349411,0.5643555097365144,0.6544071488591907,0.435452590993128,16.22171904461014,4184.46275199891,0.6065122139967944,0.2007532896648312,428.9837308321136,0.0061840665088289
19981080225,1998,1997,-1,1995-2004,4130.0,49.29997011174069,-76.86471954166912,0.5643555097365144,0.6544071488591907,0.5643555097365144,0.6544071488591907,0.435452590993128,15.49444575967552,3717.442226679444,0.5611706554573938,-0.5265199952697848,-38.03679448735246,-0.0391574920305716
19981080225,1998,1998,0,1995-2004,4130.0,49.29997011174069,-76.86471954166912,0.1289029187433863,0.2441115799118575,0.5643555097365144,0.6544071488591907,0.435452590993128,16.237713762437927,3102.007985300167,0.6042224570767579,0.2167480074926218,-653.4710358666293,0.0038943095887924
19981080225,1998,1999,1,1995-2004,4130.0,49.29997011174069,-76.86471954166912,0.2148407322042639,0.3535036910742934,0.5643555097365144,0.6544071488591907,0.435452590993128,16.56938740960131,4690.791688527881,0.5926978414078103,0.5484216546559997,935.312667361084,-0.0076303060801552
19981080225,1998,2000,2,1995-2004,4130.0,49.29997011174069,-76.86471954166912,0.2383158708660419,0.3027432956597811,0.5643555097365144,0.6544071488591907,0.435452590993128,14.449612547720394,3047.340844295561,0.5097502150792297,-1.571353207224914,-708.1381768712358,-0.0905779324087357
19981080225,1998,2001,3,1995-2004,4130.0,49.29997011174069,-76.86471954166912,0.3651768774323331,0.5879695163755476,0.5643555097365144,0.6544071488591907,0.435452590993128,16.403141908599604,3123.0099053229965,0.6421525457708537,0.3821761536542956,-632.4691158437997,0.0418243982828882
19981080225,1998,2002,4,1995-2004,4130.0,49.29997011174069,-76.86471954166912,0.4394462671600698,0.5996500852463039,0.5643555097365144,0.6544071488591907,0.435452590993128,16.053021039159095,2963.7957416901463,0.6529594560475959,0.0320552842137865,-791.6832794766501,0.0526313085596304
19981080225,1998,2003,5,1995-2004,4130.0,49.29997011174069,-76.86471954166912,0.2987705708565582,0.2752479725299505,0.5643555097365144,0.6544071488591907,0.435452590993128,15.698717907584642,4595.726653974883,0.5620559462475047,-0.3222478473606664,840.2476328080867,-0.0382722012404607
19981080225,1998,2004,6,1995-2004,4130.0,49.29997011174069,-76.86471954166912,0.3731276546613182,0.4727348648050226,0.5643555097365144,0.6544071488591907,0.435452590993128,14.418073375853464,4734.876305758599,0.4846686375718819,-1.6028923790918428,979.3972845918028,-0.1156595099160834
19981080225,1998,2005,7,1995-2004,4130.0,49.29997011174069,-76.86471954166912,0.5214866149152917,0.615113899612507,0.5643555097365144,0.6544071488591907,0.435452590993128,18.146909026004156,2841.0834755126957,0.794180856105521,2.125943271058851,-914.395545654101,0.1938527086175556
19981080225,1998,2006,8,1995-2004,4130.0,49.29997011174069,-76.86471954166912,0.5136283845908625,0.6972244817172795,0.5643555097365144,0.6544071488591907,0.435452590993128,16.329344782724384,3510.870695645047,0.6716049775574386,0.3083790277790783,-244.60832552174972,0.0712768300694731
19981080225,1998,2007,9,1995-2004,4130.0,49.29997011174069,-76.86471954166912,0.4745629119763107,0.5975689814097926,0.5643555097365144,0.6544071488591907,0.435452590993128,15.736418902970003,3721.270615323804,0.6436772109449854,-0.284546851975302,-34.208405842992875,0.0433490634570199
19981080225,1998,2008,10,1995-2004,4130.0,49.29997011174069,-76.86471954166912,0.5136699486223724,0.6777998888142223,0.5643555097365144,0.6544071488591907,0.435452590993128,15.704888251259094,5084.532805040039,0.4263084210580951,-0.3160775036862146,1329.053783873243,-0.1740197264298703
19981080225,1998,2009,11,1995-2004,4130.0,49.29997011174069,-76.86471954166912,0.4042580696450966,0.2283269005551225,0.5643555097365144,0.6544071488591907,0.435452590993128,15.345507494301456,3916.3033311869353,0.5236203328322426,-0.6754582606438512,160.824310020139,-0.0767078146557228
19981080225,1998,2010,12,1995-2004,4130.0,49.29997011174069,-76.86471954166912,0.4902506439111927,0.2910348594588124,0.5643555097365144,0.6544071488591907,0.435452590993128,16.669965565466985,2778.2789844576114,0.6735382284892085,0.6489998105216787,-977.2000367091854,0.073210081001243
19981080225,1998,2011,13,1995-2004,4130.0,49.29997011174069,-76.86471954166912,0.5449763857264537,0.5644340696299768,0.5643555097365144,0.6544071488591907,0.435452590993128,16.566152649007716,3495.7222622439217,0.6438381666825357,0.5451868940624107,-259.7567589228747,0.0435100191945701
19981080225,1998,2012,14,1995-2004,4130.0,49.29997011174069,-76.86471954166912,0.4864557201309335,0.4256115864949568,0.5643555097365144,0.6544071488591907,0.435452590993128,16.98304624941424,3109.636267953446,0.7081530188048867,0.9620804944689326,-645.8427532133505,0.1078248713169212
19981080225,1998,2013,15,1995-2004,4130.0,49.29997011174069,-76.86471954166912,0.4082024391396946,0.3221626058386281,0.5643555097365144,0.6544071488591907,0.435452590993128,15.646591251381505,3632.631290541653,0.5594190140683634,-0.3743745035638058,-122.847730625144,-0.040909133419602
19981080225,1998,2014,16,1995-2004,4130.0,49.29997011174069,-76.86471954166912,0.6153452010764875,0.7636586478371089,0.5643555097365144,0.6544071488591907,0.435452590993128,16.1250322200634,3572.9887600904385,0.5862783632695189,0.1040664651180919,-182.4902610763584,-0.0140497842184466
19981080225,1998,2015,17,1995-2004,4130.0,49.29997011174069,-76.86471954166912,0.56053714935434,0.716776680449843,0.5643555097365144,0.6544071488591907,0.435452590993128,15.576225205102558,3582.16643457403,0.5045659936300967,-0.4447405498427499,-173.3125865927667,-0.0957621538578687
19981080225,1998,2016,18,1995-2004,4130.0,49.29997011174069,-76.86471954166912,0.5331545938193951,0.6114262713236748,0.5643555097365144,0.6544071488591907,0.435452590993128,16.040310235261543,4647.262327639188,0.562890449664213,0.0193444803162371,891.7833064723916,-0.0374376978237524
19981080225,1998,2017,19,1995-2004,4130.0,49.29997011174069,-76.86471954166912,0.5058411364726246,0.4727456537016696,0.5643555097365144,0.6544071488591907,0.435452590993128,14.94246266452588,4122.703702972587,0.5552312321717829,-1.078503090419425,367.22468180579114,-0.0450969153161825
19981080225,1998,2018,20,1995-2004,4130.0,49.29997011174069,-76.86471954166912,0.5801385485820038,0.7285653405057724,0.5643555097365144,0.6544071488591907,0.435452590993128,17.45441202357198,4008.8676177452185,0.7043502414781715,1.4334462686266765,253.38859657842164,0.1040220939902059
19991080950,1999,1996,-3,1995-2004,339.0,48.117213682180775,-78.36434934880326,0.5403898576205126,0.595673082275503,0.4697270060441694,0.5601240014257464,-0.0447078443235192,16.835451463340007,2207.2992384836284,0.6106526023160724,-0.033140946816708,-1130.6937837256935,-0.0255568653154582
19991080950,1999,1997,-2,1995-2004,339.0,48.117213682180775,-78.36434934880326,0.4046806874590692,0.5601240014257464,0.4697270060441694,0.5601240014257464,-0.0447078443235192,16.717057434026742,3297.989964775397,0.6691549963391035,-0.1515349761299731,-40.00305743392528,0.0329455287075728
19991080950,1999,1998,-1,1995-2004,339.0,48.117213682180775,-78.36434934880326,0.4697270060441694,0.3926495881413822,0.4697270060441694,0.5601240014257464,-0.0447078443235192,16.958294535374307,2411.2998483829033,0.6284247739526028,0.0897021252175918,-926.6931738264188,-0.0077846936789278
19991080950,1999,1999,0,1995-2004,339.0,48.117213682180775,-78.36434934880326,0.5144348503676887,0.5445203500645835,0.4697270060441694,0.5601240014257464,-0.0447078443235192,17.50035644475969,3944.51091871035,0.6204728705097882,0.6317640346029734,606.5178965010277,-0.0157365971217424
19991080950,1999,2000,1,1995-2004,339.0,48.117213682180775,-78.36434934880326,-0.0969392438983746,0.302736810215259,0.4697270060441694,0.5601240014257464,-0.0447078443235192,15.220880216792011,3111.7245004339084,0.5302538764556665,-1.647712193364704,-226.26852177541377,-0.1059555911758641
19991080950,1999,2001,2,1995-2004,339.0,48.117213682180775,-78.36434934880326,0.2794138386506111,0.3714011324347505,0.4697270060441694,0.5601240014257464,-0.0447078443235192,17.443664770541034,2372.8732177095253,0.7365662627380155,0.5750723603843184,-965.1198044997968,0.1003567951064848
19991080950,1999,2002,3,1995-2004,339.0,48.117213682180775,-78.36434934880326,0.2948414465189071,0.505728779759725,0.4697270060441694,0.5601240014257464,-0.0447078443235192,16.98906788480457,3523.9956240423885,0.677964419881475,0.1204754746478542,186.00260183306636,0.0417549522499444
19991080950,1999,2003,4,1995-2004,339.0,48.117213682180775,-78.36434934880326,0.2557949033423906,0.4239352545390445,0.4697270060441694,0.5601240014257464,-0.0447078443235192,16.730465231080018,4480.110038554745,0.6122161160753914,-0.1381271790766973,1142.117016345423,-0.0239933515561392
19991080950,1999,2004,5,1995-2004,339.0,48.117213682180775,-78.36434934880326,0.3497929238602993,0.6005627279534242,0.4697270060441694,0.5601240014257464,-0.0447078443235192,15.3305761212888,3612.3893403451534,0.549107932762939,-1.5380162888679152,274.3963181358313,-0.0871015348685916
19991080950,1999,2005,6,1995-2004,339.0,48.117213682180775,-78.36434934880326,0.4511414451368383,0.674074600453907,0.4697270060441694,0.5601240014257464,-0.0447078443235192,19.12676258225372,2672.3531819948325,0.8622075529525394,2.258170172097003,-665.6398402144896,0.2259980853210087
19991080950,1999,2006,7,1995-2004,339.0,48.117213682180775,-78.36434934880326,0.4589633467213072,0.6474243473600505,0.4697270060441694,0.5601240014257464,-0.0447078443235192,17.144864571612857,4007.917912787022,0.6911458125264508,0.2762721614561414,669.9248905776999,0.0549363448949201
19991080950,1999,2007,8,1995-2004,339.0,48.117213682180775,-78.36434934880326,0.4239484920543991,0.5956058998674159,0.4697270060441694,0.5601240014257464,-0.0447078443235192,16.56551529566451,3930.788912623271,0.6027737350488538,-0.3030771144922042,592.7958904139487,-0.0334357325826768
19991080950,1999,2008,9,1995-2004,339.0,48.117213682180775,-78.36434934880326,0.4638923147794144,0.5410476882014152,0.4697270060441694,0.5601240014257464,-0.0447078443235192,16.347805014900587,5255.452113720391,0.4581427752350835,-0.5207873952561286,1917.459091511069,-0.1780666923964471
19991080950,1999,2009,10,1995-2004,339.0,48.117213682180775,-78.36434934880326,0.3573192382443409,0.138604055776308,0.4697270060441694,0.5601240014257464,-0.0447078443235192,15.891627800982974,3272.700935266922,0.5429844163336226,-0.9769646091737414,-65.29208694240015,-0.093225051297908
19991080950,1999,2010,11,1995-2004,339.0,48.117213682180775,-78.36434934880326,0.4589741230984049,0.6466290775252772,0.4697270060441694,0.5601240014257464,-0.0447078443235192,17.66444856394895,2269.819450327173,0.7309035682286712,0.7958561537922364,-1068.1735718821492,0.0946941005971405
19991080950,1999,2011,12,1995-2004,339.0,48.117213682180775,-78.36434934880326,0.4550519423687092,0.5920684791412484,0.4697270060441694,0.5601240014257464,-0.0447078443235192,17.55739862193235,3599.222619383088,0.6914919148066104,0.6888062117756348,261.2295971737658,0.0552824471750797
19991080950,1999,2012,13,1995-2004,339.0,48.117213682180775,-78.36434934880326,0.4665401377247272,0.6209676961680548,0.4697270060441694,0.5601240014257464,-0.0447078443235192,17.761219389542305,2710.707681435675,0.7399613280330566,0.8926269793855894,-627.285340773647,0.1037518604015259
19991080950,1999,2013,14,1995-2004,339.0,48.117213682180775,-78.36434934880326,0.3212717986102869,0.5330537794961787,0.4697270060441694,0.5601240014257464,-0.0447078443235192,16.455155758235776,3089.341960112428,0.5766894835417514,-0.4134366519209393,-248.6510620968943,-0.0595199840897792
19991080950,1999,2014,15,1995-2004,339.0,48.117213682180775,-78.36434934880326,0.4619560352473145,0.2362348500258237,0.4697270060441694,0.5601240014257464,-0.0447078443235192,16.328992448336862,3672.2108775114143,0.5710916525863062,-0.539599961819853,334.2178553020922,-0.0651178150452244
19991080950,1999,2015,16,1995-2004,339.0,48.117213682180775,-78.36434934880326,0.5019123343622389,0.7011315453625089,0.4697270060441694,0.5601240014257464,-0.0447078443235192,16.385781017248178,2997.1123419198307,0.5436926562284136,-0.4828113929085376,-340.88068028949147,-0.092516811403117
19991080950,1999,2016,17,1995-2004,339.0,48.117213682180775,-78.36434934880326,0.5254683184378285,0.6813615450790651,0.4697270060441694,0.5601240014257464,-0.0447078443235192,17.166608760667884,2988.6828016598843,0.6646976352469004,0.298016350511169,-349.3102205494379,0.0284881676153697
19991080950,1999,2017,18,1995-2004,339.0,48.117213682180775,-78.36434934880326,0.5605671050416036,0.7236017674959038,0.4697270060441694,0.5601240014257464,-0.0447078443235192,15.98786739542868,2986.8449339614217,0.570337070389831,-0.8807250147280357,-351.14808824790043,-0.0658723972416996
19991080950,1999,2018,19,1995-2004,339.0,48.117213682180775,-78.36434934880326,0.5175287428825331,0.7021787349596881,0.4697270060441694,0.5601240014257464,-0.0447078443235192,18.270607746511303,4102.354630462678,0.720199535221216,1.4020153363545873,764.3616082533558,0.0839900675896854
19991080950,1999,2019,20,1995-2004,339.0,48.117213682180775,-78.36434934880326,0.5691995316391302,0.7098061465692135,0.4697270060441694,0.5601240014257464,-0.0447078443235192,16.99935608877655,3550.289146542262,0.6729847178654889,0.1307636786198358,212.29612433294005,0.0367752502339582
20011080405,2001,1998,-3,1995-2004,256.4,49.70480833728018,-78.48090165117655,0.344733656215231,0.3302155822511298,0.344733656215231,0.3302155822511298,0.1142934347594632,16.088506701833392,2992.5269609443676,0.6066019059439781,0.2606035211043895,-379.99905299959784,-0.0118961742182677
20011080405,2001,1999,-2,1995-2004,256.4,49.70480833728018,-78.48090165117655,0.3104539891821484,0.2450169743840151,0.344733656215231,0.3302155822511298,0.1142934347594632,16.538021328138296,4104.666667658805,0.6267546892259974,0.7101181474092934,732.1406537148392,0.0082566090637514
20011080405,2001,2000,-1,1995-2004,256.4,49.70480833728018,-78.48090165117655,0.4813719509393765,0.3964132728460286,0.344733656215231,0.3302155822511298,0.1142934347594632,14.228934203714571,2769.0009926893376,0.5319137495327004,-1.5989689770144284,-603.5250212546276,-0.0865843306295454
20011080405,2001,2001,0,1995-2004,256.4,49.70480833728018,-78.48090165117655,0.2304402214557677,0.1504122677641758,0.344733656215231,0.3302155822511298,0.1142934347594632,16.225199896125975,3152.420950343374,0.6614627628473085,0.397296715396975,-220.10506360059117,0.0429646826850626
20011080405,2001,2002,1,1995-2004,256.4,49.70480833728018,-78.48090165117655,0.2167750715588603,0.2402955857079818,0.344733656215231,0.3302155822511298,0.1142934347594632,15.912265902901652,2980.899811220007,0.6491435331159047,0.0843627221726504,-391.6262027239586,0.0306454529536588
20011080405,2001,2003,2,1995-2004,256.4,49.70480833728018,-78.48090165117655,0.1581096887955584,0.2529329587551347,0.344733656215231,0.3302155822511298,0.1142934347594632,15.434858405993204,4230.83032219219,0.5760987991572025,-0.3930447747357952,858.3043082482238,-0.0423992810050434
20011080405,2001,2004,3,1995-2004,256.4,49.70480833728018,-78.48090165117655,0.2402655289852949,0.3183522661543292,0.344733656215231,0.3302155822511298,0.1142934347594632,14.043627147858862,4213.275434418608,0.4966337081322342,-1.78427603287014,840.749420474642,-0.1218643720300118
20011080405,2001,2005,4,1995-2004,256.4,49.70480833728018,-78.48090165117655,0.3102909358456002,0.576124030892281,0.344733656215231,0.3302155822511298,0.1142934347594632,17.900838150264025,2495.494762442387,0.7970209619042613,2.0729349695350257,-877.0312515015783,0.1785228817420154
20011080405,2001,2006,5,1995-2004,256.4,49.70480833728018,-78.48090165117655,0.3301115820115302,0.5489232080021091,0.344733656215231,0.3302155822511298,0.1142934347594632,16.051725512886982,3344.716459312361,0.6915345369077915,0.223822332157983,-27.809554631604136,0.0730364567455456
20011080405,2001,2007,6,1995-2004,256.4,49.70480833728018,-78.48090165117655,0.3328889715631017,0.3418389881938348,0.344733656215231,0.3302155822511298,0.1142934347594632,15.636430480975491,3232.781458148504,0.6488675367742487,-0.19147269975351,-139.7445557954617,0.0303694566120027
20011080405,2001,2008,7,1995-2004,256.4,49.70480833728018,-78.48090165117655,0.3888507404914667,0.5214449772505698,0.344733656215231,0.3302155822511298,0.1142934347594632,15.530579655412335,3946.994492968037,0.4639767675608735,-0.2973235253166623,574.4684790240716,-0.1545213126013723
20011080405,2001,2009,8,1995-2004,256.4,49.70480833728018,-78.48090165117655,0.3844760161830428,0.3497424283961166,0.344733656215231,0.3302155822511298,0.1142934347594632,15.200023997578684,3248.6819494267406,0.5283530402562985,-0.6278791831503187,-123.84406451722498,-0.0901450399059474
20011080405,2001,2010,9,1995-2004,256.4,49.70480833728018,-78.48090165117655,0.4001708174115733,0.6229228359880532,0.344733656215231,0.3302155822511298,0.1142934347594632,16.430954003449244,2352.8232898050696,0.6564604396240651,0.603050822720243,-1019.702724138896,0.0379623594618191
20011080405,2001,2011,10,1995-2004,256.4,49.70480833728018,-78.48090165117655,0.416973254512315,0.5567093519563315,0.344733656215231,0.3302155822511298,0.1142934347594632,16.328561014368937,2284.213497910451,0.6840140247105649,0.5006578336399331,-1088.3125160335144,0.065515944548319
20011080405,2001,2012,11,1995-2004,256.4,49.70480833728018,-78.48090165117655,0.3767007141308762,0.3246472320583111,0.344733656215231,0.3302155822511298,0.1142934347594632,16.84768880945476,3171.2333838103523,0.707303527703018,1.01978562872576,-201.29263013361347,0.0888054475407721
20011080405,2001,2013,12,1995-2004,256.4,49.70480833728018,-78.48090165117655,0.3485259400612371,0.4585260478018966,0.344733656215231,0.3302155822511298,0.1142934347594632,15.590465687092982,2953.354279086168,0.6147036066655832,-0.237437493636019,-419.1717348577977,-0.0037944734966627
20011080405,2001,2014,13,1995-2004,256.4,49.70480833728018,-78.48090165117655,0.4627663508063811,0.6229518171774455,0.344733656215231,0.3302155822511298,0.1142934347594632,15.694614263893904,3369.592972470832,0.5871156335518033,-0.1332889168350952,-2.933041473133169,-0.0313824466104425
20011080405,2001,2015,14,1995-2004,256.4,49.70480833728018,-78.48090165117655,0.4971029449163598,0.6688987808845097,0.344733656215231,0.3302155822511298,0.1142934347594632,15.657654307084403,3320.229751131724,0.5573798172066814,-0.1702488736445969,-52.29626281224091,-0.0611182629555645
20011080405,2001,2016,15,1995-2004,256.4,49.70480833728018,-78.48090165117655,0.3458739800429221,0.3300226560292744,0.344733656215231,0.3302155822511298,0.1142934347594632,15.901535435920756,3680.911631768925,0.5944819235677051,0.0736322551917574,308.3856178249588,-0.0240161565945408
20011080405,2001,2017,16,1995-2004,256.4,49.70480833728018,-78.48090165117655,0.4550380227246033,0.6271118305473402,0.344733656215231,0.3302155822511298,0.1142934347594632,14.687368322455372,4430.301078033537,0.564635183676933,-1.1405348582736312,1057.7750640895715,-0.0538628964853128
20011080405,2001,2018,17,1995-2004,256.4,49.70480833728018,-78.48090165117655,0.485407922613367,0.6777513283181897,0.344733656215231,0.3302155822511298,0.1142934347594632,17.100302853791636,3243.207681869319,0.7161098876894679,1.2723996730626357,-129.31833207464615,0.0976118075272221
20011080405,2001,2019,18,1995-2004,256.4,49.70480833728018,-78.48090165117655,0.532172399096172,0.7051665394860407,0.344733656215231,0.3302155822511298,0.1142934347594632,15.830709760085426,3448.220392939658,0.6321983740642239,0.0028065793564249,75.69437899569266,0.0137002939019778
20011080405,2001,2020,19,1995-2004,256.4,49.70480833728018,-78.48090165117655,0.2920734767757585,0.2479538088723056,0.344733656215231,0.3302155822511298,0.1142934347594632,17.057367903944414,4267.566443276095,0.663119957285501,1.2294647232154137,895.0404293321296,0.044621877123255
20011080405,2001,2021,20,1995-2004,256.4,49.70480833728018,-78.48090165117655,0.5303603796399773,0.6856209321187775,0.344733656215231,0.3302155822511298,0.1142934347594632,16.845969438322506,2909.82309678442,0.6706100900506555,1.0180662575935069,-462.7029171595451,0.0521120098884096
20051080355,2005,2002,-3,2005-2014,244.08220654,49.31871946205053,-75.50624885618394,0.6036526599186758,0.6701843723056126,0.5839864134734691,0.6582098452308743,0.4417195273750095,15.935466240531216,3688.6241436155337,0.6361357549457518,-0.0936250912394527,-322.3252360106569,0.0430230538824276
20051080355,2005,2003,-2,2005-2014,244.08220654,49.31871946205053,-75.50624885618394,0.5839864134734691,0.6582098452308743,0.5839864134734691,0.6582098452308743,0.4417195273750095,15.819131523476337,4472.6105149904,0.5735613220499811,-0.2099598082943359,461.661135364209,-0.0195513790133429
20051080355,2005,2004,-1,2005-2014,244.08220654,49.31871946205053,-75.50624885618394,0.5330397730111422,0.451169453711474,0.5839864134734691,0.6582098452308743,0.4417195273750095,14.494777891524585,4662.298103246347,0.4868045945147679,-1.534313440246086,651.3487236201556,-0.1063081065485561
20051080355,2005,2005,0,2005-2014,244.08220654,49.31871946205053,-75.50624885618394,0.1422668860984595,0.3810924800143381,0.5839864134734691,0.6582098452308743,0.4417195273750095,17.946968147873726,2835.270255293492,0.7621678043696147,1.9178768161030595,-1175.6791243326986,0.1690551033062906
20051080355,2005,2006,1,2005-2014,244.08220654,49.31871946205053,-75.50624885618394,0.1038278141144945,0.4004214436000444,0.5839864134734691,0.6582098452308743,0.4417195273750095,16.418947314448214,2925.610517779147,0.6603662182282736,0.3898559826775462,-1085.3388618470442,0.0672535171649495
20051080355,2005,2007,2,2005-2014,244.08220654,49.31871946205053,-75.50624885618394,0.2518806970031703,0.5176982038975787,0.5839864134734691,0.6582098452308743,0.4417195273750095,15.651366992618742,4151.413510262944,0.6299120807679295,-0.3777243391519257,140.46413063675365,0.0367993797046054
20051080355,2005,2008,3,2005-2014,244.08220654,49.31871946205053,-75.50624885618394,0.2752494996504336,0.2671532026278019,0.5839864134734691,0.6582098452308743,0.4417195273750095,15.820670415967394,4487.620120120659,0.4347984150592207,-0.2084209158032742,476.6707404944674,-0.1583142860041033
20051080355,2005,2009,4,2005-2014,244.08220654,49.31871946205053,-75.50624885618394,0.3537790906912205,0.415911637093619,0.5839864134734691,0.6582098452308743,0.4417195273750095,15.404994401916428,4086.3720055214335,0.5218079745160636,-0.6240969298542411,75.42262589524242,-0.0713047265472604
20051080355,2005,2010,5,2005-2014,244.08220654,49.31871946205053,-75.50624885618394,0.4237685946862031,0.1191394963369174,0.5839864134734691,0.6582098452308743,0.4417195273750095,16.485791191924235,3872.419144824229,0.642483660708239,0.4566998601535685,-138.53023480196245,0.049370959644915
20051080355,2005,2011,6,2005-2014,244.08220654,49.31871946205053,-75.50624885618394,0.3459588213839316,0.5292182637204802,0.5839864134734691,0.6582098452308743,0.4417195273750095,16.525135202453946,3974.698060281791,0.6044323928459157,0.496043870683278,-36.25131934439975,0.0113196917825915
20051080355,2005,2012,7,2005-2014,244.08220654,49.31871946205053,-75.50624885618394,0.2443535412801524,0.2067408493892457,0.5839864134734691,0.6582098452308743,0.4417195273750095,16.805584281884574,3833.647217162779,0.6545796618593578,0.7764929501139043,-177.3021624634122,0.0614669607960337
20051080355,2005,2013,8,2005-2014,244.08220654,49.31871946205053,-75.50624885618394,0.4161666095524267,0.71689759172425,0.5839864134734691,0.6582098452308743,0.4417195273750095,15.699413244428674,3776.068246084957,0.5778879202081371,-0.3296780873419915,-234.881133541234,-0.015224780855187
20051080355,2005,2014,9,2005-2014,244.08220654,49.31871946205053,-75.50624885618394,0.4707595739649088,0.6971969749100465,0.5839864134734691,0.6582098452308743,0.4417195273750095,16.306148198261365,3893.911662365177,0.5967720506541568,0.2770568664906953,-117.03771726101353,0.0036593495908327
20051080355,2005,2015,10,2005-2014,244.08220654,49.31871946205053,-75.50624885618394,0.4150218423656287,0.5254252978730122,0.5839864134734691,0.6582098452308743,0.4417195273750095,15.630179149670704,4937.258964374785,0.5092351670927182,-0.3989121820999651,926.309584748594,-0.0838775339706058
20051080355,2005,2016,11,2005-2014,244.08220654,49.31871946205053,-75.50624885618394,0.4590719420403498,0.6781641340427685,0.5839864134734691,0.6582098452308743,0.4417195273750095,16.01566361014205,4614.905482086189,0.5582696492560696,-0.0134277216286204,603.9561024599992,-0.0348430518072544
20051080355,2005,2017,12,2005-2014,244.08220654,49.31871946205053,-75.50624885618394,0.3885839846651857,0.5638273156999414,0.5839864134734691,0.6582098452308743,0.4417195273750095,15.02349413704375,3872.368788923247,0.5576414794327629,-1.005597194726918,-138.58059070294345,-0.0354712216305612
20051080355,2005,2018,13,2005-2014,244.08220654,49.31871946205053,-75.50624885618394,0.4981332259018623,0.7013476017669716,0.5839864134734691,0.6582098452308743,0.4417195273750095,17.428656956769416,4288.613219690673,0.6962521920552305,1.399565624998749,277.6638400644814,0.1031394909919064
20051080355,2005,2019,14,2005-2014,244.08220654,49.31871946205053,-75.50624885618394,0.443410630710437,0.6072865259313988,0.5839864134734691,0.6582098452308743,0.4417195273750095,15.86838732226459,5217.033244609544,0.5885475919250968,-0.1607040095060791,1206.0838649833545,-0.0045651091382273
20051080355,2005,2020,15,2005-2014,244.08220654,49.31871946205053,-75.50624885618394,0.4555392157038915,0.6465109563497868,0.5839864134734691,0.6582098452308743,0.4417195273750095,17.419133300136277,4576.1154392941335,0.6585474558798566,1.3900419683656091,565.166059667943,0.0654347548165325
20051080355,2005,2021,16,2005-2014,244.08220654,49.31871946205053,-75.50624885618394,0.5499901000117282,0.7401570863269333,0.5839864134734691,0.6582098452308743,0.4417195273750095,17.283461575500457,4109.592822393577,0.6466309591603966,1.2543702437297894,98.64344276738672,0.0535182580970725
20051080355,2005,2022,17,2005-2014,244.08220654,49.31871946205053,-75.50624885618394,0.5791990601167939,0.7244931481834068,0.5839864134734691,0.6582098452308743,0.4417195273750095,16.247460917535847,4570.725961961196,0.5344752395572768,0.2183695857651749,559.7765823350052,-0.0586374615060472
20051080355,2005,2023,18,2005-2014,244.08220654,49.31871946205053,-75.50624885618394,0.2479139736942286,0.5056133615099716,0.5839864134734691,0.6582098452308743,0.4417195273750095,17.460084400084895,3517.5265333957063,0.6755588436756471,1.4309930683142265,-493.4228462304848,0.0824461426123231
20051080355,2005,2024,19,2005-2014,244.08220654,49.31871946205053,-75.50624885618394,0.3732114753608211,0.5609094647523476,0.5839864134734691,0.6582098452308743,0.4417195273750095,17.754847272544307,4442.744196973098,0.6433934194387467,1.7257559407736387,431.7948173469069,0.0502807183754226
20051080355,2005,2025,20,2005-2014,244.08220654,49.31871946205053,-75.50624885618394,0.3337235570034531,0.5802841176555166,0.5839864134734691,0.6582098452308743,0.4417195273750095,16.427953924495434,5127.623073225733,0.5839087701233808,0.3988625927247674,1116.6736935995414,-0.0092039309399433
20051080374,2005,2002,-3,2005-2014,1122.49200649,49.92604651264526,-75.48194742713852,0.5723252452998436,0.6504371323941244,0.5059947241148706,0.5371660407916916,0.0469973840240235,15.37463025742685,3304.049173078772,0.6236273156782094,-0.0937154846007154,-693.2556468760753,0.0480872545045067
20051080374,2005,2003,-2,2005-2014,1122.49200649,49.92604651264526,-75.48194742713852,0.5059947241148706,0.5371660407916916,0.5059947241148706,0.5371660407916916,0.0469973840240235,15.227904372837266,4374.868117606717,0.5644734297885386,-0.2404413691902976,377.5632976518691,-0.011066631385164
20051080374,2005,2004,-1,2005-2014,1122.49200649,49.92604651264526,-75.48194742713852,0.3770670532786638,0.248332037888558,0.5059947241148706,0.5371660407916916,0.0469973840240235,13.886599070507582,4935.355597492644,0.4699715351263225,-1.5817466715199833,938.0507775377964,-0.1055685260473801
20051080374,2005,2005,0,2005-2014,1122.49200649,49.92604651264526,-75.48194742713852,0.458997340090847,0.6699471776150446,0.5059947241148706,0.5371660407916916,0.0469973840240235,17.28100907228997,3418.422833650685,0.7378833014555872,1.8126633302624064,-578.8819863041622,0.1623432402818846
20051080374,2005,2006,1,2005-2014,1122.49200649,49.92604651264526,-75.48194742713852,-0.0431408469711517,0.3105380392662452,0.5059947241148706,0.5371660407916916,0.0469973840240235,15.943774076821189,2856.7059921456594,0.6633397213307344,0.4754283347936218,-1140.5988278091882,0.0877996601570317
20051080374,2005,2007,2,2005-2014,1122.49200649,49.92604651264526,-75.48194742713852,0.1270452909793524,0.2599775565197588,0.5059947241148706,0.5371660407916916,0.0469973840240235,15.058501560100638,4306.900043896481,0.6034148410642945,-0.4098441819269277,309.5952239416339,0.0278747798905919
20051080374,2005,2008,3,2005-2014,1122.49200649,49.92604651264526,-75.48194742713852,0.1816042319305767,0.177724777740846,0.5059947241148706,0.5371660407916916,0.0469973840240235,15.288719976121143,5129.795458103333,0.4200062111005899,-0.1796257659064229,1132.4906381484852,-0.1555338500731127
20051080374,2005,2009,4,2005-2014,1122.49200649,49.92604651264526,-75.48194742713852,0.2284572957552975,0.2677057204881695,0.5059947241148706,0.5371660407916916,0.0469973840240235,14.981419219970746,3621.595215909193,0.5121165459948526,-0.4869265220568188,-375.7096040456544,-0.0634235151788501
20051080374,2005,2010,5,2005-2014,1122.49200649,49.92604651264526,-75.48194742713852,0.205029404064433,0.5429655609417225,0.5059947241148706,0.5371660407916916,0.0469973840240235,15.813090009827546,3611.859974474624,0.6026012829211436,0.3447442677999818,-385.4448454802236,0.0270612217474409
20051080374,2005,2011,6,2005-2014,1122.49200649,49.92604651264526,-75.48194742713852,0.2832553023314599,0.572241555800404,0.5059947241148706,0.5371660407916916,0.0469973840240235,15.931090382009316,3655.435689984313,0.592163359129968,0.4627446399817501,-341.86912997053463,0.0166232979562652
20051080374,2005,2012,7,2005-2014,1122.49200649,49.92604651264526,-75.48194742713852,0.3105485287010127,0.2537998323545417,0.5059947241148706,0.5371660407916916,0.0469973840240235,16.237496528072654,4003.19777253601,0.6230281841359631,0.7691507860450891,5.89295258116279,0.0474881229622603
20051080374,2005,2013,8,2005-2014,1122.49200649,49.92604651264526,-75.48194742713852,0.2987565723140401,0.6367728516182607,0.5059947241148706,0.5371660407916916,0.0469973840240235,15.195519669297834,4195.35175797609,0.568630113154409,-0.2728260727297305,198.04693802124265,-0.0069099480192935
20051080374,2005,2014,9,2005-2014,1122.49200649,49.92604651264526,-75.48194742713852,0.4121240181047322,0.6736790989433722,0.5059947241148706,0.5371660407916916,0.0469973840240235,15.931630759308344,3741.1131145169456,0.5941423066767925,0.4632850172807805,-256.19170543790136,0.0186022455030897
20051080374,2005,2015,10,2005-2014,1122.49200649,49.92604651264526,-75.48194742713852,0.4238972849659291,0.5801836126962855,0.5059947241148706,0.5371660407916916,0.0469973840240235,15.179196190764957,4442.212823206476,0.4982510949673758,-0.2891495512626095,444.9080032516277,-0.0772889662063269
20051080374,2005,2016,11,2005-2014,1122.49200649,49.92604651264526,-75.48194742713852,0.5018955845772705,0.7050073992484217,0.5059947241148706,0.5371660407916916,0.0469973840240235,15.433123317110407,4304.936070192339,0.529378619081019,-0.0352224249171575,307.6312502374914,-0.0461614420926836
20051080374,2005,2017,12,2005-2014,1122.49200649,49.92604651264526,-75.48194742713852,0.4706388538408004,0.6854810676085565,0.5059947241148706,0.5371660407916916,0.0469973840240235,14.469590002142889,4180.545353551299,0.5421790299512774,-0.9987557398846768,183.24053359645137,-0.0333610312224252
20051080374,2005,2018,13,2005-2014,1122.49200649,49.92604651264526,-75.48194742713852,0.5176563854601363,0.7226393992743262,0.5059947241148706,0.5371660407916916,0.0469973840240235,16.705412221715086,4210.108834847661,0.6527640891843008,1.237066479687524,212.80401489281303,0.0772240280105981
20051080374,2005,2019,14,2005-2014,1122.49200649,49.92604651264526,-75.48194742713852,0.474577595090274,0.6503087897698524,0.5059947241148706,0.5371660407916916,0.0469973840240235,15.093168008500257,4696.476534172605,0.5377455167000106,-0.3751777335273089,699.1717142177577,-0.0377945444736921
20051080374,2005,2020,15,2005-2014,1122.49200649,49.92604651264526,-75.48194742713852,0.5058767922094769,0.6816814433935476,0.5059947241148706,0.5371660407916916,0.0469973840240235,17.022568205404998,4196.805019941616,0.6690281653984563,1.5542224633774304,199.50019998676825,0.0934881042247536
20051080374,2005,2021,16,2005-2014,1122.49200649,49.92604651264526,-75.48194742713852,0.5841069784062038,0.7558756771620181,0.5059947241148706,0.5371660407916916,0.0469973840240235,16.683143162658276,3681.728376217154,0.6374374073856007,1.2147974206307102,-315.5764437376933,0.061897346211898
20051080374,2005,2022,17,2005-2014,1122.49200649,49.92604651264526,-75.48194742713852,0.5955789291925827,0.7324822673246397,0.5059947241148706,0.5371660407916916,0.0469973840240235,15.768151980966786,4399.948949474772,0.5323287790447537,0.2998062389392209,402.6441295199239,-0.0432112821289489
20051080374,2005,2023,18,2005-2014,1122.49200649,49.92604651264526,-75.48194742713852,0.5292445704558106,0.6816098112039863,0.5059947241148706,0.5371660407916916,0.0469973840240235,17.12620704595598,3122.007419697766,0.6946101622326384,1.657861303928415,-875.2974002570808,0.1190701010589357
20051080374,2005,2024,19,2005-2014,1122.49200649,49.92604651264526,-75.48194742713852,0.6075150747330847,0.7480510441586714,0.5059947241148706,0.5371660407916916,0.0469973840240235,17.426131326426663,4270.988857221457,0.6455232969567352,1.9577855843990968,273.6840372666093,0.0699832357830324
20051080374,2005,2025,20,2005-2014,1122.49200649,49.92604651264526,-75.48194742713852,0.5331955587436492,0.697377459420254,0.5059947241148706,0.5371660407916916,0.0469973840240235,15.788284744870866,4884.370506263954,0.5613742735711317,0.319939002843301,887.0656863091064,-0.014165787602571
20051080583,2005,2002,-3,2005-2014,3141.66528479,48.82830090144458,-77.0108461516439,0.6074243861578318,0.681583738282711,0.5721857380197667,0.6738145538670268,0.300655933953526,16.410830424949182,3008.2520461507384,0.6599471202477869,0.0041527444037739,-634.2688395203145,0.0410475978766516
20051080583,2005,2003,-2,2005-2014,3141.66528479,48.82830090144458,-77.0108461516439,0.4315520395344909,0.3143563085062816,0.5721857380197667,0.6738145538670268,0.300655933953526,16.11340384644588,5822.607244314222,0.5696944108567812,-0.2932738340995279,2180.086358643169,-0.0492051115143539
20051080583,2005,2004,-1,2005-2014,3141.66528479,48.82830090144458,-77.0108461516439,0.5721857380197667,0.6738145538670268,0.5721857380197667,0.6738145538670268,0.300655933953526,14.858603743309024,4211.0581457172,0.5143323536349181,-1.5480739372363854,568.5372600461479,-0.104567168736217
20051080583,2005,2005,0,2005-2014,3141.66528479,48.82830090144458,-77.0108461516439,0.2715298040662406,0.4277823086482273,0.5721857380197667,0.6738145538670268,0.300655933953526,18.51313254545279,2732.4366702106804,0.7983334611792025,2.106454864907384,-910.0842154603728,0.1794339388080671
20051080583,2005,2006,1,2005-2014,3141.66528479,48.82830090144458,-77.0108461516439,-0.0196450281075189,0.2558307049734007,0.5721857380197667,0.6738145538670268,0.300655933953526,16.71869605612642,3299.8035369804534,0.6885920471969493,0.3120183755810091,-342.71734869059947,0.0696925248258142
20051080583,2005,2007,2,2005-2014,3141.66528479,48.82830090144458,-77.0108461516439,0.0604946483619022,0.3612637539135478,0.5721857380197667,0.6738145538670268,0.300655933953526,16.136198512367606,3768.769891308935,0.6548764373622057,-0.2704791681778032,126.24900563788214,0.0359769149910705
20051080583,2005,2008,3,2005-2014,3141.66528479,48.82830090144458,-77.0108461516439,0.1816025335471182,0.4588771867991659,0.5721857380197667,0.6738145538670268,0.300655933953526,16.05176083569367,4750.023876025377,0.4483468951379394,-0.3549168448517391,1107.5029903543243,-0.1705526272331956
20051080583,2005,2009,4,2005-2014,3141.66528479,48.82830090144458,-77.0108461516439,0.244153957703044,0.3261840164599568,0.5721857380197667,0.6738145538670268,0.300655933953526,15.58922841905973,4086.619067349636,0.5247927100331835,-0.8174492614856802,444.0981816785837,-0.0941068123379517
20051080583,2005,2010,5,2005-2014,3141.66528479,48.82830090144458,-77.0108461516439,0.3184273283826753,0.2401927658917456,0.5721857380197667,0.6738145538670268,0.300655933953526,17.112546640663375,2658.9473898689193,0.7051009887449754,0.7058689601179671,-983.5734958021332,0.0862014663738401
20051080583,2005,2011,6,2005-2014,3141.66528479,48.82830090144458,-77.0108461516439,0.3768803724316435,0.2246397252827399,0.5721857380197667,0.6738145538670268,0.300655933953526,16.993827668710637,3771.1801606596337,0.6575669810792233,0.5871499881652282,128.65927498858082,0.038667458708088
20051080583,2005,2012,7,2005-2014,3141.66528479,48.82830090144458,-77.0108461516439,0.3808193452246463,0.277427775206726,0.5721857380197667,0.6738145538670268,0.300655933953526,17.408510941583785,2816.032177572421,0.7389608580822086,1.001833261038375,-826.4887080986321,0.1200613357110735
20051080583,2005,2013,8,2005-2014,3141.66528479,48.82830090144458,-77.0108461516439,0.3535914986907179,0.6074628518691655,0.5721857380197667,0.6738145538670268,0.300655933953526,16.045144669445268,3508.0684397761743,0.577313879179288,-0.3615330111001424,-134.4524458948784,-0.0415856431918471
20051080583,2005,2014,9,2005-2014,3141.66528479,48.82830090144458,-77.0108461516439,0.4590057746133242,0.6465229103479977,0.5721857380197667,0.6738145538670268,0.300655933953526,16.293454313969296,3817.6883881314784,0.5863049199233551,-0.1132233665761122,175.16750246042542,-0.0325946024477799
20051080583,2005,2015,10,2005-2014,3141.66528479,48.82830090144458,-77.0108461516439,0.4433290490335398,0.5957711438704122,0.5721857380197667,0.6738145538670268,0.300655933953526,15.928858384763592,3456.7922159971927,0.5222194450626175,-0.4778192957818138,-185.7286696738603,-0.0966800773085175
20051080583,2005,2016,11,2005-2014,3141.66528479,48.82830090144458,-77.0108461516439,0.5058673074358239,0.7050581739884327,0.5721857380197667,0.6738145538670268,0.300655933953526,16.49549787954433,3471.828957853961,0.5988825662661292,0.088820198998922,-170.69192781709185,-0.0200169561050059
20051080583,2005,2017,12,2005-2014,3141.66528479,48.82830090144458,-77.0108461516439,0.4941742468682912,0.6777301269040836,0.5721857380197667,0.6738145538670268,0.300655933953526,15.371898248921276,3714.102708590043,0.5665474850542591,-1.0347794316241332,71.58182291899024,-0.052352037316876
20051080583,2005,2018,13,2005-2014,3141.66528479,48.82830090144458,-77.0108461516439,0.4706729495855017,0.6269744047957989,0.5721857380197667,0.6738145538670268,0.300655933953526,17.999924826506867,3741.170853263396,0.7521985811016122,1.5932471459614588,98.64996759234285,0.1332990587304769
20051080583,2005,2019,14,2005-2014,3141.66528479,48.82830090144458,-77.0108461516439,0.5214566170965649,0.689518558534208,0.5721857380197667,0.6738145538670268,0.300655933953526,16.37440279578243,4069.007994149447,0.6299869082310202,-0.03227488476298,426.4871084783942,0.0110873858598851
20051080583,2005,2020,15,2005-2014,3141.66528479,48.82830090144458,-77.0108461516439,0.3447599478872447,0.1972827053744225,0.5721857380197667,0.6738145538670268,0.300655933953526,17.595440296504826,3466.0283618632707,0.6678967660079408,1.1887626159594165,-176.4925238077817,0.0489972436368056
20051080583,2005,2021,16,2005-2014,3141.66528479,48.82830090144458,-77.0108461516439,0.4629373158735283,0.6308130818684655,0.5721857380197667,0.6738145538670268,0.300655933953526,17.589451714759896,3481.5143437399206,0.6569527870327139,1.1827740342144857,-161.00654193113206,0.0380532646615788
20051080583,2005,2022,17,2005-2014,3141.66528479,48.82830090144458,-77.0108461516439,0.5995977170312431,0.7753973978007632,0.5721857380197667,0.6738145538670268,0.300655933953526,16.496413439137964,4174.688637060353,0.534966953790776,0.0897357585925553,532.167751389301,-0.0839325685803591
20051080583,2005,2023,18,2005-2014,3141.66528479,48.82830090144458,-77.0108461516439,0.3301141249520753,0.3418328756308626,0.5721857380197667,0.6738145538670268,0.300655933953526,17.61835536956789,3106.9383208095687,0.7184171093390757,1.2116776890224823,-535.582564861484,0.0995175869679406
20051080583,2005,2024,19,2005-2014,3141.66528479,48.82830090144458,-77.0108461516439,0.5878810631722478,0.7598275355863037,0.5721857380197667,0.6738145538670268,0.300655933953526,17.76409494335527,3664.5724230119727,0.6298701319242165,1.3574172628098633,22.051537340920287,0.0109706095530813
20051080583,2005,2025,20,2005-2014,3141.66528479,48.82830090144458,-77.0108461516439,0.5528079410578614,0.7402467619974848,0.5721857380197667,0.6738145538670268,0.300655933953526,16.885842409456448,4434.906861472559,0.6087599184263118,0.4791647289110375,792.3859758015068,-0.0101396039448233
20051080653,2005,2002,-3,2005-2014,1489.45362486,50.199120231899414,-76.8437138543693,0.4746673415212641,0.4180640610254805,0.408192606395404,0.3419635705205469,0.0154626976552489,15.37310405383231,2961.2608974451073,0.5858594092339258,-0.0901576988712955,-907.0583786728332,0.0300940653069315
20051080653,2005,2003,-2,2005-2014,1489.45362486,50.199120231899414,-76.8437138543693,0.408192606395404,0.3419635705205469,0.408192606395404,0.3419635705205469,0.0154626976552489,15.182633961598734,3769.2054669800527,0.5418661872388797,-0.2806277911048733,-99.11380913788824,-0.0138991566881145
20051080653,2005,2004,-1,2005-2014,1489.45362486,50.199120231899414,-76.8437138543693,0.3651884452917297,0.1308755343395247,0.408192606395404,0.3419635705205469,0.0154626976552489,13.713451408235557,4446.644396873929,0.4417404585215176,-1.7498103444680495,578.3251207559883,-0.1140248854054766
20051080653,2005,2005,0,2005-2014,1489.45362486,50.199120231899414,-76.8437138543693,0.392729908740155,0.4567972122018041,0.408192606395404,0.3419635705205469,0.0154626976552489,17.413479070536095,3561.4046127621978,0.7085273667406102,1.9502173178324915,-306.91466335574273,0.1527620228136159
20051080653,2005,2006,1,2005-2014,1489.45362486,50.199120231899414,-76.8437138543693,-0.0198064461354776,0.2848956639372008,0.408192606395404,0.3419635705205469,0.0154626976552489,15.850029245470386,2793.4091554448573,0.6315970844994303,0.3867674927667792,-1074.9101206730832,0.075831740572436
20051080653,2005,2007,2,2005-2014,1489.45362486,50.199120231899414,-76.8437138543693,-0.0428908362592763,0.3631773039969693,0.408192606395404,0.3419635705205469,0.0154626976552489,15.165437946308757,3820.575472200352,0.5860469168419049,-0.2978238063948506,-47.7438039175883,0.0302815729149107
20051080653,2005,2008,3,2005-2014,1489.45362486,50.199120231899414,-76.8437138543693,0.1620997418724983,0.2929852727980466,0.408192606395404,0.3419635705205469,0.0154626976552489,15.30722041708666,4700.858385358192,0.4047409600105482,-0.1560413356169465,832.539109240251,-0.151024383916446
20051080653,2005,2009,4,2005-2014,1489.45362486,50.199120231899414,-76.8437138543693,0.3496639426806637,0.0666292709475983,0.408192606395404,0.3419635705205469,0.0154626976552489,15.03379501837092,3460.9222169899863,0.5074514729323728,-0.4294667343326877,-407.39705912795426,-0.0483138709946213
20051080653,2005,2010,5,2005-2014,1489.45362486,50.199120231899414,-76.8437138543693,0.197287945017259,0.4491046509460878,0.408192606395404,0.3419635705205469,0.0154626976552489,16.061741052049243,2986.134182168605,0.6047076226481694,0.5984792993456362,-882.1850939493357,0.0489422787211751
20051080653,2005,2011,6,2005-2014,1489.45362486,50.199120231899414,-76.8437138543693,0.2363205412153545,0.5585554077149931,0.408192606395404,0.3419635705205469,0.0154626976552489,15.973509311919935,3572.964680294217,0.6015330031308667,0.5102475592163314,-295.3545958237234,0.0457676592038724
20051080653,2005,2012,7,2005-2014,1489.45362486,50.199120231899414,-76.8437138543693,0.4043896781052867,0.0276920350653175,0.408192606395404,0.3419635705205469,0.0154626976552489,16.31469529225905,3560.759091530163,0.6159109243888731,0.8514335395554412,-307.56018458777777,0.0601455804618788
20051080653,2005,2013,8,2005-2014,1489.45362486,50.199120231899414,-76.8437138543693,0.2928345124793937,0.6053724157798246,0.408192606395404,0.3419635705205469,0.0154626976552489,15.234612878705676,4451.052287935946,0.5468147839865619,-0.228648873997932,582.7330118180055,-0.0089505599404323
20051080653,2005,2014,9,2005-2014,1489.45362486,50.199120231899414,-76.8437138543693,0.4003875063650457,0.2364136732331301,0.408192606395404,0.3419635705205469,0.0154626976552489,15.829154064019146,3904.957510847216,0.5687383472210827,0.365892311315538,36.63823472927539,0.0129730032940885
20051080653,2005,2015,10,2005-2014,1489.45362486,50.199120231899414,-76.8437138543693,0.3886623496176804,0.5957049677630489,0.408192606395404,0.3419635705205469,0.0154626976552489,15.149298075594396,4109.633844748311,0.4680488398657876,-0.3139636771092117,241.3145686303708,-0.0877165040612066
20051080653,2005,2016,11,2005-2014,1489.45362486,50.199120231899414,-76.8437138543693,0.4082560801290514,0.49798599572177,0.408192606395404,0.3419635705205469,0.0154626976552489,15.36373680940779,4330.504102584876,0.5011556849761023,-0.0995249432958184,462.184826466936,-0.0546096589508919
20051080653,2005,2017,12,2005-2014,1489.45362486,50.199120231899414,-76.8437138543693,0.365251148859848,0.3808086100797077,0.408192606395404,0.3419635705205469,0.0154626976552489,14.350287319523757,4346.322616018824,0.5248390507950698,-1.1129744331798532,478.00333990088376,-0.0309262931319245
20051080653,2005,2018,13,2005-2014,1489.45362486,50.199120231899414,-76.8437138543693,0.4237776233475341,0.5565573128848395,0.408192606395404,0.3419635705205469,0.0154626976552489,16.57358806596018,4044.219515633348,0.6214781821275775,1.1103263132565735,175.9002395154071,0.0657128382005832
20051080653,2005,2019,14,2005-2014,1489.45362486,50.199120231899414,-76.8437138543693,0.4473037676227909,0.668129397739302,0.408192606395404,0.3419635705205469,0.0154626976552489,15.064652501442586,4484.437721776324,0.5081761464512154,-0.3986092512610199,616.1184456583834,-0.0475891974757787
20051080653,2005,2020,15,2005-2014,1489.45362486,50.199120231899414,-76.8437138543693,0.3730816093980998,0.4316126230942343,0.408192606395404,0.3419635705205469,0.0154626976552489,16.928238448083132,4237.427539996872,0.6188353781651268,1.4649766953795234,369.1082638789315,0.0630700342381324
20051080653,2005,2021,16,2005-2014,1489.45362486,50.199120231899414,-76.8437138543693,0.5409405863569529,0.7227069640341105,0.408192606395404,0.3419635705205469,0.0154626976552489,16.585352946127255,3540.128843902486,0.6191737134283949,1.122091193423648,-328.1904322154541,0.0634083695014006
20051080653,2005,2022,17,2005-2014,1489.45362486,50.199120231899414,-76.8437138543693,0.5840079983783527,0.7615531442688336,0.408192606395404,0.3419635705205469,0.0154626976552489,15.771547996486332,4042.068621723532,0.5023764566508123,0.3082862437827232,173.74934560559134,-0.0533888872761819
20051080653,2005,2023,18,2005-2014,1489.45362486,50.199120231899414,-76.8437138543693,0.5567060535001261,0.6678359390957495,0.408192606395404,0.3419635705205469,0.0154626976552489,17.38755980494624,2838.5506868077277,0.7347597696036131,1.9242980522426336,-1029.7685893102132,0.1789944256766189
20051080653,2005,2024,19,2005-2014,1489.45362486,50.199120231899414,-76.8437138543693,0.6113220776952645,0.7304103113285785,0.408192606395404,0.3419635705205469,0.0154626976552489,17.446678560110076,4060.035411940281,0.6257911109164501,1.983416807406468,191.7161358223398,0.0700257669894559
20051080653,2005,2025,20,2005-2014,1489.45362486,50.199120231899414,-76.8437138543693,0.6074077474536865,0.7616793369551884,0.408192606395404,0.3419635705205469,0.0154626976552489,15.779054553077216,4843.309599095238,0.525397216836811,0.3157928003736081,974.9903229772974,-0.0303681270901832
20051080691,2005,2002,-3,2005-2014,379.078920262,49.26481758567402,-76.5157234541866,0.6476253154381106,0.7441527450937566,0.4199771364278317,0.3925665734850192,-0.0347682035543595,16.082239377671414,2986.0887612470356,0.6528176502464337,0.0001873592247747,-777.6330945911045,0.0490527912251241
20051080691,2005,2003,-2,2005-2014,379.078920262,49.26481758567402,-76.5157234541866,0.3183880869690911,0.2636370249997284,0.4199771364278317,0.3925665734850192,-0.0347682035543595,15.753259208236916,4570.4632078780005,0.5606608870960804,-0.3287928102097221,806.7413520398607,-0.0431039719252291
20051080691,2005,2004,-1,2005-2014,379.078920262,49.26481758567402,-76.5157234541866,0.4199771364278317,0.3925665734850192,0.4199771364278317,0.3925665734850192,-0.0347682035543595,14.494014264074526,4589.919930293251,0.4879375071452584,-1.5880377543721118,826.1980744551108,-0.1158273518760511
20051080691,2005,2005,0,2005-2014,379.078920262,49.26481758567402,-76.5157234541866,0.4547453399821913,0.6074973801982227,0.4199771364278317,0.3925665734850192,-0.0347682035543595,18.17985446994434,2793.088517313825,0.7949152262509287,2.0978024514977016,-970.633338524315,0.1911503672296192
20051080691,2005,2006,1,2005-2014,379.078920262,49.26481758567402,-76.5157234541866,0.2146297451833386,0.3147635942053055,0.4199771364278317,0.3925665734850192,-0.0347682035543595,16.41714962761186,3391.0693001171667,0.6713842393867164,0.3350976091652195,-372.6525557209734,0.0676193803654069
20051080691,2005,2007,2,2005-2014,379.078920262,49.26481758567402,-76.5157234541866,0.2288164190628057,0.4199786448833522,0.4199771364278317,0.3925665734850192,-0.0347682035543595,15.785064649812275,3740.641669183119,0.6503105776219592,-0.2969873686343642,-23.080186655020498,0.0465457186006496
20051080691,2005,2008,3,2005-2014,379.078920262,49.26481758567402,-76.5157234541866,0.2674815493053219,0.4081298265831814,0.4199771364278317,0.3925665734850192,-0.0347682035543595,15.771556624813362,5348.7288194684825,0.42941912248485,-0.3104953936332771,1585.006963630342,-0.1743457365364595
20051080691,2005,2009,4,2005-2014,379.078920262,49.26481758567402,-76.5157234541866,0.2752154768338566,0.2401420541990729,0.4199771364278317,0.3925665734850192,-0.0347682035543595,15.424694997446595,3860.122039268424,0.5323345177131467,-0.6573570210000408,96.4001834302841,-0.0714303413081629
20051080691,2005,2010,5,2005-2014,379.078920262,49.26481758567402,-76.5157234541866,0.436558703914609,0.1287671544472973,0.4199771364278317,0.3925665734850192,-0.0347682035543595,16.709845451686704,2976.741008533453,0.67633572082944,0.6277934332400648,-786.980847304687,0.0725708618081306
20051080691,2005,2011,6,2005-2014,379.078920262,49.26481758567402,-76.5157234541866,0.4043100922740844,0.6190860192692638,0.4199771364278317,0.3925665734850192,-0.0347682035543595,16.59451271462558,3804.727576348733,0.6304684490803868,0.5124606961789411,41.00572051059301,0.0267035900590772
20051080691,2005,2012,7,2005-2014,379.078920262,49.26481758567402,-76.5157234541866,0.416159978502399,0.5198271993553252,0.4199771364278317,0.3925665734850192,-0.0347682035543595,17.00623426207024,3078.934601069322,0.7054143677106068,0.9241822436236024,-684.7872547688181,0.1016495086892973
20051080691,2005,2013,8,2005-2014,379.078920262,49.26481758567402,-76.5157234541866,0.4314291100979747,0.6934599248184168,0.4199771364278317,0.3925665734850192,-0.0347682035543595,15.70598872594788,3515.5030262757596,0.5644400437369689,-0.3760632924987585,-248.21882956238096,-0.0393248152843406
20051080691,2005,2014,9,2005-2014,379.078920262,49.26481758567402,-76.5157234541866,0.5251681172011816,0.7168327565538437,0.4199771364278317,0.3925665734850192,-0.0347682035543595,16.259690124401146,3555.153040896865,0.6002185604051298,0.1776381059545073,-208.56881494127492,-0.0035462986161797
20051080691,2005,2015,10,2005-2014,379.078920262,49.26481758567402,-76.5157234541866,0.5099711872404146,0.6933701639625551,0.4199771364278317,0.3925665734850192,-0.0347682035543595,15.647884996386562,3501.4925419780525,0.5157096901308565,-0.434167022060078,-262.2293138600876,-0.0880551688904529
20051080691,2005,2016,11,2005-2014,379.078920262,49.26481758567402,-76.5157234541866,0.5762703474298525,0.7050691976369652,0.4199771364278317,0.3925665734850192,-0.0347682035543595,16.089792183401507,4527.39770786065,0.566823987414125,0.0077401649548699,763.6758520225103,-0.0369408716071845
20051080691,2005,2017,12,2005-2014,379.078920262,49.26481758567402,-76.5157234541866,0.4267856235824472,0.3614098125939175,0.4199771364278317,0.3925665734850192,-0.0347682035543595,15.031245700172756,3888.5344220917327,0.5635826181757053,-1.050806318273883,124.8125662535928,-0.0401822408456042
20051080691,2005,2018,13,2005-2014,379.078920262,49.26481758567402,-76.5157234541866,0.5771649143619628,0.681558996968144,0.4199771364278317,0.3925665734850192,-0.0347682035543595,17.530605128191524,4210.725276210508,0.7116727373585793,1.4485531097448856,447.0034203723684,0.1079078783372697
20051080691,2005,2019,14,2005-2014,379.078920262,49.26481758567402,-76.5157234541866,0.5642172097279184,0.6383860880080039,0.4199771364278317,0.3925665734850192,-0.0347682035543595,15.96343852103046,4783.380293537885,0.5993283179022475,-0.1186134974161798,1019.6584376997456,-0.0044365411190619
20051080691,2005,2020,15,2005-2014,379.078920262,49.26481758567402,-76.5157234541866,0.4628548989740844,0.6344298227204314,0.4199771364278317,0.3925665734850192,-0.0347682035543595,17.335471792267153,4108.454455011028,0.6501912726672303,1.253419773820518,344.7325991728876,0.0464264136459208
20051080691,2005,2021,16,2005-2014,379.078920262,49.26481758567402,-76.5157234541866,0.6153224503695254,0.7871747738294316,0.4199771364278317,0.3925665734850192,-0.0347682035543595,17.287478593006266,3565.294936571238,0.6531573265805797,1.2054265745596262,-198.42691926690213,0.0493924675592701
20051080691,2005,2022,17,2005-2014,379.078920262,49.26481758567402,-76.5157234541866,0.6709886905525873,0.8222691590648268,0.4199771364278317,0.3925665734850192,-0.0347682035543595,16.174467834067276,4379.870459085881,0.5177535717218349,0.0924158156206379,616.1486032477411,-0.0860112872994746
20051080691,2005,2023,18,2005-2014,379.078920262,49.26481758567402,-76.5157234541866,0.4667316069177204,0.5174843815985434,0.4199771364278317,0.3925665734850192,-0.0347682035543595,17.554512715915592,3086.958655976827,0.7350485782911103,1.4724606974689536,-676.763199861313,0.1312837192698007
20051080691,2005,2024,19,2005-2014,379.078920262,49.26481758567402,-76.5157234541866,0.6072611294427529,0.7675115975318653,0.4199771364278317,0.3925665734850192,-0.0347682035543595,17.656006832399253,4001.427381259056,0.6425541341387544,1.5739548139526132,237.7055254209158,0.0387892751174449
20051080691,2005,2025,20,2005-2014,379.078920262,49.26481758567402,-76.5157234541866,0.5956600278326092,0.7753130607625975,0.4199771364278317,0.3925665734850192,-0.0347682035543595,16.528213260024064,4546.276365910652,0.5959845998560895,0.4461612415774259,782.5545100725116,-0.0077802591652199
20051080695,2005,2002,-3,2005-2014,4924.15304877,49.39736441369288,-75.5829540926639,0.6073621331203286,0.701197420357967,0.5449118463989232,0.6386049828612708,0.1562566946156182,15.961552751245774,3632.937148220647,0.6399926012091555,-0.0875642518229736,-386.6763732888302,0.0443105949349892
20051080695,2005,2003,-2,2005-2014,4924.15304877,49.39736441369288,-75.5829540926639,0.5449118463989232,0.6386049828612708,0.5449118463989232,0.6386049828612708,0.1562566946156182,15.826298315176713,4445.83515246193,0.5753245003620338,-0.2228186878920364,426.2216309524528,-0.0203575059121325
20051080695,2005,2004,-1,2005-2014,4924.15304877,49.39736441369288,-75.5829540926639,0.3847480190858662,0.2324341873730941,0.5449118463989232,0.6386049828612708,0.1562566946156182,14.49887726281927,4794.99823775633,0.4863241152281044,-1.550239740249478,775.3847162468526,-0.1093578910460619
20051080695,2005,2005,0,2005-2014,4924.15304877,49.39736441369288,-75.5829540926639,0.388655151783305,0.6348352857578783,0.5449118463989232,0.6386049828612708,0.1562566946156182,17.985395246546975,2870.862904163876,0.7712840838898879,1.9362782434782275,-1148.7506173456009,0.1756020776157216
20051080695,2005,2006,1,2005-2014,4924.15304877,49.39736441369288,-75.5829540926639,0.0117066781248417,0.2949275338508036,0.5449118463989232,0.6386049828612708,0.1562566946156182,16.441596421890335,2939.0380880344132,0.6647238505243397,0.3924794188215859,-1080.5754334750638,0.0690418442501734
20051080695,2005,2007,2,2005-2014,4924.15304877,49.39736441369288,-75.5829540926639,0.0977455815400255,0.3457298932231881,0.5449118463989232,0.6386049828612708,0.1562566946156182,15.675020160184792,4126.399064507165,0.6345746319511962,-0.3740968428839568,106.78554299768834,0.03889262567703
20051080695,2005,2008,3,2005-2014,4924.15304877,49.39736441369288,-75.5829540926639,0.2460730919265858,0.1913810427213279,0.5449118463989232,0.6386049828612708,0.1562566946156182,15.821758875326635,4628.871778110542,0.4337203334161786,-0.2273581277421118,609.2582566010649,-0.1619616728579876
20051080695,2005,2009,4,2005-2014,4924.15304877,49.39736441369288,-75.5829540926639,0.2402187379010086,0.3710771368281541,0.5449118463989232,0.6386049828612708,0.1562566946156182,15.433676500662065,4089.175264255956,0.5243571101185577,-0.6154405024066824,69.56174274647918,-0.0713248961556085
20051080695,2005,2010,5,2005-2014,4924.15304877,49.39736441369288,-75.5829540926639,0.2949208781548714,0.2480861358573712,0.5449118463989232,0.6386049828612708,0.1562566946156182,16.518755109107428,3916.0422754717138,0.6468976070931008,0.4696381060386791,-103.57124603776346,0.0512156008189345
20051080695,2005,2011,6,2005-2014,4924.15304877,49.39736441369288,-75.5829540926639,0.3105661179175488,0.5410325410416066,0.5449118463989232,0.6386049828612708,0.1562566946156182,16.542496079905707,3895.403483095516,0.6075854126310315,0.4933790768369595,-124.21003841396092,0.0119034063568651
20051080695,2005,2012,7,2005-2014,4924.15304877,49.39736441369288,-75.5829540926639,0.3183196563102454,0.1289515489676825,0.5449118463989232,0.6386049828612708,0.1562566946156182,16.83254964840838,3804.712904529874,0.6590389828278942,0.7834326453396309,-214.9006169796032,0.0633569765537279
20051080695,2005,2013,8,2005-2014,4924.15304877,49.39736441369288,-75.5829540926639,0.3380078235072702,0.6503528457164105,0.5449118463989232,0.6386049828612708,0.1562566946156182,15.710691932305854,3808.028927075962,0.5793959715774918,-0.3384250707628943,-211.58459443351504,-0.0162860346966744
20051080695,2005,2014,9,2005-2014,4924.15304877,49.39736441369288,-75.5829540926639,0.4160923827430726,0.6309015786512756,0.5449118463989232,0.6386049828612708,0.1562566946156182,16.34855611022459,3913.4629160104146,0.6027264688492537,0.2994391071558374,-106.150605499062,0.0070444625750874
20051080695,2005,2015,10,2005-2014,4924.15304877,49.39736441369288,-75.5829540926639,0.3769089679250929,0.462932456951374,0.5449118463989232,0.6386049828612708,0.1562566946156182,15.640099141895718,4835.961033136776,0.5088635699462132,-0.4090178611730304,816.3475116272986,-0.0868184363279531
20051080695,2005,2016,11,2005-2014,4924.15304877,49.39736441369288,-75.5829540926639,0.4785466489058653,0.6777774899123429,0.5449118463989232,0.6386049828612708,0.1562566946156182,16.02065577150188,4742.352599272602,0.5564448244453102,-0.0284612315668674,722.7390777631241,-0.0392371818288561
20051080695,2005,2017,12,2005-2014,4924.15304877,49.39736441369288,-75.5829540926639,0.4316766170326687,0.627024073998696,0.5449118463989232,0.6386049828612708,0.1562566946156182,15.041012048404058,3875.679487462703,0.5595799745213733,-1.008104954664694,-143.93403404677355,-0.0361020317527929
20051080695,2005,2018,13,2005-2014,4924.15304877,49.39736441369288,-75.5829540926639,0.4902462387070064,0.6659562566535064,0.5449118463989232,0.6386049828612708,0.1562566946156182,17.448736827761007,4274.777434881372,0.6999856538189656,1.3996198246922569,255.16391337189455,0.1043036475447993
20051080695,2005,2019,14,2005-2014,4924.15304877,49.39736441369288,-75.5829540926639,0.451230192131796,0.556616382950078,0.5449118463989232,0.6386049828612708,0.1562566946156182,15.873173377546722,5155.249496569137,0.5877170549223305,-0.175943625522028,1135.6359750596591,-0.0079649513518357
20051080695,2005,2020,15,2005-2014,4924.15304877,49.39736441369288,-75.5829540926639,0.4863490668643698,0.654308747799576,0.5449118463989232,0.6386049828612708,0.1562566946156182,17.454978500248355,4474.5110719826125,0.6632841002526618,1.4058614971796086,454.8975504731363,0.0676020939784955
20051080695,2005,2021,16,2005-2014,4924.15304877,49.39736441369288,-75.5829540926639,0.5644500455056944,0.7363435050971635,0.5449118463989232,0.6386049828612708,0.1562566946156182,17.301447832889732,4108.4780069825,0.650526426152906,1.252330829820983,88.86448547302265,0.0548444198787398
20051080695,2005,2022,17,2005-2014,4924.15304877,49.39736441369288,-75.5829540926639,0.4707249892695871,0.4276577697688315,0.5449118463989232,0.6386049828612708,0.1562566946156182,16.26041260254157,4531.546969634416,0.5334914436774433,0.2112955994728234,511.9334481249395,-0.0621905625967229
20051080695,2005,2023,18,2005-2014,4924.15304877,49.39736441369288,-75.5829540926639,0.5273554945759814,0.6894962092183722,0.5449118463989232,0.6386049828612708,0.1562566946156182,17.521954320998557,3505.7370093036225,0.6879181499052202,1.472837317929805,-513.8765122058542,0.092236143631054
20051080695,2005,2024,19,2005-2014,4924.15304877,49.39736441369288,-75.5829540926639,0.427741001325819,0.5292866655642336,0.5449118463989232,0.6386049828612708,0.1562566946156182,17.780803679515916,4442.200471923002,0.6447874970412778,1.7316866764471668,422.5869504135253,0.0491054907671115
20051080695,2005,2025,20,2005-2014,4924.15304877,49.39736441369288,-75.5829540926639,0.4277827314231739,0.6269781175372402,0.5449118463989232,0.6386049828612708,0.1562566946156182,16.43932557169912,5154.5865156413565,0.58440092281924,0.3902085686303686,1134.9729941318792,-0.0112810834549262
20051080742,2005,2002,-3,2005-2014,638.528462337,49.37625535046806,-75.33171996660937,0.4866134548300653,0.5134831924157472,0.3964490803871751,0.2635970113454122,-0.0447426993192423,15.945325138257942,3764.8169818588462,0.6315590632234459,-0.1032165449022457,-253.94364512123505,0.0436509986788984
20051080742,2005,2003,-2,2005-2014,638.528462337,49.37625535046806,-75.33171996660937,0.3964490803871751,0.2635970113454122,0.3964490803871751,0.2635970113454122,-0.0447426993192423,15.85889293007233,4469.927307701188,0.5710371215640433,-0.1896487530878587,451.16668072110633,-0.016870942980504
20051080742,2005,2004,-1,2005-2014,638.528462337,49.37625535046806,-75.33171996660937,0.3534914330639285,0.1270031304131943,0.3964490803871751,0.2635970113454122,-0.0447426993192423,14.53220001027205,4537.445565034041,0.4846468257077643,-1.5163416728881387,518.6849380539593,-0.1032612388367831
20051080742,2005,2005,0,2005-2014,638.528462337,49.37625535046806,-75.33171996660937,0.4411917797064174,0.6661044915493507,0.3964490803871751,0.2635970113454122,-0.0447426993192423,17.93255402247115,2836.3978229531417,0.750946891748297,1.8840123393109636,-1182.3628040269396,0.1630388272037496
20051080742,2005,2006,1,2005-2014,638.528462337,49.37625535046806,-75.33171996660937,0.0272715674961062,0.2597892795543174,0.3964490803871751,0.2635970113454122,-0.0447426993192423,16.45407928798511,2948.764946421804,0.6553798098859357,0.4055376048249215,-1069.9956805582774,0.0674717453413883
20051080742,2005,2007,2,2005-2014,638.528462337,49.37625535046806,-75.33171996660937,-0.0175502899315913,0.3303845867733593,0.3964490803871751,0.2635970113454122,-0.0447426993192423,15.658836280435764,4249.132593906566,0.6218058389374503,-0.3897054027244238,230.37196692648513,0.0338977743929029
20051080742,2005,2008,3,2005-2014,638.528462337,49.37625535046806,-75.33171996660937,0.2167883155117494,0.183360557697482,0.3964490803871751,0.2635970113454122,-0.0447426993192423,15.860886883390153,4264.223677600537,0.4348666266311912,-0.187654799770037,245.4630506204553,-0.1530414379133562
20051080742,2005,2009,4,2005-2014,638.528462337,49.37625535046806,-75.33171996660937,0.1972225505081227,0.2090228976778668,0.3964490803871751,0.2635970113454122,-0.0447426993192423,15.422862763335786,3955.8937918767433,0.5166251779866532,-0.6256789198244022,-62.86683510333796,-0.0712828865578941
20051080742,2005,2010,5,2005-2014,638.528462337,49.37625535046806,-75.33171996660937,0.2988632961719702,0.1425868562899321,0.3964490803871751,0.2635970113454122,-0.0447426993192423,16.48632409468945,3876.3249774882343,0.6349732382039286,0.4377824115292625,-142.43564949184656,0.0470651736593811
20051080742,2005,2011,6,2005-2014,638.528462337,49.37625535046806,-75.33171996660937,0.23660786493925,0.4903699564261606,0.3964490803871751,0.2635970113454122,-0.0447426993192423,16.548617520539665,3978.215206711045,0.598654944459257,0.5000758373794767,-40.545420269036185,0.0107468799147096
20051080742,2005,2012,7,2005-2014,638.528462337,49.37625535046806,-75.33171996660937,0.2987321338430998,0.1368645175248284,0.3964490803871751,0.2635970113454122,-0.0447426993192423,16.80574232460799,3853.541436787278,0.6416871619449638,0.7572006414478025,-165.21919019280313,0.0537790974004163
20051080742,2005,2013,8,2005-2014,638.528462337,49.37625535046806,-75.33171996660937,0.2867825756751263,0.5996757781195952,0.3964490803871751,0.2635970113454122,-0.0447426993192423,15.731653861723087,3838.188397894477,0.5750966985829801,-0.3168878214370991,-180.57222908560425,-0.0128113659615674
20051080742,2005,2014,9,2005-2014,638.528462337,49.37625535046806,-75.33171996660937,0.388708674567675,0.541096127439301,0.3964490803871751,0.2635970113454122,-0.0447426993192423,16.327150778839552,3892.398087989303,0.5910181383798366,0.2786090956793643,-126.36253899077838,0.0031100738352891
20051080742,2005,2015,10,2005-2014,638.528462337,49.37625535046806,-75.33171996660937,0.3692736985869773,0.451170859638105,0.3964490803871751,0.2635970113454122,-0.0447426993192423,15.674280047762238,5165.361711518755,0.506969729028467,-0.37426163539795,1146.601084538674,-0.0809383355160804
20051080742,2005,2016,11,2005-2014,638.528462337,49.37625535046806,-75.33171996660937,0.4626767989082977,0.650242096795393,0.3964490803871751,0.2635970113454122,-0.0447426993192423,16.041536226134383,4577.083830546321,0.5558929052640346,-0.0070054570258051,558.32320356624,-0.0320151592805127
20051080742,2005,2017,12,2005-2014,638.528462337,49.37625535046806,-75.33171996660937,0.4161227594104278,0.5876532808096896,0.3964490803871751,0.2635970113454122,-0.0447426993192423,15.068366574550057,3860.9683079616134,0.5553572785559682,-0.9801751086101332,-157.79231901846788,-0.0325507859885791
20051080742,2005,2018,13,2005-2014,638.528462337,49.37625535046806,-75.33171996660937,0.505853643587511,0.7049680719073076,0.3964490803871751,0.2635970113454122,-0.0447426993192423,17.42305410633918,4266.351435899587,0.6876398287802822,1.3745124231789916,247.5908089195059,0.0997317642357347
20051080742,2005,2019,14,2005-2014,638.528462337,49.37625535046806,-75.33171996660937,0.4940032070372541,0.6973521824240866,0.3964490803871751,0.2635970113454122,-0.0447426993192423,15.8859165011973,5261.827509790372,0.5831488377342453,-0.1626251819628876,1243.0668828102905,-0.004759226810302
20051080742,2005,2020,15,2005-2014,638.528462337,49.37625535046806,-75.33171996660937,0.4901417024179586,0.6659341917799482,0.3964490803871751,0.2635970113454122,-0.0447426993192423,17.42415115660515,4715.876563307333,0.656172816286494,1.3756094734449604,697.1159363272513,0.0682647517419466
20051080742,2005,2021,16,2005-2014,638.528462337,49.37625535046806,-75.33171996660937,0.5956653360019083,0.7441337777017591,0.3964490803871751,0.2635970113454122,-0.0447426993192423,17.304405971195422,4167.405838884381,0.6427371089430913,1.2558642880352338,148.64521190430014,0.0548290443985438
20051080742,2005,2022,17,2005-2014,638.528462337,49.37625535046806,-75.33171996660937,0.5294113196480195,0.6619814145181641,0.3964490803871751,0.2635970113454122,-0.0447426993192423,16.28501739225527,4663.647111464222,0.5369166404274809,0.2364757090950817,644.8864844841405,-0.0509914241170665
20051080742,2005,2023,18,2005-2014,638.528462337,49.37625535046806,-75.33171996660937,0.3417524487806186,0.5528413295765408,0.3964490803871751,0.2635970113454122,-0.0447426993192423,17.46040697235992,3456.629728011613,0.6644503889198703,1.4118652891997314,-562.130898968468,0.0765423243753229
20051080742,2005,2024,19,2005-2014,638.528462337,49.37625535046806,-75.33171996660937,0.2442370417069146,0.3809690218105969,0.3964490803871751,0.2635970113454122,-0.0447426993192423,17.79384854081752,4379.744782072159,0.642547912167991,1.745306857657333,360.9841550920778,0.0546398476234435
20051080742,2005,2025,20,2005-2014,638.528462337,49.37625535046806,-75.33171996660937,0.2088215426064462,0.4118889909122518,0.3964490803871751,0.2635970113454122,-0.0447426993192423,16.446920034159803,5134.467574961168,0.5825447530062332,0.3983783509996144,1115.7069479810866,-0.0053633115383141
20051080768,2005,2002,-3,2005-2014,154.16764101,49.112264637481864,-77.9616239663096,0.4123938846580928,0.2676478741644094,0.4123938846580928,0.3457816884047476,-0.00356035830761,16.307454681396507,2709.6503666856256,0.6902893546871579,0.1580192607382073,-673.174767356692,0.062121904722368
20051080768,2005,2003,-2,2005-2014,154.16764101,49.112264637481864,-77.9616239663096,0.3539147318834955,0.3457816884047476,0.4123938846580928,0.3457816884047476,-0.00356035830761,15.802696357948207,4849.986199772435,0.5846392348635854,-0.3467390627100926,1467.1610657301171,-0.0435282151012045
20051080768,2005,2004,-1,2005-2014,154.16764101,49.112264637481864,-77.9616239663096,0.6311491619729904,0.7483274670360867,0.4123938846580928,0.3457816884047476,-0.00356035830761,14.491375451848173,4540.160308871755,0.5080671141737136,-1.6580599688101287,1157.3351748294372,-0.1201003357910762
20051080768,2005,2005,0,2005-2014,154.16764101,49.112264637481864,-77.9616239663096,0.4159542429657028,0.7166838918265545,0.4123938846580928,0.3457816884047476,-0.00356035830761,18.329634595953905,2502.700915566958,0.8340100269736531,2.1801991752956056,-880.1242184753596,0.2058425770088632
20051080768,2005,2006,1,2005-2014,154.16764101,49.112264637481864,-77.9616239663096,0.0250584847473669,0.3305959812634615,0.4123938846580928,0.3457816884047476,-0.00356035830761,16.429498042231046,3112.0793233795184,0.7123752301839672,0.2800626215727462,-270.74581066279916,0.0842077802191773
20051080768,2005,2007,2,2005-2014,154.16764101,49.112264637481864,-77.9616239663096,0.2713681398530325,0.1081983207899103,0.4123938846580928,0.3457816884047476,-0.00356035830761,15.8527131274127,3404.350125975057,0.6424266825394199,-0.296722293245601,21.52499193273934,0.01425923257463
20051080768,2005,2008,3,2005-2014,154.16764101,49.112264637481864,-77.9616239663096,0.1458306205853578,0.3025012056124809,0.4123938846580928,0.3457816884047476,-0.00356035830761,15.6891224543254,4622.636664221797,0.4393468779639895,-0.4603129663329,1239.8115301794796,-0.1888205720008003
20051080768,2005,2009,4,2005-2014,154.16764101,49.112264637481864,-77.9616239663096,0.3182913633980639,0.3688263673931097,0.4123938846580928,0.3457816884047476,-0.00356035830761,15.36421770842179,3639.5599158853393,0.5288561588124492,-0.7852177122365092,256.73478184302166,-0.0993112911523407
20051080768,2005,2010,5,2005-2014,154.16764101,49.112264637481864,-77.9616239663096,0.2517388162619977,0.4508474163110717,0.4123938846580928,0.3457816884047476,-0.00356035830761,16.857987506147765,2320.230657928601,0.701601785251153,0.7085520854894654,-1062.5944761137166,0.0734343352863631
20051080768,2005,2011,6,2005-2014,154.16764101,49.112264637481864,-77.9616239663096,0.2986333316521387,0.5681089336730112,0.4123938846580928,0.3457816884047476,-0.00356035830761,16.791927536674166,2682.8039086595686,0.7085386465338849,0.6424921160158661,-700.021225382749,0.0803711965690949
20051080768,2005,2012,7,2005-2014,154.16764101,49.112264637481864,-77.9616239663096,0.2861968189506134,-0.2169143736300124,0.4123938846580928,0.3457816884047476,-0.00356035830761,17.181577356310868,2813.50882462743,0.7400858978987241,1.032141935652568,-569.3163094148877,0.1119184479339342
20051080768,2005,2013,8,2005-2014,154.16764101,49.112264637481864,-77.9616239663096,0.3337890139244457,0.1972814577998061,0.4123938846580928,0.3457816884047476,-0.00356035830761,15.822794387651529,3054.013245004093,0.5868411325340392,-0.3266410330067728,-328.81188903822476,-0.0413263174307506
20051080768,2005,2014,9,2005-2014,154.16764101,49.112264637481864,-77.9616239663096,0.4306013626873292,0.318232153864859,0.4123938846580928,0.3457816884047476,-0.00356035830761,15.94007731727936,3532.930770639094,0.5868158740831124,-0.2093581033789391,150.10563659677655,-0.0413515758816774
20051080768,2005,2015,10,2005-2014,154.16764101,49.112264637481864,-77.9616239663096,0.4316807755610077,0.5875154966525371,0.4123938846580928,0.3457816884047476,-0.00356035830761,15.744571318142675,3001.1531466114434,0.5296931466272153,-0.4048641025156243,-381.6719874308742,-0.0984743033375745
20051080768,2005,2016,11,2005-2014,154.16764101,49.112264637481864,-77.9616239663096,0.4860668084770895,0.68580678229107,0.4123938846580928,0.3457816884047476,-0.00356035830761,16.252563952017567,3926.871441129329,0.6024427364670032,0.1031285313592675,544.0463070870114,-0.0257247134977867
20051080768,2005,2017,12,2005-2014,154.16764101,49.112264637481864,-77.9616239663096,0.3650801119270164,0.3966939644438594,0.4123938846580928,0.3457816884047476,-0.00356035830761,15.066461216194057,4069.742524434716,0.5706946753351217,-1.082974204464243,686.9173903923984,-0.0574727746296681
20051080768,2005,2018,13,2005-2014,154.16764101,49.112264637481864,-77.9616239663096,0.4861262931064222,0.6779052843976527,0.4123938846580928,0.3457816884047476,-0.00356035830761,17.611768617491805,3296.546854644866,0.7451057244018346,1.4623331968335052,-86.27827939745157,0.1169382744370447
20051080768,2005,2019,14,2005-2014,154.16764101,49.112264637481864,-77.9616239663096,0.5021909491271979,0.6856750442645151,0.4123938846580928,0.3457816884047476,-0.00356035830761,16.156385392728055,3288.9775409695617,0.6408176627586526,0.006949972069755,-93.8475930727559,0.0126502127938626
20051080768,2005,2020,15,2005-2014,154.16764101,49.112264637481864,-77.9616239663096,0.4599426455409267,0.3725605714806264,0.4123938846580928,0.3457816884047476,-0.00356035830761,17.367570682193957,3207.2390605178357,0.6793307654769674,1.218135261535657,-175.5860735244819,0.0511633155121774
20051080768,2005,2021,16,2005-2014,154.16764101,49.112264637481864,-77.9616239663096,0.3535924994821399,0.4511979864138248,0.4123938846580928,0.3457816884047476,-0.00356035830761,17.240472971874738,3013.0798023119246,0.6648290372287448,1.091037551216438,-369.745331730393,0.0366615872639548
20051080768,2005,2022,17,2005-2014,154.16764101,49.112264637481864,-77.9616239663096,0.592002583752346,0.7638004914070122,0.4123938846580928,0.3457816884047476,-0.00356035830761,16.33345719213071,3997.8421823642448,0.5471838618984491,0.184021771472409,615.0170483219272,-0.0809835880663407
20051080768,2005,2023,18,2005-2014,154.16764101,49.112264637481864,-77.9616239663096,0.5682408133042756,0.7051752284694889,0.4123938846580928,0.3457816884047476,-0.00356035830761,17.212828918125354,2746.418776035135,0.7202553857307457,1.0633934974670538,-636.4063580071825,0.0920879357659557
20051080768,2005,2024,19,2005-2014,154.16764101,49.112264637481864,-77.9616239663096,0.611367222411517,0.782897260264962,0.4123938846580928,0.3457816884047476,-0.00356035830761,17.5862113620924,4454.5982656596625,0.6635262089883831,1.4367759414340997,1071.773131617345,0.0353587590235932
20051080768,2005,2025,20,2005-2014,154.16764101,49.112264637481864,-77.9616239663096,0.5488086845390573,0.7524086052338349,0.4123938846580928,0.3457816884047476,-0.00356035830761,16.521763288801992,4021.006413928848,0.5876667950760014,0.3723278681436923,638.1812798865308,-0.0405006548887885
20051080797,2005,2002,-3,2005-2014,213.756777452,48.69530700623441,-75.77072556498383,0.490053501836141,0.3808003122124417,0.4824395766351819,0.3808003122124417,0.0661492690125868,16.14517104660257,3531.4583919265237,0.636279891087336,-0.1137564907903296,-85.08566677478802,0.0264436209596246
20051080797,2005,2003,-2,2005-2014,213.756777452,48.69530700623441,-75.77072556498383,0.4824395766351819,0.4086189516116084,0.4824395766351819,0.3808003122124417,0.0661492690125868,16.08865579522177,4970.7272476688795,0.5746180552265504,-0.1702717421711312,1354.1831889675675,-0.0352182149011609
20051080797,2005,2004,-1,2005-2014,213.756777452,48.69530700623441,-75.77072556498383,0.3877732429605833,0.1389252319788819,0.4824395766351819,0.3808003122124417,0.0661492690125868,14.72967085492786,3775.19964361597,0.5027974178469895,-1.529256682465039,158.65558491465845,-0.1070388522807218
20051080797,2005,2005,0,2005-2014,213.756777452,48.69530700623441,-75.77072556498383,0.416290307622595,0.4513081602003407,0.4824395766351819,0.3808003122124417,0.0661492690125868,18.20998534465184,2690.8219680258403,0.7718457725857357,1.951057807258941,-925.7220906754716,0.1620095024580243
20051080797,2005,2006,1,2005-2014,213.756777452,48.69530700623441,-75.77072556498383,0.0604213994634633,0.2985971794000197,0.4824395766351819,0.3808003122124417,0.0661492690125868,16.60438410993936,3247.9359965009708,0.6674116418156923,0.3454565725464604,-368.608062200341,0.0575753716879809
20051080797,2005,2007,2,2005-2014,213.756777452,48.69530700623441,-75.77072556498383,0.0919511481995574,0.4008550482320058,0.4824395766351819,0.3808003122124417,0.0661492690125868,15.8844018728837,3868.8908878705342,0.6343431306366962,-0.3745256645091999,252.34682916922293,0.0245068605089848
20051080797,2005,2008,3,2005-2014,213.756777452,48.69530700623441,-75.77072556498383,0.1904691045981992,0.067486837429933,0.4824395766351819,0.3808003122124417,0.0661492690125868,15.967426844610712,4264.322235743318,0.4446844921798863,-0.2915006927821864,647.7781770420061,-0.165151777947825
20051080797,2005,2009,4,2005-2014,213.756777452,48.69530700623441,-75.77072556498383,0.3185095321935297,0.1591444554752523,0.4824395766351819,0.3808003122124417,0.0661492690125868,15.441483793396912,4569.675219841311,0.5184712602589622,-0.8174437439959874,953.1311611399996,-0.0913650098687491
20051080797,2005,2010,5,2005-2014,213.756777452,48.69530700623441,-75.77072556498383,0.3534684588731677,0.5020782129651811,0.4824395766351819,0.3808003122124417,0.0661492690125868,16.803874090443514,2944.779009320751,0.6787749842226993,0.5449465530506146,-671.7650493805609,0.0689387140949879
20051080797,2005,2011,6,2005-2014,213.756777452,48.69530700623441,-75.77072556498383,0.3339109792743074,0.4902070183658903,0.4824395766351819,0.3808003122124417,0.0661492690125868,16.774283953680538,3958.1432894975455,0.621732693758908,0.5153564162876378,341.59923079623377,0.0118964236311966
20051080797,2005,2012,7,2005-2014,213.756777452,48.69530700623441,-75.77072556498383,0.2873548531698148,0.355207597324562,0.4824395766351819,0.3808003122124417,0.0661492690125868,17.20673357092818,2660.47347075823,0.7182569691860994,0.9478060335352794,-956.0705879430816,0.108420699058388
20051080797,2005,2013,8,2005-2014,213.756777452,48.69530700623441,-75.77072556498383,0.4002089721941024,0.6308757160639519,0.4824395766351819,0.3808003122124417,0.0661492690125868,15.963224782805526,2997.37816789267,0.5920881000799726,-0.2957027545873743,-619.165890808642,-0.0177481700477387
20051080797,2005,2014,9,2005-2014,213.756777452,48.69530700623441,-75.77072556498383,0.4042450625241844,0.4080960046400785,0.4824395766351819,0.3808003122124417,0.0661492690125868,16.324508575771176,4016.061606567117,0.5937493207515467,0.0655810383782764,399.5175478658052,-0.0160869493761646
20051080797,2005,2015,10,2005-2014,213.756777452,48.69530700623441,-75.77072556498383,0.3212411578504841,0.1970849018321415,0.4824395766351819,0.3808003122124417,0.0661492690125868,15.834734397003617,4213.208883764139,0.5251458686053622,-0.4241931403892849,596.6648250628268,-0.0846904015223491
20051080797,2005,2016,11,2005-2014,213.756777452,48.69530700623441,-75.77072556498383,0.4552528503632735,0.4749201244158532,0.4824395766351819,0.3808003122124417,0.0661492690125868,16.29781311698582,3325.762294988813,0.5882066144361897,0.0388855795929217,-290.78176371249856,-0.0216296556915216
20051080797,2005,2017,12,2005-2014,213.756777452,48.69530700623441,-75.77072556498383,0.5173105734114997,0.701560472499708,0.4824395766351819,0.3808003122124417,0.0661492690125868,15.249712638578558,3464.2261745379274,0.5605124522872116,-1.009214898814342,-152.3178841633844,-0.0493238178404997
20051080797,2005,2018,13,2005-2014,213.756777452,48.69530700623441,-75.77072556498383,0.5410204085682458,0.6777778254370865,0.4824395766351819,0.3808003122124417,0.0661492690125868,17.720815442956052,4930.1847457958775,0.7123217767192034,1.4618879055631524,1313.6406870945657,0.102485506591492
20051080797,2005,2019,14,2005-2014,213.756777452,48.69530700623441,-75.77072556498383,0.5342056512258396,0.6114512593694115,0.4824395766351819,0.3808003122124417,0.0661492690125868,16.324619512972674,3634.708705298315,0.6464527275274178,0.0656919755797744,18.164646597003863,0.0366164573997064
20051080797,2005,2020,15,2005-2014,213.756777452,48.69530700623441,-75.77072556498383,0.5058427195937093,0.6310326603324928,0.4824395766351819,0.3808003122124417,0.0661492690125868,17.461751466557644,4161.835304316568,0.6675021888161783,1.2028239291647438,545.2912456152562,0.0576659186884669
20051080797,2005,2021,16,2005-2014,213.756777452,48.69530700623441,-75.77072556498383,0.5602841031042316,0.7011030727481113,0.4824395766351819,0.3808003122124417,0.0661492690125868,17.572533412601672,3354.9245528801953,0.6699881391902613,1.313605875208772,-261.6195058211165,0.0601518690625499
20051080797,2005,2022,17,2005-2014,213.756777452,48.69530700623441,-75.77072556498383,0.5056041528209658,0.568443727422398,0.4824395766351819,0.3808003122124417,0.0661492690125868,16.420224416428766,4090.5979414991334,0.5510897419131973,0.1612968790358664,474.0538827978216,-0.058746528214514
20051080797,2005,2023,18,2005-2014,213.756777452,48.69530700623441,-75.77072556498383,0.4588816708806887,0.4903274159906058,0.4824395766351819,0.3808003122124417,0.0661492690125868,17.42480843861898,4240.588131405239,0.6732057420014406,1.1658809012260818,624.0440727039277,0.0633694718737292
20051080797,2005,2024,19,2005-2014,213.756777452,48.69530700623441,-75.77072556498383,0.4901858259125839,0.556740455301202,0.4824395766351819,0.3808003122124417,0.0661492690125868,17.78419702502265,4395.178739872428,0.6526841311972966,1.5252694876297497,778.6346811711164,0.0428478610695852
20051080797,2005,2025,20,2005-2014,213.756777452,48.69530700623441,-75.77072556498383,0.5907365361753629,0.7164268943944084,0.4824395766351819,0.3808003122124417,0.0661492690125868,16.772501018081925,4452.375925339443,0.6144160758453783,0.5135734806890255,835.831866638131,0.0045798057176669
20051081299,2005,2002,-3,2005-2014,1353.31869645,48.17984563720563,-78.51278151425139,0.6707328400308801,0.8198094804991068,0.575912970028946,0.7050156346839626,-0.0930723556387209,16.99307143722757,3518.3004076846805,0.680683970234966,0.1286224296127507,230.87485320336737,0.0418665720003056
20051081299,2005,2003,-2,2005-2014,1353.31869645,48.17984563720563,-78.51278151425139,0.575912970028946,0.7050156346839626,0.575912970028946,0.7050156346839626,-0.0930723556387209,16.733655865987146,4428.626047930198,0.6154796770707266,-0.1307931416276737,1141.200493448885,-0.0233377211639337
20051081299,2005,2004,-1,2005-2014,1353.31869645,48.17984563720563,-78.51278151425139,0.5254616565181939,0.5992104652008347,0.575912970028946,0.7050156346839626,-0.0930723556387209,15.300242533200048,3570.9038994278403,0.5497874710662356,-1.564206474414771,283.47834494652716,-0.0890299271684247
20051081299,2005,2005,0,2005-2014,1353.31869645,48.17984563720563,-78.51278151425139,0.668985325667667,0.7762834196198498,0.575912970028946,0.7050156346839626,-0.0930723556387209,19.12767457132759,2640.090934007741,0.8720039841166413,2.263225563712769,-647.3346204735722,0.2331865858819809
20051081299,2005,2006,1,2005-2014,1353.31869645,48.17984563720563,-78.51278151425139,0.2406681973056869,0.5018339317081566,0.575912970028946,0.7050156346839626,-0.0930723556387209,17.11797902756848,3891.35727669877,0.6851581555925509,0.2535300199536614,603.9317222174568,0.0463407573578905
20051081299,2005,2007,2,2005-2014,1353.31869645,48.17984563720563,-78.51278151425139,0.2872840551232379,0.5756538026985041,0.575912970028946,0.7050156346839626,-0.0930723556387209,16.57191602596339,3899.7722648075664,0.600567361856774,-0.2925329816514299,612.3467103262533,-0.0382500363778863
20051081299,2005,2008,3,2005-2014,1353.31869645,48.17984563720563,-78.51278151425139,0.4276871408482615,0.4013753614230146,0.575912970028946,0.7050156346839626,-0.0930723556387209,16.3234475647194,5104.933026741061,0.4568320837485829,-0.5410014428954177,1817.5074722597485,-0.1819853144860774
20051081299,2005,2009,4,2005-2014,1353.31869645,48.17984563720563,-78.51278151425139,0.4148963246915735,0.2956745644337161,0.575912970028946,0.7050156346839626,-0.0930723556387209,15.86995501310929,3034.841237254451,0.5473383021701372,-0.9944939945055288,-252.58431722686237,-0.091479096064523
20051081299,2005,2010,5,2005-2014,1353.31869645,48.17984563720563,-78.51278151425139,0.4509111626967186,0.6734612868080745,0.575912970028946,0.7050156346839626,-0.0930723556387209,17.653910711537264,2244.9001602316052,0.7306938300030914,0.789461703922445,-1042.525394249708,0.091876431768431
20051081299,2005,2011,6,2005-2014,1353.31869645,48.17984563720563,-78.51278151425139,0.5018133033673944,0.5791259477656175,0.575912970028946,0.7050156346839626,-0.0930723556387209,17.559875410881602,3342.084973415783,0.7032904213424525,0.695426403266783,54.65941893447007,0.0644730231077921
20051081299,2005,2012,7,2005-2014,1353.31869645,48.17984563720563,-78.51278151425139,0.5254116020849869,0.6973139887200106,0.575912970028946,0.7050156346839626,-0.0930723556387209,17.69776140295943,2813.8699281919307,0.7277353678804845,0.8333123953446098,-473.5556262893824,0.0889179696458242
20051081299,2005,2013,8,2005-2014,1353.31869645,48.17984563720563,-78.51278151425139,0.3896378805661237,0.1734072442223265,0.575912970028946,0.7050156346839626,-0.0930723556387209,16.444158815301023,3130.874235379373,0.5762979261322454,-0.4202901923137965,-156.55131910193995,-0.0625194721024149
20051081299,2005,2014,9,2005-2014,1353.31869645,48.17984563720563,-78.51278151425139,0.4755978966878081,0.2203711153063727,0.575912970028946,0.7050156346839626,-0.0930723556387209,16.31535949430605,3599.491961981865,0.5772192496986448,-0.5490895133087683,312.06640750055203,-0.0615981485360155
20051081299,2005,2015,10,2005-2014,1353.31869645,48.17984563720563,-78.51278151425139,0.4795846914324445,0.6466880487486037,0.575912970028946,0.7050156346839626,-0.0930723556387209,16.395216698577485,3003.683514656416,0.5453688735653505,-0.4692323090373342,-283.74203982489735,-0.0934485246693098
20051081299,2005,2016,11,2005-2014,1353.31869645,48.17984563720563,-78.51278151425139,0.4403314223599472,0.5913373555652598,0.575912970028946,0.7050156346839626,-0.0930723556387209,17.195070603965007,2906.149228859427,0.6714852733130469,0.3306215963501877,-381.2763256218864,0.0326678750783865
20051081299,2005,2017,12,2005-2014,1353.31869645,48.17984563720563,-78.51278151425139,0.5572821197309777,0.7481589730243425,0.575912970028946,0.7050156346839626,-0.0930723556387209,16.008062955607556,2890.5027875647847,0.5766304739149911,-0.856386052007263,-396.9227669165284,-0.0621869243196692
20051081299,2005,2018,13,2005-2014,1353.31869645,48.17984563720563,-78.51278151425139,0.5540019404522818,0.7548481586689106,0.575912970028946,0.7050156346839626,-0.0930723556387209,18.29439111239668,3799.20486417398,0.7335090801033928,1.429942104781862,511.77930969266663,0.0946916818687324
20051081299,2005,2019,14,2005-2014,1353.31869645,48.17984563720563,-78.51278151425139,0.5957370272867994,0.7583623785616355,0.575912970028946,0.7050156346839626,-0.0930723556387209,17.030405291958175,3395.7054856565705,0.6860416978360341,0.1659562843433555,108.2799311752574,0.0472242996013737
20051081299,2005,2020,15,2005-2014,1353.31869645,48.17984563720563,-78.51278151425139,0.4013026586198691,0.2559608625052686,0.575912970028946,0.7050156346839626,-0.0930723556387209,17.824643506865584,2876.869506057787,0.6665115479924771,0.9601944992507648,-410.55604842352614,0.0276941497578168
20051081299,2005,2021,16,2005-2014,1353.31869645,48.17984563720563,-78.51278151425139,0.5725169580998646,0.7565083835024923,0.575912970028946,0.7050156346839626,-0.0930723556387209,18.01245447379955,3057.1546943783437,0.6579990584105002,1.1480054661847312,-230.27086010296944,0.0191816601758398
20051081299,2005,2022,17,2005-2014,1353.31869645,48.17984563720563,-78.51278151425139,0.6435942645548651,0.8094727591296862,0.575912970028946,0.7050156346839626,-0.0930723556387209,17.048524737703644,3536.009716760297,0.5917707498601319,0.1840757300888249,248.58416227898397,-0.0470466483745284
20051081299,2005,2023,18,2005-2014,1353.31869645,48.17984563720563,-78.51278151425139,0.5633626425296637,0.7334400823311097,0.575912970028946,0.7050156346839626,-0.0930723556387209,17.60977238364842,3067.407549403434,0.6967818718977353,0.7453233760335998,-220.01800507787905,0.057964473663075
20051081299,2005,2024,19,2005-2014,1353.31869645,48.17984563720563,-78.51278151425139,0.625863372714638,0.8018477462104585,0.575912970028946,0.7050156346839626,-0.0930723556387209,18.08375491819521,3006.0921357540806,0.6752492140558982,1.2193059105803918,-281.3334187272326,0.0364318158212378
20051081299,2005,2025,20,2005-2014,1353.31869645,48.17984563720563,-78.51278151425139,0.5441451718455328,0.727392495532466,0.575912970028946,0.7050156346839626,-0.0930723556387209,17.420828831714175,3549.0197829973517,0.6398127667669301,0.5563798240993556,261.5942285160386,0.0009953685322697
20061080486,2006,2003,-3,2005-2014,679.098554854,49.57711708344799,-76.70840301922433,0.4277489078133282,0.3651499141862813,0.4277489078133282,0.3651499141862813,0.0586563462161037,15.560484726947292,4529.871400034504,0.5548319642036217,-0.2970615418107198,605.4271402099848,-0.0217073643592398
20061080486,2006,2004,-2,2005-2014,679.098554854,49.57711708344799,-76.70840301922433,0.3885991306923238,0.1520892133489275,0.4277489078133282,0.3651499141862813,0.0586563462161037,14.255281206490348,4993.839900289067,0.4643683752697504,-1.602265062267666,1069.3956404645478,-0.112170953293111
20061080486,2006,2005,-1,2005-2014,679.098554854,49.57711708344799,-76.70840301922433,0.6036451702512458,0.6618751394656146,0.4277489078133282,0.3651499141862813,0.0586563462161037,18.012059832310364,2821.431362076975,0.78532673551116,2.15451356355235,-1103.0128977475445,0.2087874069482984
20061080486,2006,2006,0,2005-2014,679.098554854,49.57711708344799,-76.70840301922433,0.3690925615972245,0.5957473475842775,0.4277489078133282,0.3651499141862813,0.0586563462161037,16.152993145265444,3337.585423438074,0.6389552482911237,0.2954468765074303,-586.8588363864454,0.0624159197282623
20061080486,2006,2007,1,2005-2014,679.098554854,49.57711708344799,-76.70840301922433,-0.0741290496272013,0.3143991646293957,0.4277489078133282,0.3651499141862813,0.0586563462161037,15.51694249222246,3994.244604780421,0.6107959155326828,-0.3406037765355544,69.8003449559006,0.0342565869698212
20061080486,2006,2008,2,2005-2014,679.098554854,49.57711708344799,-76.70840301922433,0.095599087977775,0.380837149797207,0.4277489078133282,0.3651499141862813,0.0586563462161037,15.597140598573574,5323.75486438236,0.4081015208674401,-0.2604056701844369,1399.3106045578406,-0.1684378076954214
20061080486,2006,2009,3,2005-2014,679.098554854,49.57711708344799,-76.70840301922433,0.4161284804460171,0.097471871430277,0.4277489078133282,0.3651499141862813,0.0586563462161037,15.24095528201784,4305.5152198672395,0.5037974688429245,-0.6165909867401732,381.07096004271995,-0.0727418597199369
20061080486,2006,2010,4,2005-2014,679.098554854,49.57711708344799,-76.70840301922433,0.3183659008092163,0.3225534360863645,0.4277489078133282,0.3651499141862813,0.0586563462161037,16.435282463405464,3176.3601526850607,0.6322396912076224,0.5777361946474499,-748.0841071394583,0.0557003626447608
20061080486,2006,2011,5,2005-2014,679.098554854,49.57711708344799,-76.70840301922433,0.3301143700361758,0.6153766011121603,0.4277489078133282,0.3651499141862813,0.0586563462161037,16.3578260803223,3529.453485792926,0.611660780104168,0.5002798115642891,-394.9907740315934,0.0351214515413065
20061080486,2006,2012,6,2005-2014,679.098554854,49.57711708344799,-76.70840301922433,0.3925696887672492,0.4729065749627343,0.4277489078133282,0.3651499141862813,0.0586563462161037,16.768715285149206,3586.7808952141113,0.6745397893463084,0.911169016391195,-337.66336461040817,0.0980004607834469
20061080486,2006,2013,7,2005-2014,679.098554854,49.57711708344799,-76.70840301922433,0.3730197656489206,0.673848705421301,0.4277489078133282,0.3651499141862813,0.0586563462161037,15.489088439112136,3808.5173765671007,0.5438619997121461,-0.3684578296458771,-115.92688325741884,-0.0326773288507153
20061080486,2006,2014,8,2005-2014,679.098554854,49.57711708344799,-76.70840301922433,0.4668059834107652,0.6777657763990781,0.4277489078133282,0.3651499141862813,0.0586563462161037,16.07562369692155,3738.675526316973,0.569354165875524,0.2180774281635372,-185.76873350754653,-0.0071851626873375
20061080486,2006,2015,9,2005-2014,679.098554854,49.57711708344799,-76.70840301922433,0.4628801146937398,0.6699460781062059,0.4277489078133282,0.3651499141862813,0.0586563462161037,15.454044151306167,4057.743703523567,0.4857788454257035,-0.4035021174518423,133.29944369904803,-0.0907604831371579
20061080486,2006,2016,10,2005-2014,679.098554854,49.57711708344799,-76.70840301922433,0.4902377222599918,0.7051668782176675,0.4277489078133282,0.3651499141862813,0.0586563462161037,15.81397497868195,4809.785412598135,0.5269119992510892,-0.0435712900760635,885.3411527736152,-0.0496273293117722
20061080486,2006,2017,11,2005-2014,679.098554854,49.57711708344799,-76.70840301922433,0.4589051406200859,0.5373725879167562,0.4277489078133282,0.3651499141862813,0.0586563462161037,14.805755791318626,4011.920135837883,0.5392818363825697,-1.051790477439388,87.47587601336372,-0.0372574921802917
20061080486,2006,2018,12,2005-2014,679.098554854,49.57711708344799,-76.70840301922433,0.5057259733509729,0.7206449977243506,0.4277489078133282,0.3651499141862813,0.0586563462161037,17.23340142291527,4015.4482022000857,0.6670818260133012,1.3758551541572588,91.00394237556664,0.0905424974504398
20061080486,2006,2019,13,2005-2014,679.098554854,49.57711708344799,-76.70840301922433,0.5058823416858584,0.6425929277051398,0.4277489078133282,0.3651499141862813,0.0586563462161037,15.699077450019765,4500.683331951212,0.5636674472890504,-0.1584688187382497,576.239072126692,-0.0128718812738111
20061080486,2006,2020,14,2005-2014,679.098554854,49.57711708344799,-76.70840301922433,0.4667411048991675,0.6622070615165865,0.4277489078133282,0.3651499141862813,0.0586563462161037,17.19630292007892,4455.132374357867,0.626863407827486,1.3387566513209066,530.6881145333474,0.0503240792646244
20061080486,2006,2021,15,2005-2014,679.098554854,49.57711708344799,-76.70840301922433,0.5645137095235844,0.7599102427633306,0.4277489078133282,0.3651499141862813,0.0586563462161037,17.06496002888336,3173.219106674162,0.6421467348240564,1.2074137601253456,-751.2251531503573,0.0656074062611949
20061080486,2006,2022,16,2005-2014,679.098554854,49.57711708344799,-76.70840301922433,0.6191039406723998,0.7949993951641982,0.4277489078133282,0.3651499141862813,0.0586563462161037,16.005834697225843,4340.645525116403,0.4940164580975471,0.1482884284678308,416.20126529188394,-0.0825228704653144
20061080486,2006,2023,17,2005-2014,679.098554854,49.57711708344799,-76.70840301922433,0.3418670466278903,0.5175898352801911,0.4277489078133282,0.3651499141862813,0.0586563462161037,17.478727391008057,3156.185592159455,0.734235541247253,1.621181122250045,-768.2586676650643,0.1576962126843915
20061080486,2006,2024,18,2005-2014,679.098554854,49.57711708344799,-76.70840301922433,0.4393921794793577,0.7087226794073047,0.4277489078133282,0.3651499141862813,0.0586563462161037,17.48201210795974,3823.309231471868,0.6119134543322103,1.6244658392017253,-101.1350283526512,0.0353741257693488
20061080486,2006,2025,19,2005-2014,679.098554854,49.57711708344799,-76.70840301922433,0.4394867219081136,0.7012114444005575,0.4277489078133282,0.3651499141862813,0.0586563462161037,16.20879970467611,5237.322417728286,0.550587448854836,0.3512534359180969,1312.878157903768,-0.0259518797080254
20071080193,2007,2004,-3,2005-2014,1181.48907462,48.25716183576918,-76.39055215697803,0.45901520845039,0.4026172777107167,0.45901520845039,0.537022106627632,0.4336188308776204,14.771523548816488,3883.3966399941464,0.4941459141861404,-1.5471873192220955,246.31144688484645,-0.1084080274956076
20071080193,2007,2005,-2,2005-2014,1181.48907462,48.25716183576918,-76.39055215697803,0.5332446723497998,0.5840146375864046,0.45901520845039,0.537022106627632,0.4336188308776204,18.390051439534073,2664.365020474534,0.7789289721093725,2.0713405714954902,-972.7201726347662,0.1763750304276245
20071080193,2007,2006,-1,2005-2014,1181.48907462,48.25716183576918,-76.39055215697803,0.4511570803272935,0.537022106627632,0.45901520845039,0.537022106627632,0.4336188308776204,16.643434574460592,3168.332360964295,0.662248915345951,0.3247237064220117,-468.7528321450054,0.0596949736642029
20071080193,2007,2007,0,2005-2014,1181.48907462,48.25716183576918,-76.39055215697803,0.0253963775727695,0.3143541982707684,0.45901520845039,0.537022106627632,0.4336188308776204,16.036912216426146,4070.884018102658,0.6213630620127674,-0.2817986516124385,433.7988249933576,0.0188091203310194
20071080193,2007,2008,1,2005-2014,1181.48907462,48.25716183576918,-76.39055215697803,0.2205917943143465,0.1599952857945368,0.45901520845039,0.537022106627632,0.4336188308776204,15.92585362043624,4513.560210990071,0.4363350735468639,-0.3928572476023429,876.4750178807707,-0.166218868134884
20071080193,2007,2009,2,2005-2014,1181.48907462,48.25716183576918,-76.39055215697803,0.2793847659951752,0.3222158925214568,0.45901520845039,0.537022106627632,0.4336188308776204,15.380342569464307,4792.791985938279,0.4946147592560084,-0.938368298574273,1155.7067928289794,-0.1079391824257395
20071080193,2007,2010,3,2005-2014,1181.48907462,48.25716183576918,-76.39055215697803,0.2597618979889807,0.2167311166487905,0.45901520845039,0.537022106627632,0.4336188308776204,16.935100963024603,2854.7005814975473,0.6718634615774789,0.6163900949860206,-782.384611611753,0.0693095198957309
20071080193,2007,2011,4,2005-2014,1181.48907462,48.25716183576918,-76.39055215697803,0.3338412020055776,0.4004377959370864,0.45901520845039,0.537022106627632,0.4336188308776204,16.855678636754472,3988.818253291969,0.6240978164202772,0.5369677687158929,351.7330601826685,0.0215438747385291
20071080193,2007,2012,5,2005-2014,1181.48907462,48.25716183576918,-76.39055215697803,0.3300554308415779,0.4962988738314088,0.45901520845039,0.537022106627632,0.4336188308776204,17.36224771800358,2724.2158550163235,0.7376778731786005,1.0435368499649984,-912.8693380929768,0.1351239314968524
20071080193,2007,2013,6,2005-2014,1181.48907462,48.25716183576918,-76.39055215697803,0.3612351899930092,0.5838546623845113,0.45901520845039,0.537022106627632,0.4336188308776204,16.02784447454287,3118.931603701452,0.5836336976061438,-0.2908663934957111,-518.1535894078488,-0.0189202440756041
20071080193,2007,2014,7,2005-2014,1181.48907462,48.25716183576918,-76.39055215697803,0.4198321116189636,0.4356178840758761,0.45901520845039,0.537022106627632,0.4336188308776204,16.197863414280256,3782.4133209869383,0.571732634129,-0.1208474537583211,145.32812787763896,-0.0308213075527479
20071080193,2007,2015,8,2005-2014,1181.48907462,48.25716183576918,-76.39055215697803,0.3572637876870411,0.3009202115548643,0.45901520845039,0.537022106627632,0.4336188308776204,15.859441733831494,3243.6796163354143,0.5146262705346155,-0.459269134207088,-393.405576773886,-0.0879276711471324
20071080193,2007,2016,9,2005-2014,1181.48907462,48.25716183576918,-76.39055215697803,0.4277164257604728,0.3769972342996037,0.45901520845039,0.537022106627632,0.4336188308776204,16.375364247130705,3365.8754144819673,0.5856980788825453,0.0566533790921205,-271.2097786273328,-0.0168558627992026
20071080193,2007,2017,10,2005-2014,1181.48907462,48.25716183576918,-76.39055215697803,0.5214212904821215,0.7246028065439795,0.45901520845039,0.537022106627632,0.4336188308776204,15.299328537933883,3558.4473517666256,0.5377150732612134,-1.0193823301046965,-78.63784134267436,-0.0648388684205344
20071080193,2007,2018,11,2005-2014,1181.48907462,48.25716183576918,-76.39055215697803,0.5800903928301329,0.763773968532289,0.45901520845039,0.537022106627632,0.4336188308776204,17.803926830266636,5133.720915822673,0.7041067018716083,1.485215962228053,1496.635722713373,0.1015527601898603
20071080193,2007,2019,12,2005-2014,1181.48907462,48.25716183576918,-76.39055215697803,0.5957943482572283,0.7519267818803942,0.45901520845039,0.537022106627632,0.4336188308776204,16.383081060341727,3607.4880378737894,0.6428788730319052,0.0643701923031458,-29.5971552355114,0.0403249313501571
20071080193,2007,2020,13,2005-2014,1181.48907462,48.25716183576918,-76.39055215697803,0.4041928481471242,0.4978601481353676,0.45901520845039,0.537022106627632,0.4336188308776204,17.403955381985675,3475.939086832203,0.6494752107315964,1.0852445139470952,-161.14610627709732,0.0469212690498483
20071080193,2007,2021,14,2005-2014,1181.48907462,48.25716183576918,-76.39055215697803,0.5956281624406035,0.7128926166373306,0.45901520845039,0.537022106627632,0.4336188308776204,17.681736297213742,2803.0251890007426,0.6713878326436272,1.3630254291751638,-834.0600041085578,0.0688338909618792
20071080193,2007,2022,15,2005-2014,1181.48907462,48.25716183576918,-76.39055215697803,0.5369859838149634,0.6934921381171683,0.45901520845039,0.537022106627632,0.4336188308776204,16.449249112695057,3907.41868231179,0.5418308754879239,0.130538244656475,270.33348920248915,-0.0607230661938241
20071080193,2007,2023,16,2005-2014,1181.48907462,48.25716183576918,-76.39055215697803,0.4472186260827374,0.5686494667318484,0.45901520845039,0.537022106627632,0.4336188308776204,17.29722062304821,4361.990035725415,0.6494975911368766,0.9785097550096312,724.9048426161145,0.0469436494551285
20071080193,2007,2024,17,2005-2014,1181.48907462,48.25716183576918,-76.39055215697803,0.6503673569934466,0.8025972464477819,0.45901520845039,0.537022106627632,0.4336188308776204,17.586598400573358,3942.2200893240783,0.6141650913000807,1.2678875325347765,305.1348962147781,0.0116111496183327
20071080193,2007,2025,18,2005-2014,1181.48907462,48.25716183576918,-76.39055215697803,0.6621242830799665,0.8144555555931423,0.45901520845039,0.537022106627632,0.4336188308776204,16.852714053025444,4186.64533819475,0.6009512896266874,0.5340031849868636,549.5601450854501,-0.0016026520550604
20071080254,2007,2004,-3,2005-2014,53351.1275417,48.18445925464699,-76.46495330047061,0.5586104260867222,0.675843989152753,0.5586104260867222,0.6289367622981465,0.5312418679674216,14.8095853426023,3922.53641637016,0.4978837614138483,-1.5407031283310326,269.27706777065896,-0.1087041159470769
20071080254,2007,2005,-2,2005-2014,53351.1275417,48.18445925464699,-76.46495330047061,0.5762078929478187,0.6289367622981465,0.5586104260867222,0.6289367622981465,0.5312418679674216,18.433395202930058,2611.068031478111,0.7862133194822715,2.0831067319967267,-1042.1913171213885,0.1796254421213461
20071080254,2007,2006,-1,2005-2014,53351.1275417,48.18445925464699,-76.46495330047061,0.4804584015304605,0.519571210922783,0.5586104260867222,0.6289367622981465,0.5312418679674216,16.675563089465907,3178.578777348242,0.6674931886404171,0.3252746185325751,-474.6805712512584,0.0609053112794918
20071080254,2007,2007,0,2005-2014,53351.1275417,48.18445925464699,-76.46495330047061,0.0273685581193006,0.3242021924939938,0.5586104260867222,0.6289367622981465,0.5312418679674216,16.081987202015707,4043.530231504788,0.627445663729735,-0.2683012689176278,390.2708829052864,0.0208577863688098
20071080254,2007,2008,1,2005-2014,53351.1275417,48.18445925464699,-76.46495330047061,0.246081453294518,0.1913971885398786,0.5586104260867222,0.6289367622981465,0.5312418679674216,15.953453611090982,4489.2886248392915,0.4404043440485448,-0.3968348598423538,836.029276239791,-0.1661835333123803
20071080254,2007,2009,2,2005-2014,53351.1275417,48.18445925464699,-76.46495330047061,0.337881632847366,0.3007701208540208,0.5586104260867222,0.6289367622981465,0.5312418679674216,15.4018107634986,4840.773733358036,0.4963479251355111,-0.9484777074347338,1187.5143847585352,-0.110239952225414
20071080254,2007,2010,3,2005-2014,53351.1275417,48.18445925464699,-76.46495330047061,0.3691273404566975,0.5136773378699582,0.5586104260867222,0.6289367622981465,0.5312418679674216,16.97204050872669,2835.2053981950685,0.6760709263195325,0.621752037793354,-818.0539504044315,0.0694830489586074
20071080254,2007,2011,4,2005-2014,53351.1275417,48.18445925464699,-76.46495330047061,0.3847722376777149,0.4492107685675668,0.5586104260867222,0.6289367622981465,0.5312418679674216,16.89041843818265,4025.667873032625,0.6289066340871579,0.5401299672493172,372.4085244331238,0.0223187567262326
20071080254,2007,2012,5,2005-2014,53351.1275417,48.18445925464699,-76.46495330047061,0.4024015714262683,0.6133030817198915,0.5586104260867222,0.6289367622981465,0.5312418679674216,17.40718426303829,2715.247843977375,0.7464821858466322,1.0568957921049538,-938.0115046221254,0.1398943084857069
20071080254,2007,2013,6,2005-2014,53351.1275417,48.18445925464699,-76.46495330047061,0.441430298012555,0.6855362956255219,0.5586104260867222,0.6289367622981465,0.5312418679674216,16.06145816084491,3179.8015278628427,0.5862035713901005,-0.2888303100884226,-473.4578207366574,-0.0203843059708247
20071080254,2007,2014,7,2005-2014,53351.1275417,48.18445925464699,-76.46495330047061,0.4863487962645108,0.6621211357089122,0.5586104260867222,0.6289367622981465,0.5312418679674216,16.19597521828396,3741.724676551776,0.5728239813821483,-0.1543132526493728,88.46532795227593,-0.0337638959787769
20071080254,2007,2015,8,2005-2014,53351.1275417,48.18445925464699,-76.46495330047061,0.441526110337044,0.4492310525124638,0.5586104260867222,0.6289367622981465,0.5312418679674216,15.891323134489582,3188.0353922094273,0.5168159321483068,-0.4589653364437509,-465.22395639007306,-0.0897719452126183
20071080254,2007,2016,9,2005-2014,53351.1275417,48.18445925464699,-76.46495330047061,0.503921087111247,0.5976894803272181,0.5586104260867222,0.6289367622981465,0.5312418679674216,16.415300970041713,3411.993506275563,0.5916841766067472,0.0650124991083832,-241.26584232393745,-0.0149037007541778
20071080254,2007,2017,10,2005-2014,53351.1275417,48.18445925464699,-76.46495330047061,0.4882845641228813,0.6445616264891971,0.5586104260867222,0.6289367622981465,0.5312418679674216,15.342093035996012,3618.558187972935,0.5404288827402561,-1.0081954349373217,-34.701160626565816,-0.066158994620669
20071080254,2007,2018,11,2005-2014,53351.1275417,48.18445925464699,-76.46495330047061,0.5839795742086924,0.7480547625890868,0.5586104260867222,0.6289367622981465,0.5312418679674216,17.82870038875927,5271.309939447442,0.7055415246932782,1.4784119178259332,1618.0505908479415,0.0989536473323531
20071080254,2007,2019,12,2005-2014,53351.1275417,48.18445925464699,-76.46495330047061,0.5957080964134489,0.7597739276172988,0.5586104260867222,0.6289367622981465,0.5312418679674216,16.41990249412974,3555.703845725793,0.6476935819983894,0.0696140231964074,-97.55550287370686,0.0411057046374641
20071080254,2007,2020,13,2005-2014,53351.1275417,48.18445925464699,-76.46495330047061,0.5293025077007846,0.6914533878489366,0.5586104260867222,0.6289367622981465,0.5312418679674216,17.41229316518031,3492.406044937799,0.6510145065794842,1.062004694246977,-160.85330366170163,0.044426629218559
20071080254,2007,2021,14,2005-2014,53351.1275417,48.18445925464699,-76.46495330047061,0.4941284676471334,0.5508088184608962,0.5586104260867222,0.6289367622981465,0.5312418679674216,17.73084104949582,2703.196985707908,0.6788977400897636,1.3805525785624828,-950.0623628915928,0.0723098627288384
20071080254,2007,2022,15,2005-2014,53351.1275417,48.18445925464699,-76.46495330047061,0.5976608004951734,0.7460879332995061,0.5586104260867222,0.6289367622981465,0.5312418679674216,16.480208680252225,3824.1491919374935,0.5461633326334856,0.1299202093188938,170.88984333799354,-0.0604245447274394
20071080254,2007,2023,16,2005-2014,53351.1275417,48.18445925464699,-76.46495330047061,0.4550930186271279,0.5488445262855126,0.5586104260867222,0.6289367622981465,0.5312418679674216,17.3004794358436,4494.939653597026,0.6506199702850926,0.9501909649102596,841.6803049975264,0.0440320929241672
20071080254,2007,2024,17,2005-2014,53351.1275417,48.18445925464699,-76.46495330047061,0.6523674429002135,0.8144735662656192,0.5586104260867222,0.6289367622981465,0.5312418679674216,17.58401907674098,3846.128288026888,0.6137553794863604,1.2337306058076438,192.86893942738817,0.0071675021254353
20071080254,2007,2025,18,2005-2014,53351.1275417,48.18445925464699,-76.46495330047061,0.6289098847850119,0.7988491201169247,0.5586104260867222,0.6289367622981465,0.5312418679674216,16.89527659180417,4056.9635065335738,0.6063391343741479,0.5449881208708358,403.7041579340726,-0.0002487429867774
20071080461,2007,2004,-3,2005-2014,8768.67450129,50.37115455513174,-76.569161371557,0.373029862819641,0.3342995213546108,0.4433337917509318,0.4864000477632953,0.2069333365110772,13.765767105305278,4513.65851173211,0.4541472194974291,-1.6260888792274435,614.6506757999529,-0.1122053031827779
20071080461,2007,2005,-2,2005-2014,8768.67450129,50.37115455513174,-76.569161371557,0.4433337917509318,0.4864000477632953,0.4433337917509318,0.4864000477632953,0.2069333365110772,17.201981188364112,3813.6430447989474,0.7012241231685805,1.8101252038313895,-85.36479113320988,0.1348716004883735
20071080461,2007,2006,-1,2005-2014,8768.67450129,50.37115455513174,-76.569161371557,0.5100596611572098,0.6691422835524449,0.4433337917509318,0.4864000477632953,0.2069333365110772,15.685592712181212,2850.923117670736,0.631214692660843,0.2937367276484929,-1048.084718261421,0.0648621699806359
20071080461,2007,2007,0,2005-2014,8768.67450129,50.37115455513174,-76.569161371557,0.2364004552398545,0.5133061626520085,0.4433337917509318,0.4864000477632953,0.2069333365110772,14.98766657557464,4031.220685813967,0.5888660132494773,-0.4041894089580804,132.2128498818106,0.0225134905692703
20071080461,2007,2008,1,2005-2014,8768.67450129,50.37115455513174,-76.569161371557,0.2520026854489962,0.3143688020814348,0.4433337917509318,0.4864000477632953,0.2069333365110772,15.277599842421695,4777.924255030964,0.4187828446434583,-0.1142561421110273,878.9164190988064,-0.1475696780367487
20071080461,2007,2009,2,2005-2014,8768.67450129,50.37115455513174,-76.569161371557,0.314291822652225,0.3688589049323276,0.4433337917509318,0.4864000477632953,0.2069333365110772,15.00406635302854,3475.262411224355,0.5249014617551545,-0.387789631504182,-423.7454247078018,-0.0414510609250525
20071080461,2007,2010,3,2005-2014,8768.67450129,50.37115455513174,-76.569161371557,0.2359733743287221,0.3106099662409382,0.4433337917509318,0.4864000477632953,0.2069333365110772,15.81579923952262,3153.111561584885,0.5974378624717134,0.4239432549898977,-745.8962743472722,0.0310853397915064
20071080461,2007,2011,4,2005-2014,8768.67450129,50.37115455513174,-76.569161371557,0.2906382936794587,0.4009694494817992,0.4433337917509318,0.4864000477632953,0.2069333365110772,15.92235140961725,4005.224062426439,0.6112734871078175,0.5304954250845283,106.21622649428188,0.0449209644276105
20071080461,2007,2012,5,2005-2014,8768.67450129,50.37115455513174,-76.569161371557,0.3690729255176806,-0.3242842005469332,0.4433337917509318,0.4864000477632953,0.2069333365110772,16.13367183519447,3611.9050686516666,0.616843215664963,0.7418158506617509,-287.1027672804903,0.0504906929847561
20071080461,2007,2013,6,2005-2014,8768.67450129,50.37115455513174,-76.569161371557,0.275243014159435,0.580491205601232,0.4433337917509318,0.4864000477632953,0.2069333365110772,15.122817563319586,4458.291949900662,0.5509248231223579,-0.269038421213135,559.2841139685048,-0.015427699557849
20071080461,2007,2014,7,2005-2014,8768.67450129,50.37115455513174,-76.569161371557,0.4053301716577845,0.602828884758899,0.4433337917509318,0.4864000477632953,0.2069333365110772,15.88714804257749,4019.486750536673,0.5889953740105707,0.4952920580447676,120.47891460451548,0.0226428513303637
20071080461,2007,2015,8,2005-2014,8768.67450129,50.37115455513174,-76.569161371557,0.3696377530737089,0.419238375638577,0.4433337917509318,0.4864000477632953,0.2069333365110772,15.132389880378506,4030.012180792084,0.4833629870894043,-0.2594661041542144,131.00434485992733,-0.0829895355908026
20071080461,2007,2016,9,2005-2014,8768.67450129,50.37115455513174,-76.569161371557,0.4562388729496243,0.6541961665782099,0.4433337917509318,0.4864000477632953,0.2069333365110772,15.296379527953528,4311.332080027443,0.5125297410533277,-0.0954764565791925,412.3242440952857,-0.0538227816268792
20071080461,2007,2017,10,2005-2014,8768.67450129,50.37115455513174,-76.569161371557,0.4112320684463356,0.5968187983723108,0.4433337917509318,0.4864000477632953,0.2069333365110772,14.246565347478054,4192.959414543798,0.5296718598967249,-1.1452906370546672,293.9515786116408,-0.036680662783482
20071080461,2007,2018,11,2005-2014,8768.67450129,50.37115455513174,-76.569161371557,0.4050854553122991,0.3696352731711661,0.4433337917509318,0.4864000477632953,0.2069333365110772,16.594861584354742,3805.1719351434226,0.6451332252018682,1.2030055998220202,-93.8359007887349,0.0787807025216613
20071080461,2007,2019,12,2005-2014,8768.67450129,50.37115455513174,-76.569161371557,0.3855448025566708,0.5374413701873925,0.4433337917509318,0.4864000477632953,0.2069333365110772,15.005292421147466,4661.9669102154285,0.5178125157969508,-0.3865635633852526,762.959074283271,-0.0485400068832562
20071080461,2007,2020,13,2005-2014,8768.67450129,50.37115455513174,-76.569161371557,0.4624284475745271,0.645413752348988,0.4433337917509318,0.4864000477632953,0.2069333365110772,17.02008928169952,4314.097011627444,0.6538515880850388,1.6282332971668008,415.089175695286,0.0874990654048319
20071080461,2007,2021,14,2005-2014,8768.67450129,50.37115455513174,-76.569161371557,0.4628400303262987,0.6749418504583228,0.4433337917509318,0.4864000477632953,0.2069333365110772,16.443758078588985,3644.026192642716,0.6196598526645186,1.051902094056264,-254.98164328944117,0.0533073299843117
20071080461,2007,2022,15,2005-2014,8768.67450129,50.37115455513174,-76.569161371557,0.5305393408848117,0.694195265247373,0.4433337917509318,0.4864000477632953,0.2069333365110772,15.699662822225868,3959.8118643797234,0.5183636197160474,0.3078068376931491,60.804028447566154,-0.0479889029641595
20071080461,2007,2023,16,2005-2014,8768.67450129,50.37115455513174,-76.569161371557,0.396640518903153,0.5015574666239881,0.4433337917509318,0.4864000477632953,0.2069333365110772,17.302057009157956,3206.7144575663656,0.7369344397370589,1.910201024625237,-692.2933783657916,0.1705819170568518
20071080461,2007,2024,17,2005-2014,8768.67450129,50.37115455513174,-76.569161371557,0.5593134894216204,0.7433702982598266,0.4433337917509318,0.4864000477632953,0.2069333365110772,17.413986073369585,3774.027262773963,0.6454261418989934,2.0221300888368647,-124.98057315819445,0.0790736192187863
20071080461,2007,2025,18,2005-2014,8768.67450129,50.37115455513174,-76.569161371557,0.5019279081031953,0.7002219378729926,0.4433337917509318,0.4864000477632953,0.2069333365110772,15.680760165689112,4678.892792395932,0.54024102218641,0.2889041811563917,779.8849564637745,-0.0261115004937969
20071080492,2007,2004,-3,2005-2014,310.23465581,49.32606356026601,-76.4032325925473,0.5487847364562036,0.4800620172266952,0.5487847364562036,0.4800620172266952,0.6070274634739623,14.537987514164172,4730.010930961334,0.4806530324087387,-1.588363614289643,898.0786738070211,-0.1166305192038564
20071080492,2007,2005,-2,2005-2014,310.23465581,49.32606356026601,-76.4032325925473,0.6539707030683333,0.6970723681802632,0.5487847364562036,0.4800620172266952,0.6070274634739623,18.224455984087996,2793.4383708120654,0.7949957215893212,2.0981048556341815,-1038.493886342248,0.197712169976726
20071080492,2007,2006,-1,2005-2014,310.23465581,49.32606356026601,-76.4032325925473,0.3065488560224161,0.2541182198495526,0.5487847364562036,0.4800620172266952,0.6070274634739623,16.46703599017603,3293.75162591991,0.6643904107511023,0.3406848617222149,-538.1806312344032,0.0671068591385072
20071080492,2007,2007,0,2005-2014,310.23465581,49.32606356026601,-76.4032325925473,-0.0582427270177586,0.4355947918229407,0.5487847364562036,0.4800620172266952,0.6070274634739623,15.809451143292453,3823.5517344894697,0.6413186437110446,-0.3168999851613651,-8.38052266484317,0.0440350920984495
20071080492,2007,2008,1,2005-2014,310.23465581,49.32606356026601,-76.4032325925473,0.0199459798939935,0.3336976383824499,0.5487847364562036,0.4800620172266952,0.6070274634739623,15.821800057784412,5556.312165251736,0.4225743449079489,-0.3045510706693992,1724.3799080974222,-0.1747092067046462
20071080492,2007,2009,2,2005-2014,310.23465581,49.32606356026601,-76.4032325925473,0.1285799325171398,0.3613678182188723,0.5487847364562036,0.4800620172266952,0.6070274634739623,15.506184376149974,4003.346379045407,0.527939509867142,-0.6201667523038399,171.4141218910937,-0.0693440417454531
20071080492,2007,2010,3,2005-2014,310.23465581,49.32606356026601,-76.4032325925473,0.3848319224421291,0.0975244824830731,0.5487847364562036,0.4800620172266952,0.6070274634739623,16.747901313892314,3160.7645444990844,0.6689103878009837,0.6215501854384994,-671.1677126552289,0.0716268361883885
20071080492,2007,2011,4,2005-2014,310.23465581,49.32606356026601,-76.4032325925473,0.2833088943559043,0.5760102488814585,0.5487847364562036,0.4800620172266952,0.6070274634739623,16.616474461209975,3835.482716856948,0.6185730906287038,0.4901233327561609,3.550459702634385,0.0212895390161086
20071080492,2007,2012,5,2005-2014,310.23465581,49.32606356026601,-76.4032325925473,0.3337416834988281,0.5662205576868059,0.5487847364562036,0.4800620172266952,0.6070274634739623,17.023772950103336,3346.7351470101185,0.6924362795478023,0.8974218216495212,-485.1971101441949,0.0951527279352071
20071080492,2007,2013,6,2005-2014,310.23465581,49.32606356026601,-76.4032325925473,0.3806896798979332,0.6973543585373713,0.5487847364562036,0.4800620172266952,0.6070274634739623,15.751986972145415,3579.6803952761497,0.5626042548552742,-0.3743641563083972,-252.25186187816405,-0.0346792967573209
20071080492,2007,2014,7,2005-2014,310.23465581,49.32606356026601,-76.4032325925473,0.4394019558817929,0.6034568708157227,0.5487847364562036,0.4800620172266952,0.6070274634739623,16.36092798813533,3639.864246576789,0.5988886183039805,0.2345768596815158,-192.0680105775249,0.0016050666913853
20071080492,2007,2015,8,2005-2014,310.23465581,49.32606356026601,-76.4032325925473,0.4238995198500427,0.631876412375412,0.5487847364562036,0.4800620172266952,0.6070274634739623,15.70029893681624,3656.8388780540886,0.508463707793735,-0.4260521916375754,-175.09337910022475,-0.0888198438188601
20071080492,2007,2016,9,2005-2014,310.23465581,49.32606356026601,-76.4032325925473,0.4980045534212109,0.6620927965645903,0.5487847364562036,0.4800620172266952,0.6070274634739623,16.110964379794353,4643.38384271759,0.5546551816013403,-0.0153867486594609,811.4515855632765,-0.0426283700112549
20071080492,2007,2017,10,2005-2014,310.23465581,49.32606356026601,-76.4032325925473,0.4200378850507343,0.4436600933588165,0.5487847364562036,0.4800620172266952,0.6070274634739623,15.091238835929104,3826.949767206699,0.5605010888229577,-1.03511229252471,-4.9824899476142255,-0.0367824627896375
20071080492,2007,2018,11,2005-2014,310.23465581,49.32606356026601,-76.4032325925473,0.5596702027748774,0.6505793302771142,0.5487847364562036,0.4800620172266952,0.6070274634739623,17.54395303035129,4225.689516037555,0.6996394962573897,1.4176019018974753,393.75725888324183,0.1023559446447947
20071080492,2007,2019,12,2005-2014,310.23465581,49.32606356026601,-76.4032325925473,0.5292577362819576,0.6657964616328051,0.5487847364562036,0.4800620172266952,0.6070274634739623,15.98719394932624,4792.258797386374,0.5884743080262195,-0.139157179127574,960.3265402320604,-0.0088092435863756
20071080492,2007,2020,13,2005-2014,310.23465581,49.32606356026601,-76.4032325925473,0.4863333010809764,0.7091440064395067,0.5487847364562036,0.4800620172266952,0.6070274634739623,17.409300374293693,4221.413927706394,0.6458935193499079,1.2829492458398788,389.4816705520799,0.0486099677373128
20071080492,2007,2021,14,2005-2014,310.23465581,49.32606356026601,-76.4032325925473,0.5527876855304192,0.7598474628252094,0.5487847364562036,0.4800620172266952,0.6070274634739623,17.330226053707875,3491.9045665692215,0.6504934841406352,1.2038749252540608,-340.0276905850918,0.0532099325280401
20071080492,2007,2022,15,2005-2014,310.23465581,49.32606356026601,-76.4032325925473,0.6230464249781318,0.7792186769824795,0.5487847364562036,0.4800620172266952,0.6070274634739623,16.229794065503114,4324.574175715376,0.5107531307584798,0.1034429370492997,492.6419185610631,-0.0865304208541152
20071080492,2007,2023,16,2005-2014,310.23465581,49.32606356026601,-76.4032325925473,0.5293652866382275,0.4706893214310954,0.5487847364562036,0.4800620172266952,0.6070274634739623,17.66446253735087,3259.269346294751,0.7373074510697739,1.538111408897057,-572.6629108595624,0.1400238994571787
20071080492,2007,2024,17,2005-2014,310.23465581,49.32606356026601,-76.4032325925473,0.6153480947588581,0.775335020100483,0.5487847364562036,0.4800620172266952,0.6070274634739623,17.713110970759743,4035.3913832983394,0.6315845496193213,1.5867598423059288,203.45912614402604,0.0343009980067261
20071080492,2007,2025,18,2005-2014,310.23465581,49.32606356026601,-76.4032325925473,0.5839463896448985,0.767573660141576,0.5487847364562036,0.4800620172266952,0.6070274634739623,16.524535302148365,4766.393439571988,0.5812443770068574,0.3981841736945508,934.4611824176756,-0.0160391746057376
20071080506,2007,2004,-3,2005-2014,741.051196725,49.42403795674385,-75.52516484576161,0.4043651157742831,0.2090351199059851,0.4043651157742831,0.5213678607171445,0.251924459125392,14.501235260006885,4866.746518060313,0.4858825771417024,-1.5564431423999077,831.7721908363229,-0.1105813507112389
20071080506,2007,2005,-2,2005-2014,741.051196725,49.42403795674385,-75.52516484576161,0.5178720449205425,0.6310362900867916,0.4043651157742831,0.5213678607171445,0.251924459125392,17.99005602997376,2907.9980270907367,0.7753729344043412,1.9323776275669675,-1126.9763001332535,0.1789090065513997
20071080506,2007,2006,-1,2005-2014,741.051196725,49.42403795674385,-75.52516484576161,0.3552797473488124,0.5213678607171445,0.4043651157742831,0.5213678607171445,0.251924459125392,16.463735040392613,2940.9296187251607,0.668076578452653,0.406056637985817,-1094.04470849883,0.0716126505997116
20071080506,2007,2007,0,2005-2014,741.051196725,49.42403795674385,-75.52516484576161,0.1524406566488911,0.321920620591019,0.4043651157742831,0.5213678607171445,0.251924459125392,15.679886565583075,4144.186410473692,0.6354790310514619,-0.3777918368237172,109.2120832497021,0.0390151031985205
20071080506,2007,2008,1,2005-2014,741.051196725,49.42403795674385,-75.52516484576161,0.0898579415254539,0.2597655736377637,0.4043651157742831,0.5213678607171445,0.251924459125392,15.823466652754565,4625.725924531732,0.4337358894159303,-0.2342117496522303,590.7515973077416,-0.162728038437011
20071080506,2007,2009,2,2005-2014,741.051196725,49.42403795674385,-75.52516484576161,0.142625194070009,0.2910351300301024,0.4043651157742831,0.5213678607171445,0.251924459125392,15.45118787112262,4017.3201839959247,0.5249958113799907,-0.6064905312841748,-17.654143228065287,-0.0714681164729506
20071080506,2007,2010,3,2005-2014,741.051196725,49.42403795674385,-75.52516484576161,0.271487361693102,0.1662602211350909,0.4043651157742831,0.5213678607171445,0.251924459125392,16.524155183642304,4002.27791811852,0.6471863487224991,0.4664767812355086,-32.69640910547031,0.0507224208695578
20071080506,2007,2011,4,2005-2014,741.051196725,49.42403795674385,-75.52516484576161,0.2637053464050727,0.5486735335407317,0.4043651157742831,0.5213678607171445,0.251924459125392,16.551718721018798,3818.0235303276977,0.6091230032272633,0.4940403186120043,-216.9507968962932,0.0126590753743219
20071080506,2007,2012,5,2005-2014,741.051196725,49.42403795674385,-75.52516484576161,0.2558685811260546,0.0902161813753791,0.4043651157742831,0.5213678607171445,0.251924459125392,16.833720216380126,3788.805716068901,0.6568993031806369,0.7760418139733325,-246.1686111550897,0.0604353753276955
20071080506,2007,2013,6,2005-2014,741.051196725,49.42403795674385,-75.52516484576161,0.3417827463567907,0.6581865246739692,0.4043651157742831,0.5213678607171445,0.251924459125392,15.715434897937122,3878.3357604164735,0.5803076267362127,-0.3422435044696714,-156.63856680751675,-0.0161563011167286
20071080506,2007,2014,7,2005-2014,741.051196725,49.42403795674385,-75.52516484576161,0.4159774122282913,0.6036134799361519,0.4043651157742831,0.5213678607171445,0.251924459125392,16.382530289947507,3942.6907702350695,0.6066769888988822,0.3248518875407136,-92.28355698892162,0.0102130610459408
20071080506,2007,2015,8,2005-2014,741.051196725,49.42403795674385,-75.52516484576161,0.377007623004066,0.416017080382392,0.4043651157742831,0.5213678607171445,0.251924459125392,15.653109880443058,4881.951510473513,0.5086224827813504,-0.4045685219637353,846.9771832495215,-0.087841445071591
20071080506,2007,2016,9,2005-2014,741.051196725,49.42403795674385,-75.52516484576161,0.4941566606941961,0.7050511294676575,0.4043651157742831,0.5213678607171445,0.251924459125392,16.017926933818195,4867.502395378454,0.5545248806404159,-0.0397514685885982,832.5280681544629,-0.0419390472125254
20071080506,2007,2017,10,2005-2014,741.051196725,49.42403795674385,-75.52516484576161,0.4471619361456261,0.6385728506286562,0.4043651157742831,0.5213678607171445,0.251924459125392,15.05988706411252,3862.580909371231,0.5614013473429372,-0.997791338294274,-172.39341785275977,-0.0350625805100041
20071080506,2007,2018,11,2005-2014,741.051196725,49.42403795674385,-75.52516484576161,0.5019256230129431,0.6815587251618015,0.4043651157742831,0.5213678607171445,0.251924459125392,17.441381553108734,4240.27062881684,0.700026410995702,1.3837031507019388,205.29630159284963,0.1035624831427606
20071080506,2007,2019,12,2005-2014,741.051196725,49.42403795674385,-75.52516484576161,0.4864707024814343,0.5801458428950131,0.4043651157742831,0.5213678607171445,0.251924459125392,15.86413011623652,5120.052049023645,0.5845833304366514,-0.1935482861702738,1085.077721799655,-0.0118805974162899
20071080506,2007,2020,13,2005-2014,741.051196725,49.42403795674385,-75.52516484576161,0.5059923988505682,0.673933386815573,0.4043651157742831,0.5213678607171445,0.251924459125392,17.48331731487832,4470.984310208029,0.6671638047952952,1.4256389124715263,436.00998298403874,0.0706998769423538
20071080506,2007,2021,14,2005-2014,741.051196725,49.42403795674385,-75.52516484576161,0.5790663705535338,0.7518251277640359,0.4043651157742831,0.5213678607171445,0.251924459125392,17.30961868080996,4158.387224094225,0.6517610104154546,1.2519402784031664,123.41289687023377,0.0552970825625133
20071080506,2007,2022,15,2005-2014,741.051196725,49.42403795674385,-75.52516484576161,0.5333424056524876,0.6191521360870718,0.4043651157742831,0.5213678607171445,0.251924459125392,16.275577660538094,4539.783688907294,0.5339063203577047,0.2178992581313022,504.8093616833041,-0.0625576074952366
20071080506,2007,2023,16,2005-2014,741.051196725,49.42403795674385,-75.52516484576161,0.552635891928223,0.6935309783188878,0.4043651157742831,0.5213678607171445,0.251924459125392,17.564150024315158,3457.926584501234,0.6940740319835167,1.506471621908363,-577.0477427227564,0.0976101041305752
20071080506,2007,2024,17,2005-2014,741.051196725,49.42403795674385,-75.52516484576161,0.4239497129858277,0.5800804787699191,0.4043651157742831,0.5213678607171445,0.251924459125392,17.806148358540757,4423.693835449856,0.6448047051267427,1.7484699561339605,388.7195082258661,0.0483407772738012
20071080506,2007,2025,18,2005-2014,741.051196725,49.42403795674385,-75.52516484576161,0.3182184337610025,0.4666498720975302,0.4043651157742831,0.5213678607171445,0.251924459125392,16.43680123395365,5210.800456811799,0.5832812859198373,0.379122831546851,1175.8261295878092,-0.013182641933104
20071080572,2007,2004,-3,2005-2014,224.20862677,49.11142225814307,-75.52500060705644,0.4238835812118801,0.4475746173214024,0.435376251988686,0.611407760897262,0.2653857915221319,14.388373760555112,4394.748924579808,0.48848615761483,-1.5201592597408684,474.405626021995,-0.1049608069153522
20071080572,2007,2005,-2,2005-2014,224.20862677,49.11142225814307,-75.52500060705644,0.5133769501096505,0.6425449089494633,0.435376251988686,0.611407760897262,0.2653857915221319,17.831932702271843,2746.493279940761,0.7570017088791918,1.9233996819758623,-1173.8500186170518,0.1635547443490096
20071080572,2007,2006,-1,2005-2014,224.20862677,49.11142225814307,-75.52500060705644,0.435376251988686,0.611407760897262,0.435376251988686,0.611407760897262,0.2653857915221319,16.27647936724236,2961.4590901119727,0.6567534829442927,0.367946346946379,-958.8842084458402,0.0633065184141105
20071080572,2007,2007,0,2005-2014,224.20862677,49.11142225814307,-75.52500060705644,0.1699904604665541,0.4235186758857484,0.435376251988686,0.611407760897262,0.2653857915221319,15.532174178137325,4014.6431287742103,0.6279856209215041,-0.3763588421586554,94.29983021639735,0.0345386563913219
20071080572,2007,2008,1,2005-2014,224.20862677,49.11142225814307,-75.52500060705644,0.2599672665385671,0.0901900318159193,0.435376251988686,0.611407760897262,0.2653857915221319,15.70694560451784,4306.863464909408,0.4350122185168671,-0.201587415778139,386.52016635159544,-0.158434746013315
20071080572,2007,2009,2,2005-2014,224.20862677,49.11142225814307,-75.52500060705644,0.2639661555027818,0.3456301782467784,0.435376251988686,0.611407760897262,0.2653857915221319,15.2376909449481,4252.603676766167,0.5183614305548992,-0.6708420753478812,332.26037820835427,-0.0750855339752829
20071080572,2007,2010,3,2005-2014,224.20862677,49.11142225814307,-75.52500060705644,0.267230075232955,0.458957920580791,0.435376251988686,0.611407760897262,0.2653857915221319,16.38000262163689,3539.7334049874694,0.6485516346610102,0.4714696013409103,-380.6098935703435,0.0551046701308279
20071080572,2007,2011,4,2005-2014,224.20862677,49.11142225814307,-75.52500060705644,0.334345766905526,0.4901636042186981,0.435376251988686,0.611407760897262,0.2653857915221319,16.39985449970635,4023.032369388691,0.6010556431065915,0.4913214794103702,102.68907083087788,0.0076086785764093
20071080572,2007,2012,5,2005-2014,224.20862677,49.11142225814307,-75.52500060705644,0.3493954274175641,-0.3784096887474958,0.435376251988686,0.611407760897262,0.2653857915221319,16.72103879624524,3588.51139358762,0.6648597509807416,0.8125057759492584,-331.83190497019314,0.0714127864505593
20071080572,2007,2013,6,2005-2014,224.20862677,49.11142225814307,-75.52500060705644,0.2760078007615617,0.6424468603403999,0.435376251988686,0.611407760897262,0.2653857915221319,15.60691038629284,3567.1836000036947,0.5784575221979537,-0.3016226340031416,-353.1596985541182,-0.0149894423322285
20071080572,2007,2014,7,2005-2014,224.20862677,49.11142225814307,-75.52500060705644,0.4079428865863931,0.6348350920672186,0.435376251988686,0.611407760897262,0.2653857915221319,16.10916062230649,3831.6405729686344,0.5886091971144373,0.2006276020105097,-88.7027255891785,-0.0048377674157449
20071080572,2007,2015,8,2005-2014,224.20862677,49.11142225814307,-75.52500060705644,0.2587556814815316,0.2009904097986666,0.435376251988686,0.611407760897262,0.2653857915221319,15.501370103808426,4843.622564101508,0.5090156855529928,-0.4071629164875538,923.2792655436951,-0.0844312789771893
20071080572,2007,2016,9,2005-2014,224.20862677,49.11142225814307,-75.52500060705644,0.3807300152256574,0.5371832955846846,0.435376251988686,0.611407760897262,0.2653857915221319,15.922711391725445,4115.170818578185,0.5642910417915901,0.0141783714294625,194.8275200203725,-0.0291559227385921
20071080572,2007,2017,10,2005-2014,224.20862677,49.11142225814307,-75.52500060705644,0.3966147678210389,0.6658945037083897,0.435376251988686,0.611407760897262,0.2653857915221319,14.888568503614806,3831.826962900251,0.5555836654154909,-1.0199645166811742,-88.51633565756129,-0.0378632991146913
20071080572,2007,2018,11,2005-2014,224.20862677,49.11142225814307,-75.52500060705644,0.3927092078238407,0.6427112505778516,0.435376251988686,0.611407760897262,0.2653857915221319,17.338365615623616,4473.367585435362,0.6977839668418679,1.4298325953276354,553.0242868775495,0.1043370023116857
20071080572,2007,2019,12,2005-2014,224.20862677,49.11142225814307,-75.52500060705644,0.4353157079255809,0.6581742654082599,0.435376251988686,0.611407760897262,0.2653857915221319,15.808125867705428,4964.974691100131,0.6012259512099052,-0.1004071525905523,1044.6313925423185,0.0077789866797229
20071080572,2007,2020,13,2005-2014,224.20862677,49.11142225814307,-75.52500060705644,0.369132386417323,0.5368849323611233,0.435376251988686,0.611407760897262,0.2653857915221319,17.22642909478452,4617.973592918801,0.6559735681461426,1.3178960744885408,697.630294360988,0.0625266036159604
20071080572,2007,2021,14,2005-2014,224.20862677,49.11142225814307,-75.52500060705644,0.4898710598815289,0.6816667305706204,0.435376251988686,0.611407760897262,0.2653857915221319,17.168320571512425,4022.5326938479816,0.6464544055624756,1.2597875512164445,102.1893952901687,0.0530074410322933
20071080572,2007,2022,15,2005-2014,224.20862677,49.11142225814307,-75.52500060705644,0.405274631603061,0.4864361270231593,0.435376251988686,0.611407760897262,0.2653857915221319,16.093712867515706,4360.817787196417,0.5351991031004538,0.1851798472197252,440.4744886386042,-0.0582478614297283
20071080572,2007,2023,16,2005-2014,224.20862677,49.11142225814307,-75.52500060705644,0.3809406496285012,0.6074644653355588,0.435376251988686,0.611407760897262,0.2653857915221319,17.23887412306192,3624.8477502239994,0.6674919110347466,1.3303411027659386,-295.49554833381353,0.0740449465045643
20071080572,2007,2024,17,2005-2014,224.20862677,49.11142225814307,-75.52500060705644,0.3884922540396701,0.6113565225044351,0.435376251988686,0.611407760897262,0.2653857915221319,17.574000792572463,4489.022648852917,0.6424575362377364,1.6654677722764823,568.6793502951041,0.0490105717075541
20071080572,2007,2025,18,2005-2014,224.20862677,49.11142225814307,-75.52500060705644,0.3730573822531256,0.6036493821435518,0.435376251988686,0.611407760897262,0.2653857915221319,16.334341130740427,4836.321355037076,0.589224099766675,0.4258081104444464,915.9780564792628,-0.0042228647635071
20091080312,2009,2006,-3,2005-2014,373.0390543,50.31946916776016,-76.4663729005741,0.5215445424641169,0.6619369721481833,0.4786811640870224,0.5215719027570037,0.1289238415966893,15.66206233259561,2878.1489200128335,0.6377184260188566,0.3044094864296855,-1050.1970112771724,0.0666335249642561
20091080312,2009,2007,-2,2005-2014,373.0390543,50.31946916776016,-76.4663729005741,0.4629396443769359,0.5215719027570037,0.4786811640870224,0.5215719027570037,0.1289238415966893,14.937238857711575,4173.795901051804,0.5912382509400046,-0.4204139884543476,245.44996976179849,0.020153349885404
20091080312,2009,2008,-1,2005-2014,373.0390543,50.31946916776016,-76.4663729005741,0.4786811640870224,0.2872435722970921,0.4786811640870224,0.5215719027570037,0.1289238415966893,15.228974873086711,5068.802735331271,0.4205343732004223,-0.1286779730792115,1140.456804041265,-0.1505505278541782
20091080312,2009,2009,0,2005-2014,373.0390543,50.31946916776016,-76.4663729005741,0.3497573224903331,0.1150119446959559,0.4786811640870224,0.5215719027570037,0.1289238415966893,14.97032953898116,3506.9067810103397,0.5294097727314854,-0.3873233071847632,-421.43915027966614,-0.0416751283231151
20091080312,2009,2010,1,2005-2014,373.0390543,50.31946916776016,-76.4663729005741,0.1818106245402803,0.2402634496880621,0.4786811640870224,0.5215719027570037,0.1289238415966893,15.757947346784078,3277.448665113166,0.60029671811725,0.4002945006181537,-650.8972661768398,0.0292118170626495
20091080312,2009,2011,2,2005-2014,373.0390543,50.31946916776016,-76.4663729005741,0.267847102865629,0.4669394271106538,0.4786811640870224,0.5215719027570037,0.1289238415966893,15.896335690263411,3977.476862555793,0.6165628651708879,0.5386828440974885,49.13093126578724,0.0454779641162873
20091080312,2009,2012,3,2005-2014,373.0390543,50.31946916776016,-76.4663729005741,0.4122171460759972,-0.3085210843436004,0.4786811640870224,0.5215719027570037,0.1289238415966893,16.101633685568117,3663.337823185653,0.6218458570949758,0.7439808394021927,-265.0081081043527,0.0507609560403752
20091080312,2009,2013,4,2005-2014,373.0390543,50.31946916776016,-76.4663729005741,0.306579428103244,0.6347213629691024,0.4786811640870224,0.5215719027570037,0.1289238415966893,15.093924051091337,4302.854543748175,0.5565052438283565,-0.2637287950745897,374.5086124581694,-0.0145796572262439
20091080312,2009,2014,5,2005-2014,373.0390543,50.31946916776016,-76.4663729005741,0.4238384116141849,0.4905837145797281,0.4786811640870224,0.5215719027570037,0.1289238415966893,15.866696252684676,4051.4765295495713,0.5951378000376242,0.5090434065187512,123.13059825956545,0.0240528989830236
20091080312,2009,2015,6,2005-2014,373.0390543,50.31946916776016,-76.4663729005741,0.3770337330999149,0.4942294379010388,0.4786811640870224,0.5215719027570037,0.1289238415966893,15.098734446539424,3963.651657799176,0.4878280848853842,-0.2589183996265003,35.305726509169745,-0.0832568161692162
20091080312,2009,2016,7,2005-2014,373.0390543,50.31946916776016,-76.4663729005741,0.4433195765675834,0.6503341439464403,0.4786811640870224,0.5215719027570037,0.1289238415966893,15.26282847307732,4415.093540038647,0.5151951921218451,-0.0948243730886044,486.74760874864114,-0.0558897089327554
20091080312,2009,2017,8,2005-2014,373.0390543,50.31946916776016,-76.4663729005741,0.3690894064423881,0.4943515923667144,0.4786811640870224,0.5215719027570037,0.1289238415966893,14.220369766069496,4172.022186589331,0.5332491313998633,-1.137283080096429,243.67625529932505,-0.0378357696547372
20091080312,2009,2018,9,2005-2014,373.0390543,50.31946916776016,-76.4663729005741,0.3730169548032042,0.5567224405103156,0.4786811640870224,0.5215719027570037,0.1289238415966893,16.56156764375993,3786.760559871645,0.650719990938047,1.2039147975940043,-141.58537141836086,0.0796350898834464
20091080312,2009,2019,10,2005-2014,373.0390543,50.31946916776016,-76.4663729005741,0.3808991933276792,0.5837884428758766,0.4786811640870224,0.5215719027570037,0.1289238415966893,14.95928341271224,4655.207336820375,0.5214703797103847,-0.398369433453686,726.8614055303688,-0.0496145213442158
20091080312,2009,2020,11,2005-2014,373.0390543,50.31946916776016,-76.4663729005741,0.3807522960290212,0.579951736613022,0.4786811640870224,0.5215719027570037,0.1289238415966893,16.99389576428183,4348.629380431461,0.6622050419762341,1.6362429181159062,420.2834491414551,0.0911201409216335
20091080312,2009,2021,12,2005-2014,373.0390543,50.31946916776016,-76.4663729005741,0.3807394604865477,0.5995135950396427,0.4786811640870224,0.5215719027570037,0.1289238415966893,16.434432083627485,3603.9557594731127,0.6271865406870176,1.07677923746156,-324.39017181689314,0.0561016396324171
20091080312,2009,2022,13,2005-2014,373.0390543,50.31946916776016,-76.4663729005741,0.4627502762756064,0.6476074444755754,0.4786811640870224,0.5215719027570037,0.1289238415966893,15.65730530835583,3975.268172059138,0.5219486865649928,0.2996524621899059,46.92224076913226,-0.0491362144896077
20091080312,2009,2023,14,2005-2014,373.0390543,50.31946916776016,-76.4663729005741,0.4357743310706445,0.6152146503068292,0.4786811640870224,0.5215719027570037,0.1289238415966893,17.27687248838123,3206.368947446173,0.7449503057244181,1.919219642215305,-721.9769838438333,0.1738654046698176
20091080312,2009,2024,15,2005-2014,373.0390543,50.31946916776016,-76.4663729005741,0.4941708558784159,0.6981842149900325,0.4786811640870224,0.5215719027570037,0.1289238415966893,17.388849319236897,3881.2110973118265,0.6488847255342989,2.031196473070972,-47.13483397817936,0.0777998244796983
20091080312,2009,2025,16,2005-2014,373.0390543,50.31946916776016,-76.4663729005741,0.4901940756698775,0.7021141489434508,0.4786811640870224,0.5215719027570037,0.1289238415966893,15.639114433786176,4683.4083918553415,0.5445132997824711,0.2814615876202513,755.0624605653356,-0.0265716012721294
20091080313,2009,2006,-3,2005-2014,456.953508197,49.19513783981149,-76.51748729336109,0.5097723462448801,0.621272164114255,0.5097723462448801,0.621272164114255,0.1835157716160421,16.356246822831487,3351.684846584243,0.6740496251845617,0.3311944194583186,-404.57528893854897,0.0679339336674625
20091080313,2009,2007,-2,2005-2014,456.953508197,49.19513783981149,-76.51748729336109,0.5721765185195443,0.6854495799252145,0.5097723462448801,0.621272164114255,0.1835157716160421,15.724598192859515,3800.067804027479,0.6504955789516004,-0.3004542105136509,43.80766850468672,0.0443798874345011
20091080313,2009,2008,-1,2005-2014,456.953508197,49.19513783981149,-76.51748729336109,0.3534045779039682,0.3143997271635653,0.5097723462448801,0.621272164114255,0.1835157716160421,15.713442007773375,5229.904804627998,0.432250931376292,-0.311610395599791,1473.6446691052056,-0.1738647601408071
20091080313,2009,2009,0,2005-2014,456.953508197,49.19513783981149,-76.51748729336109,0.3262565746288379,0.2442052223038809,0.5097723462448801,0.621272164114255,0.1835157716160421,15.340719126709375,3903.7265295829534,0.5329425655593144,-0.6843332766637943,147.46639406016033,-0.0731731259577846
20091080313,2009,2010,1,2005-2014,456.953508197,49.19513783981149,-76.51748729336109,0.3962877961740141,0.0897481952244886,0.5097723462448801,0.621272164114255,0.1835157716160421,16.655735807033295,2991.6070962008353,0.6798711679607379,0.6306834036601264,-764.6530393219568,0.0737554764436387
20091080313,2009,2011,2,2005-2014,456.953508197,49.19513783981149,-76.51748729336109,0.1503436806633272,0.4747353530392194,0.5097723462448801,0.621272164114255,0.1835157716160421,16.54531449900614,3831.7241100129054,0.6338113991198813,0.5202620956329717,75.46397449011278,0.0276957076027821
20091080313,2009,2012,3,2005-2014,456.953508197,49.19513783981149,-76.51748729336109,0.2600047246727754,0.2064738698009625,0.5097723462448801,0.621272164114255,0.1835157716160421,16.953933309617653,3077.8644280858875,0.7085151751502965,0.9288809062444854,-678.3957074369047,0.1023994836331973
20091080313,2009,2013,4,2005-2014,456.953508197,49.19513783981149,-76.51748729336109,0.2636824685326943,0.5957913129873835,0.5097723462448801,0.621272164114255,0.1835157716160421,15.6605519085236,3538.335220937579,0.5685000424737844,-0.3645004948495698,-217.92491458521377,-0.0376156490433148
20091080313,2009,2014,5,2005-2014,456.953508197,49.19513783981149,-76.51748729336109,0.3808163366682559,0.6150518457163094,0.5097723462448801,0.621272164114255,0.1835157716160421,16.166502150645446,3610.67475667239,0.5990765728185868,0.1414497472722795,-145.585378850403,-0.0070391186985123
20091080313,2009,2015,6,2005-2014,456.953508197,49.19513783981149,-76.51748729336109,0.4041196238154189,0.6220137895924901,0.5097723462448801,0.621272164114255,0.1835157716160421,15.592348986668622,3541.0020963716415,0.5184826795683041,-0.4327034167045471,-215.25803915115048,-0.087633011948795
20091080313,2009,2016,7,2005-2014,456.953508197,49.19513783981149,-76.51748729336109,0.4160709250981396,0.5762581983068237,0.5097723462448801,0.621272164114255,0.1835157716160421,16.050123095130505,4298.142427158129,0.5731603300809704,0.0250706917573353,541.882291635336,-0.0329553614361286
20091080313,2009,2017,8,2005-2014,456.953508197,49.19513783981149,-76.51748729336109,0.3701420353048028,0.2596564932476624,0.5097723462448801,0.621272164114255,0.1835157716160421,14.96216540267505,3883.760366027147,0.5627584038699923,-1.06288700069812,127.50023050435458,-0.0433572876471068
20091080313,2009,2018,9,2005-2014,456.953508197,49.19513783981149,-76.51748729336109,0.4247091369916622,0.4833867030606051,0.5097723462448801,0.621272164114255,0.1835157716160421,17.50700435565687,4135.512779199616,0.7190616423974331,1.4819519522837,379.25264367682354,0.112945950880334
20091080313,2009,2019,10,2005-2014,456.953508197,49.19513783981149,-76.51748729336109,0.466888346727946,0.5527854331965029,0.5097723462448801,0.621272164114255,0.1835157716160421,15.915979877198431,4714.79830781969,0.6056050425151652,-0.1090725261747385,958.5381722968984,-0.0005106490019338
20091080313,2009,2020,11,2005-2014,456.953508197,49.19513783981149,-76.51748729336109,0.2743856523752788,0.4119578038418606,0.5097723462448801,0.621272164114255,0.1835157716160421,17.275168064693585,4036.349007028737,0.6546217683147388,1.250115661320415,280.0888715059447,0.0485060767976396
20091080313,2009,2021,12,2005-2014,456.953508197,49.19513783981149,-76.51748729336109,0.5255393907818066,0.7168072511917034,0.5097723462448801,0.621272164114255,0.1835157716160421,17.240376181569772,3649.253064425728,0.6538281126774632,1.2153237781966026,-107.00707109706455,0.047712421160364
20091080313,2009,2022,13,2005-2014,456.953508197,49.19513783981149,-76.51748729336109,0.5869001200990074,0.7627087571405483,0.5097723462448801,0.621272164114255,0.1835157716160421,16.134680353422205,4321.0150509858295,0.523341271339286,0.1096279500490348,564.7549154630369,-0.0827744201778131
20091080313,2009,2023,14,2005-2014,456.953508197,49.19513783981149,-76.51748729336109,0.2716360834446139,0.1504849980997712,0.5097723462448801,0.621272164114255,0.1835157716160421,17.45662921742575,3154.9884954324507,0.7303526078187902,1.4315768140525822,-601.2716400903415,0.1242369163016909
20091080313,2009,2024,15,2005-2014,456.953508197,49.19513783981149,-76.51748729336109,0.3732936022127935,0.6701247128186335,0.5097723462448801,0.621272164114255,0.1835157716160421,17.587643197508484,3924.4115150767034,0.6440308218356545,1.5625907941353143,168.15137955391108,0.0379151303185553
20091080313,2009,2025,16,2005-2014,456.953508197,49.19513783981149,-76.51748729336109,0.3652317954015228,0.64653172507029,0.5097723462448801,0.621272164114255,0.1835157716160421,16.492040657506113,4509.461105798497,0.599777402184006,0.4669882541329443,753.2009702757042,-0.0063382893330931
20091080336,2009,2006,-3,2005-2014,130.193924631,49.70096367907219,-76.36610701837654,0.3450878584119796,0.2201429688695708,0.4008354999399215,0.3847092503249882,0.0512146050499718,16.169184693046258,3218.8194303942937,0.6441509141595878,0.3364933976804526,-754.8735845412743,0.0680551972692474
20091080336,2009,2007,-2,2005-2014,130.193924631,49.70096367907219,-76.36610701837654,0.4008354999399215,0.3847092503249882,0.4008354999399215,0.3847092503249882,0.0512146050499718,15.478942322385503,4027.214799820527,0.6102432248994826,-0.3537489729803053,53.52178488495884,0.0341475080091422
20091080336,2009,2008,-1,2005-2014,130.193924631,49.70096367907219,-76.36610701837654,0.5443785714027302,0.6698963603094491,0.4008354999399215,0.3847092503249882,0.0512146050499718,15.600704627106154,5669.783227453742,0.4110662381495589,-0.2319866682596522,1696.0902125181742,-0.1650294787407815
20091080336,2009,2009,0,2005-2014,130.193924631,49.70096367907219,-76.36610701837654,0.3496208948899497,0.2751014019323692,0.4008354999399215,0.3847092503249882,0.0512146050499718,15.27993346504545,4063.282804787169,0.5090747885421574,-0.5527578303203551,89.58978985160093,-0.0670209283481829
20091080336,2009,2010,1,2005-2014,130.193924631,49.70096367907219,-76.36610701837654,0.2554155905598207,0.2403925128102597,0.4008354999399215,0.3847092503249882,0.0512146050499718,16.364670590386904,3356.185519644037,0.6289504910414222,0.5319792950210956,-617.5074952915311,0.0528547741510818
20091080336,2009,2011,2,2005-2014,130.193924631,49.70096367907219,-76.36610701837654,0.1735004374948282,0.5376195620842037,0.4008354999399215,0.3847092503249882,0.0512146050499718,16.308224807960435,3662.072773946873,0.5966527205063297,0.4755335125946306,-311.62024098869557,0.0205570036159894
20091080336,2009,2012,3,2005-2014,130.193924631,49.70096367907219,-76.36610701837654,0.2867617392586657,0.0975634178760417,0.4008354999399215,0.3847092503249882,0.0512146050499718,16.66161868330364,3924.966468099088,0.6531016105276336,0.8289273879378346,-48.72654683647988,0.0770058936372933
20091080336,2009,2013,4,2005-2014,130.193924631,49.70096367907219,-76.36610701837654,0.3455732332333731,0.6587056375568316,0.4008354999399215,0.3847092503249882,0.0512146050499718,15.4968158791031,3913.937938595986,0.5554270170109081,-0.3358754162627075,-59.755076339582494,-0.0206686998794322
20091080336,2009,2014,5,2005-2014,130.193924631,49.70096367907219,-76.36610701837654,0.4119771232922898,0.5290572808138669,0.4008354999399215,0.3847092503249882,0.0512146050499718,16.180570870551517,3858.3243266975014,0.5850584663077133,0.3478795751857081,-115.36868823806708,0.0089627494173729
20091080336,2009,2015,6,2005-2014,130.193924631,49.70096367907219,-76.36610701837654,0.4089085995004545,0.6591155969897733,0.4008354999399215,0.3847092503249882,0.0512146050499718,15.446507813274012,4043.279118599287,0.4864673741543857,-0.3861834820917931,69.58610366371886,-0.0896283427359546
20091080336,2009,2016,7,2005-2014,130.193924631,49.70096367907219,-76.36610701837654,0.4703503330724172,0.7098775174368817,0.4008354999399215,0.3847092503249882,0.0512146050499718,15.769573830867182,4874.478797811748,0.5220189543996395,-0.0631174644986242,900.7857828761804,-0.0540767624907008
20091080336,2009,2017,8,2005-2014,130.193924631,49.70096367907219,-76.36610701837654,0.4508328117277691,0.6820020815310704,0.4008354999399215,0.3847092503249882,0.0512146050499718,14.795878746198618,3915.198911164791,0.5444467247295316,-1.03681254916719,-58.494103770777194,-0.0316489921608086
20091080336,2009,2018,9,2005-2014,130.193924631,49.70096367907219,-76.36610701837654,0.4405870144073677,0.6436166035506076,0.4008354999399215,0.3847092503249882,0.0512146050499718,17.165133158365915,4049.855135015996,0.6607941596958193,1.3324418630001094,76.16212008042748,0.084698442805479
20091080336,2009,2019,10,2005-2014,130.193924631,49.70096367907219,-76.36610701837654,0.4345938286796967,0.5809444237286573,0.4008354999399215,0.3847092503249882,0.0512146050499718,15.591602147143862,4757.1788161394115,0.5498091149868074,-0.2410891482219437,783.4858012038425,-0.0262866019035328
20091080336,2009,2020,11,2005-2014,130.193924631,49.70096367907219,-76.36610701837654,0.4250104910129452,0.6124713064539699,0.4008354999399215,0.3847092503249882,0.0512146050499718,17.223629438704382,4178.490380611705,0.6459618780303426,1.390938143338575,204.79736567613733,0.0698661611400022
20091080336,2009,2021,12,2005-2014,130.193924631,49.70096367907219,-76.36610701837654,0.4914790200866966,0.7196523232543195,0.4008354999399215,0.3847092503249882,0.0512146050499718,17.0075405245242,3278.6882191821614,0.6489419222242286,1.1748492291583932,-695.004795753407,0.0728462053338883
20091080336,2009,2022,13,2005-2014,130.193924631,49.70096367907219,-76.36610701837654,0.6104598401993754,0.8036916441800936,0.4008354999399215,0.3847092503249882,0.0512146050499718,15.992973546014332,4118.435993377049,0.5053226350962337,0.1602822506485257,144.74297844148123,-0.0707730817941067
20091080336,2009,2023,14,2005-2014,130.193924631,49.70096367907219,-76.36610701837654,0.4053015318361272,0.2474685736037993,0.4008354999399215,0.3847092503249882,0.0512146050499718,17.52745824896773,3197.1409136874727,0.7452132405890087,1.6947669536019236,-776.5521012480954,0.1691175236986684
20091080336,2009,2024,15,2005-2014,130.193924631,49.70096367907219,-76.36610701837654,0.5252647058788226,0.7247892375083542,0.4008354999399215,0.3847092503249882,0.0512146050499718,17.52181874150817,4067.5040715901578,0.6224594299299154,1.6891274461423669,93.81105665458954,0.0463637130395751
20091080336,2009,2025,16,2005-2014,130.193924631,49.70096367907219,-76.36610701837654,0.5447954459533968,0.720728715897539,0.4008354999399215,0.3847092503249882,0.0512146050499718,16.134514682880354,5392.8551983159605,0.5557335897452631,0.3018233875145473,1419.1621833803924,-0.0203621271450772
20101080253,2010,2007,-3,2005-2014,21165.8385589,49.1377795589514,-75.80847886100877,0.5137720088179224,0.6230423592807618,0.4277385516830463,0.3847945662024144,0.2362987731137009,15.56901366079694,3900.227388106174,0.6393383518460446,-0.3595946468182325,41.8567359932558,0.0386563199097866
20101080253,2010,2008,-2,2005-2014,21165.8385589,49.1377795589514,-75.80847886100877,0.3105143512023199,0.1600898583591034,0.4277385516830463,0.3847945662024144,0.2362987731137009,15.690193607158664,4603.990753116205,0.4344037183437639,-0.2384147004565135,745.620101003287,-0.166278313592494
20101080253,2010,2009,-1,2005-2014,21165.8385589,49.1377795589514,-75.80847886100877,0.4277385516830463,0.3847945662024144,0.4277385516830463,0.3847945662024144,0.2362987731137009,15.256402940951313,4339.293488122828,0.5255850218334056,-0.6722053666638654,480.9228360099094,-0.0750970101028522
20101080253,2010,2010,0,2005-2014,21165.8385589,49.1377795589514,-75.80847886100877,0.1914397785693454,0.3163842164032556,0.4277385516830463,0.3847945662024144,0.2362987731137009,16.446234214809387,3461.903095522692,0.6620744113055644,0.5176259071942101,-396.4675565902266,0.0613923793693065
20101080253,2010,2011,1,2005-2014,21165.8385589,49.1377795589514,-75.80847886100877,0.2069908153972644,0.4043156878178555,0.4277385516830463,0.3847945662024144,0.2362987731137009,16.425857261460308,3998.5116717617448,0.6123007479182461,0.4972489538451292,140.1410196488262,0.011618715981988
20101080253,2010,2012,2,2005-2014,21165.8385589,49.1377795589514,-75.80847886100877,0.2910160947411779,0.1054296362367013,0.4277385516830463,0.3847945662024144,0.2362987731137009,16.77994879809586,3452.2775703305056,0.6840467151830952,0.8513404904806822,-406.09308178241304,0.0833646832468372
20101080253,2010,2013,3,2005-2014,21165.8385589,49.1377795589514,-75.80847886100877,0.3085505474045351,0.63085897937241,0.4277385516830463,0.3847945662024144,0.2362987731137009,15.62019727154238,3405.6752599086935,0.5831727686152867,-0.3084110360727966,-452.69539220422456,-0.0175092633209713
20101080253,2010,2014,4,2005-2014,21165.8385589,49.1377795589514,-75.80847886100877,0.3788711688153364,0.5292699953902057,0.4277385516830463,0.3847945662024144,0.2362987731137009,16.120485055186084,3746.354036865256,0.5961719166310423,0.1918767475709041,-112.01661524766293,-0.0045101153052156
20101080253,2010,2015,5,2005-2014,21165.8385589,49.1377795589514,-75.80847886100877,0.2949095034066067,0.3163606567169156,0.4277385516830463,0.3847945662024144,0.2362987731137009,15.49625606303319,4451.838409445181,0.5130305256840486,-0.4323522445819876,593.4677573322617,-0.0876515062522093
20101080253,2010,2016,6,2005-2014,21165.8385589,49.1377795589514,-75.80847886100877,0.4160549066122361,0.5371352015437519,0.4277385516830463,0.3847945662024144,0.2362987731137009,15.939891029292603,4035.1186107363064,0.5680400362645507,0.0112827216774255,176.74795862338823,-0.0326419956717072
20101080253,2010,2017,7,2005-2014,21165.8385589,49.1377795589514,-75.80847886100877,0.3925865633021267,0.6308856085558079,0.4277385516830463,0.3847945662024144,0.2362987731137009,14.887169643344116,3775.007979110644,0.5607219128936968,-1.04143866427106,-83.36267300227401,-0.039960119042561
20101080253,2010,2018,8,2005-2014,21165.8385589,49.1377795589514,-75.80847886100877,0.4355387635566931,0.6269332241279991,0.4277385516830463,0.3847945662024144,0.2362987731137009,17.38739740133868,4470.04434229436,0.7087618295052138,1.458789093723507,611.6736901814417,0.1080797975689559
20101080253,2010,2019,9,2005-2014,21165.8385589,49.1377795589514,-75.80847886100877,0.4629050948214283,0.6308959713669541,0.4277385516830463,0.3847945662024144,0.2362987731137009,15.834572848739096,4923.307178056422,0.6088063609875578,-0.0940354588760813,1064.9365259435035,0.0081243290512997
20101080253,2010,2020,10,2005-2014,21165.8385589,49.1377795589514,-75.80847886100877,0.4199053187896872,0.6230377963300399,0.4277385516830463,0.3847945662024144,0.2362987731137009,17.232294788749254,4271.446964412648,0.661315697594592,1.3036864811340747,413.0763122997308,0.0606336656583341
20101080253,2010,2021,11,2005-2014,21165.8385589,49.1377795589514,-75.80847886100877,0.486370908378076,0.6464852852999406,0.4277385516830463,0.3847945662024144,0.2362987731137009,17.18415095757201,3873.2549784866887,0.653601615988468,1.255542649956835,14.884326373770213,0.0529195840522099
20101080253,2010,2022,12,2005-2014,21165.8385589,49.1377795589514,-75.80847886100877,0.4667833631515761,0.5761639387847867,0.4277385516830463,0.3847945662024144,0.2362987731137009,16.08490519844524,4223.3795186251,0.5339153722362591,0.1562968908300635,365.00886651218127,-0.0667666596999988
20101080253,2010,2023,13,2005-2014,21165.8385589,49.1377795589514,-75.80847886100877,0.4472887514662439,0.6191644290080145,0.4277385516830463,0.3847945662024144,0.2362987731137009,17.284381497073372,3651.692835566405,0.6887048157542858,1.3557731894581966,-206.67781654651367,0.0880227838180279
20101080253,2010,2024,14,2005-2014,21165.8385589,49.1377795589514,-75.80847886100877,0.527366019830315,0.7011662694112307,0.4277385516830463,0.3847945662024144,0.2362987731137009,17.557457342944755,4446.435712993633,0.6457156727881496,1.628849035329582,588.0650608807143,0.0450336408518917
20101080253,2010,2025,15,2005-2014,21165.8385589,49.1377795589514,-75.80847886100877,0.4081754373128451,0.5879196546259818,0.4277385516830463,0.3847945662024144,0.2362987731137009,16.364468521186247,4684.830846621262,0.5960738455897311,0.4358602135710718,826.460194508344,-0.0046081863465269
20101080282,2010,2007,-3,2005-2014,126.972741568,49.584108974722085,-77.25243334337027,0.5956987826990471,0.5957402528460699,0.5956987826990471,0.5957402528460699,0.3416817682870506,15.697985468049012,3645.489970035001,0.6476913698017676,-0.2884094523922798,-80.96211704787675,0.0394713792594078
20101080282,2010,2008,-2,2005-2014,126.972741568,49.584108974722085,-77.25243334337027,0.6377277161682395,0.7784291753605459,0.5956987826990471,0.5957402528460699,0.3416817682870506,15.6804545775704,4844.746059301112,0.4314319825959967,-0.3059403428708904,1118.293972218234,-0.176788007946363
20101080282,2010,2009,-1,2005-2014,126.972741568,49.584108974722085,-77.25243334337027,0.422935013923687,0.0448692206729158,0.5956987826990471,0.5957402528460699,0.3416817682870506,15.329418823684478,3750.6349493190746,0.5198066215811652,-0.6569760967568143,24.182862236196797,-0.0884133689611945
20101080282,2010,2010,0,2005-2014,126.972741568,49.584108974722085,-77.25243334337027,0.2540170144119965,0.3379484005416439,0.5956987826990471,0.5957402528460699,0.3416817682870506,16.597380657472513,2782.1051140734703,0.664562998565875,0.6109857370312213,-944.3469730094076,0.0563430080235152
20101080282,2010,2011,1,2005-2014,126.972741568,49.584108974722085,-77.25243334337027,0.3767482253947944,0.4398344565795519,0.5956987826990471,0.5957402528460699,0.3416817682870506,16.5326298478721,2926.8124860883268,0.6685859120901537,0.5462349274308096,-799.6396009945511,0.0603659215477939
20101080282,2010,2012,2,2005-2014,126.972741568,49.584108974722085,-77.25243334337027,0.3769006062676584,0.3874668054804039,0.5956987826990471,0.5957402528460699,0.3416817682870506,16.973287366784177,3214.3107170197673,0.7145023564352029,0.9868924463428854,-512.1413700631106,0.1062823658928431
20101080282,2010,2013,3,2005-2014,126.972741568,49.584108974722085,-77.25243334337027,0.4118692459303582,0.5920076799621466,0.5956987826990471,0.5957402528460699,0.3416817682870506,15.637626107533777,3774.0646220844737,0.5793977154913298,-0.3487688129075152,47.61253500159592,-0.0288222750510299
20101080282,2010,2014,4,2005-2014,126.972741568,49.584108974722085,-77.25243334337027,0.5370286265747581,0.7607003568473565,0.5956987826990471,0.5957402528460699,0.3416817682870506,16.080444023574614,3544.928599830481,0.5895601644400643,0.0940491031333223,-181.523487252397,-0.0186598261022954
20101080282,2010,2015,5,2005-2014,126.972741568,49.584108974722085,-77.25243334337027,0.5488527667188549,0.780250633994479,0.5956987826990471,0.5957402528460699,0.3416817682870506,15.577298722750925,4038.574870439163,0.5092401176441886,-0.4090961976903671,312.12278335628525,-0.0989798728981711
20101080282,2010,2016,6,2005-2014,126.972741568,49.584108974722085,-77.25243334337027,0.4636253917803961,0.533334994606432,0.5956987826990471,0.5957402528460699,0.3416817682870506,15.96046296271726,4599.882621142747,0.559912672098122,-0.0259319577240333,873.4305340598689,-0.0483073184442377
20101080282,2010,2017,7,2005-2014,126.972741568,49.584108974722085,-77.25243334337027,0.5420528542234884,0.666090730944024,0.5956987826990471,0.5957402528460699,0.3416817682870506,14.871354820417366,4359.432897900135,0.558133012092612,-1.1150401000239256,632.980810817257,-0.0500869784497477
20101080282,2010,2018,8,2005-2014,126.972741568,49.584108974722085,-77.25243334337027,0.5654797973874781,0.7529297444821887,0.5956987826990471,0.5957402528460699,0.3416817682870506,17.407518447654866,3747.8616243301344,0.7147516381111451,1.4211235272135738,21.40953724725659,0.1065316475687853
20101080282,2010,2019,9,2005-2014,126.972741568,49.584108974722085,-77.25243334337027,0.5497128989830669,0.7088409896477105,0.5956987826990471,0.5957402528460699,0.3416817682870506,15.882806361930989,3888.31236021192,0.602592913313034,-0.1035885585103031,161.86027312904207,-0.0056270772293257
20101080282,2010,2020,10,2005-2014,126.972741568,49.584108974722085,-77.25243334337027,0.4305134311677615,0.2988128807911728,0.5956987826990471,0.5957402528460699,0.3416817682870506,17.29735460004946,4514.471414354133,0.6547247414812479,1.3109596796081675,788.0193272712554,0.0465047509388881
20101080282,2010,2021,11,2005-2014,126.972741568,49.584108974722085,-77.25243334337027,0.5959014718526666,0.7950429428204855,0.5956987826990471,0.5957402528460699,0.3416817682870506,17.155611990500233,2988.3210247307693,0.6721183649293843,1.1692170700589417,-738.1310623521085,0.0638983743870245
20101080282,2010,2022,12,2005-2014,126.972741568,49.584108974722085,-77.25243334337027,0.6240516876766048,0.8276851553436028,0.5956987826990471,0.5957402528460699,0.3416817682870506,16.126572780332708,4302.063075784524,0.519704664965296,0.1401778598914163,575.610988701646,-0.0885153255770637
20101080282,2010,2023,13,2005-2014,126.972741568,49.584108974722085,-77.25243334337027,0.571211301262516,0.7322807125471439,0.5956987826990471,0.5957402528460699,0.3416817682870506,17.488318614683294,2956.1601393370083,0.7584172154510379,1.5019236942420022,-770.2919477458695,0.1501972249086781
20101080282,2010,2024,14,2005-2014,126.972741568,49.584108974722085,-77.25243334337027,0.6436264384953606,0.8308225169067678,0.5956987826990471,0.5957402528460699,0.3416817682870506,17.574501457767212,3633.401556831451,0.6476518005072007,1.5881065373259204,-93.0505302514266,0.0394318099648409
20101080282,2010,2025,15,2005-2014,126.972741568,49.584108974722085,-77.25243334337027,0.6200506684479117,0.7980189778424716,0.5956987826990471,0.5957402528460699,0.3416817682870506,16.300210979019425,5113.194992027861,0.5674404861953295,0.3138160585781335,1386.7429049449834,-0.0407795043470302
20101080422,2010,2007,-3,2005-2014,267.205366515,48.53940658901292,-75.40228080078306,0.3452052278366083,0.5296963574397522,0.3452052278366083,0.3964172017174529,0.022677904482693,15.884077944271828,3799.6119217938626,0.6127902244101717,-0.3875820928380172,57.77839653763112,0.0239757891332857
20101080422,2010,2008,-2,2005-2014,267.205366515,48.53940658901292,-75.40228080078306,0.3106251538782632,0.0897419135132979,0.3452052278366083,0.3964172017174529,0.022677904482693,16.041452758899652,4094.631778011833,0.4374910145208335,-0.2302072782101909,352.7982527556013,-0.1513234207560525
20101080422,2010,2009,-1,2005-2014,267.205366515,48.53940658901292,-75.40228080078306,0.4121275159382054,0.3964172017174529,0.3452052278366083,0.3964172017174529,0.022677904482693,15.446507252126503,4781.8939408660035,0.4978387833275713,-0.82515278498334,1040.060415609772,-0.0909756519493145
20101080422,2010,2010,0,2005-2014,267.205366515,48.53940658901292,-75.40228080078306,0.3225273233539152,0.0428380239843416,0.3452052278366083,0.3964172017174529,0.022677904482693,16.772754475690338,2929.480517976895,0.654795665397667,0.5010944385804968,-812.3530072793365,0.065981230120781
20101080422,2010,2011,1,2005-2014,267.205366515,48.53940658901292,-75.40228080078306,0.193360418207807,0.2520081508633131,0.3452052278366083,0.3964172017174529,0.022677904482693,16.769387695754787,3959.6280957744034,0.5942804216016966,0.497727658644947,217.7945705181719,0.0054659863248106
20101080422,2010,2012,2,2005-2014,267.205366515,48.53940658901292,-75.40228080078306,0.2010560463254069,0.3727770385919308,0.3452052278366083,0.3964172017174529,0.022677904482693,17.176058893618393,2669.6596380281753,0.6897657809562796,0.9043988565085492,-1072.1738872280562,0.1009513456793937
20101080422,2010,2013,3,2005-2014,267.205366515,48.53940658901292,-75.40228080078306,0.283346902843381,0.6154519386978504,0.3452052278366083,0.3964172017174529,0.022677904482693,15.973456574868498,3175.723641375874,0.5687264802189713,-0.2982034622413444,-566.1098838803568,-0.0200879550579146
20101080422,2010,2014,4,2005-2014,267.205366515,48.53940658901292,-75.40228080078306,0.3457111263364181,0.5407463036260706,0.3452052278366083,0.3964172017174529,0.022677904482693,16.32412485039755,4260.709632497045,0.5672924540399328,0.0524648132877068,518.8761072408138,-0.0215219812369531
20101080422,2010,2015,5,2005-2014,267.205366515,48.53940658901292,-75.40228080078306,0.3379131340104043,0.5448526232008698,0.3452052278366083,0.3964172017174529,0.022677904482693,15.87398159469384,4594.851272130301,0.5090405224811636,-0.3976784424160037,853.01774687407,-0.0797739127957223
20101080422,2010,2016,6,2005-2014,267.205366515,48.53940658901292,-75.40228080078306,0.3651491748506051,0.6110069834896521,0.3452052278366083,0.3964172017174529,0.022677904482693,16.27286035288937,3630.90032712716,0.5637269623465582,0.001200315779527,-110.93319812907068,-0.0250874729303277
20101080422,2010,2017,7,2005-2014,267.205366515,48.53940658901292,-75.40228080078306,0.3728876038536667,0.6153496317653538,0.3452052278366083,0.3964172017174529,0.022677904482693,15.294186037865256,3554.9795422674124,0.5396811586189769,-0.9774739992445868,-186.8539829888191,-0.0491332766579089
20101080422,2010,2018,8,2005-2014,267.205366515,48.53940658901292,-75.40228080078306,0.427849702973039,0.6702477483222844,0.3452052278366083,0.3964172017174529,0.022677904482693,17.69616520093839,5515.392428271325,0.6825757141956423,1.4245051638285466,1773.5589030150936,0.0937612789187563
20101080422,2010,2019,9,2005-2014,267.205366515,48.53940658901292,-75.40228080078306,0.4668220614198883,0.6893390132422054,0.3452052278366083,0.3964172017174529,0.022677904482693,16.384758602363526,3443.3910115954395,0.6337369943187262,0.1130985652536814,-298.44251366079243,0.0449225590418402
20101080422,2010,2020,10,2005-2014,267.205366515,48.53940658901292,-75.40228080078306,0.4121478600036372,0.587500786029366,0.3452052278366083,0.3964172017174529,0.022677904482693,17.497233591217945,4873.56909815638,0.6358369126675761,1.225573554108103,1131.7355729001488,0.0470224773906902
20101080422,2010,2021,11,2005-2014,267.205366515,48.53940658901292,-75.40228080078306,0.4864166476344657,0.7204968812479131,0.3452052278366083,0.3964172017174529,0.022677904482693,17.63724996179776,3394.178016476301,0.6482094151012333,1.365589924687918,-347.65550877993064,0.0593949798243473
20101080422,2010,2022,12,2005-2014,267.205366515,48.53940658901292,-75.40228080078306,0.4862011795740409,0.556186746282564,0.3452052278366083,0.3964172017174529,0.022677904482693,16.48358173923218,4218.081009533185,0.5316508334288927,0.2119217021223385,476.2474842769548,-0.0571636018479931
20101080422,2010,2023,13,2005-2014,267.205366515,48.53940658901292,-75.40228080078306,0.4747071398009124,0.6844922749114577,0.3452052278366083,0.3964172017174529,0.022677904482693,17.435043061297893,4661.359060041432,0.6298372959489813,1.1633830241880494,919.5255347852012,0.0410228606720953
20101080422,2010,2024,14,2005-2014,267.205366515,48.53940658901292,-75.40228080078306,0.5799639861940957,0.7597505002158557,0.3452052278366083,0.3964172017174529,0.022677904482693,17.84604562952902,4763.2250783561185,0.6248271402594311,1.5743855924191783,1021.391553099888,0.0360127049825451
20101080422,2010,2025,15,2005-2014,267.205366515,48.53940658901292,-75.40228080078306,0.5723420242598298,0.7519210603810847,0.3452052278366083,0.3964172017174529,0.022677904482693,16.839286570618118,4591.108093045335,0.5902129409260412,0.567626533508274,849.2745677891047,0.0013985056491552
20101080424,2010,2007,-3,2005-2014,501.909512724,48.52090527659622,-75.46880320258198,0.3026006813939788,0.4121987594855871,0.3223193183658306,0.4001452546613352,0.070558527620134,15.916756697668577,3792.799318022176,0.6225586668682337,-0.3847591667359502,87.96536900672254,0.0239958777179329
20101080424,2010,2008,-2,2005-2014,501.909512724,48.52090527659622,-75.46880320258198,0.3223193183658306,0.0352781815517027,0.3223193183658306,0.4001452546613352,0.070558527620134,16.059713769995653,4115.17368958405,0.4438427524224916,-0.2418020944088716,410.3397405685969,-0.154720036727809
20101080424,2010,2009,-1,2005-2014,501.909512724,48.52090527659622,-75.46880320258198,0.4085291506979888,0.4001452546613352,0.3223193183658306,0.4001452546613352,0.070558527620134,15.466070346555853,4804.735269993554,0.5052162343753159,-0.8354455178486724,1099.9013209781,-0.0933465547749847
20101080424,2010,2010,0,2005-2014,501.909512724,48.52090527659622,-75.46880320258198,0.2517607907456965,0.134698013372164,0.3223193183658306,0.4001452546613352,0.070558527620134,16.814401328045392,2921.649022721663,0.6656311895929644,0.5128854636408668,-783.1849262937903,0.0670684004426637
20101080424,2010,2011,1,2005-2014,501.909512724,48.52090527659622,-75.46880320258198,0.2244819016590561,0.134711331292654,0.3223193183658306,0.4001452546613352,0.070558527620134,16.79895277161529,3892.455369530669,0.604477212543748,0.4974369072107656,187.6214205152155,0.0059144233934472
20101080424,2010,2012,2,2005-2014,501.909512724,48.52090527659622,-75.46880320258198,0.1072732211873306,0.3008522612079806,0.3223193183658306,0.4001452546613352,0.070558527620134,17.22774027948799,2650.5827207076854,0.7040808467030207,0.926224415083464,-1054.251228307768,0.10551805755272
20101080424,2010,2013,3,2005-2014,501.909512724,48.52090527659622,-75.46880320258198,0.1695914358466178,0.4121145918858964,0.3223193183658306,0.4001452546613352,0.070558527620134,16.0022934747779,3130.3489573400966,0.5784159475312232,-0.2992223896266246,-574.4849916753569,-0.0201468416190775
20101080424,2010,2014,4,2005-2014,501.909512724,48.52090527659622,-75.46880320258198,0.2636909612113161,0.486369808502042,0.3223193183658306,0.4001452546613352,0.070558527620134,16.34824594414755,4186.033460061762,0.5769086013329963,0.0467300797430247,481.1995110463081,-0.0216541878173044
20101080424,2010,2015,5,2005-2014,501.909512724,48.52090527659622,-75.46880320258198,0.2522108188532309,0.459020094228016,0.3223193183658306,0.4001452546613352,0.070558527620134,15.896339214711986,4513.468048298648,0.5174965676513774,-0.4051766496925388,808.6340992831942,-0.0810662214989232
20101080424,2010,2016,6,2005-2014,501.909512724,48.52090527659622,-75.46880320258198,0.3301452026437423,0.5566379017253862,0.3223193183658306,0.4001452546613352,0.070558527620134,16.31033770796182,3575.337764631691,0.5743024046461318,0.0088218435572962,-129.49618438376274,-0.0242603845041688
20101080424,2010,2017,7,2005-2014,501.909512724,48.52090527659622,-75.46880320258198,0.3262412537590004,0.5334205099454774,0.3223193183658306,0.4001452546613352,0.070558527620134,15.311456333381557,3547.5467335403864,0.5468595461398469,-0.9900595310229684,-157.28721547506711,-0.0517032430104538
20101080424,2010,2018,8,2005-2014,501.909512724,48.52090527659622,-75.46880320258198,0.396791558351496,0.650396474676256,0.3223193183658306,0.4001452546613352,0.070558527620134,17.73594243146374,5437.761459134372,0.6953397387753175,1.4344265670592158,1732.9275101189182,0.0967769496250168
20101080424,2010,2019,9,2005-2014,501.909512724,48.52090527659622,-75.46880320258198,0.4236509120180541,0.6504951176771664,0.3223193183658306,0.4001452546613352,0.070558527620134,16.410825036919675,3430.164378076505,0.6444865927807178,0.1093091725151502,-274.6695709389487,0.0459238036304171
20101080424,2010,2020,10,2005-2014,501.909512724,48.52090527659622,-75.46880320258198,0.3965844967352558,0.5288491414202475,0.3223193183658306,0.4001452546613352,0.070558527620134,17.513875489995144,4713.426095288682,0.6482230736664238,1.2123596255906186,1008.592146273228,0.0496602845161231
20101080424,2010,2021,11,2005-2014,501.909512724,48.52090527659622,-75.46880320258198,0.4704925846590727,0.7010278536528634,0.3223193183658306,0.4001452546613352,0.070558527620134,17.66217282751336,3363.8192720636403,0.6602682876226017,1.360656963108834,-341.01467695181327,0.061705498472301
20101080424,2010,2022,12,2005-2014,501.909512724,48.52090527659622,-75.46880320258198,0.4787032339370187,0.6112488451181974,0.3223193183658306,0.4001452546613352,0.070558527620134,16.49744185019233,4112.1119157932,0.5418874789119843,0.1959259857878059,407.2779667777463,-0.0566753102383164
20101080424,2010,2023,13,2005-2014,501.909512724,48.52090527659622,-75.46880320258198,0.4394117024682538,0.6269186225946178,0.3223193183658306,0.4001452546613352,0.070558527620134,17.447523246986293,4622.286644808774,0.6436673093351026,1.146007382581768,917.4526957933208,0.0451045201848019
20101080424,2010,2024,14,2005-2014,501.909512724,48.52090527659622,-75.46880320258198,0.5526957064491501,0.7325213014258415,0.3223193183658306,0.4001452546613352,0.070558527620134,17.850109686367773,4724.968614947649,0.6361692926598146,1.548593821963248,1020.1346659321956,0.0376065035095138
20101080424,2010,2025,15,2005-2014,501.909512724,48.52090527659622,-75.46880320258198,0.5449357278884662,0.7205636331984536,0.3223193183658306,0.4001452546613352,0.070558527620134,16.855742356397116,4574.36313220082,0.6013324463016884,0.5542264919925906,869.529183185366,0.0027696571513876
20121080192,2012,2009,-3,2005-2014,14213.7043145,48.35248391687705,-75.75936293477616,0.4805359835815002,0.4336836630564167,0.4726831559244805,0.3477106282158702,0.382816129973322,15.475758290253214,4788.299642127406,0.508594075884629,-0.9076076707280908,1257.1110546256027,-0.1027559668995253
20121080192,2012,2010,-2,2005-2014,14213.7043145,48.35248391687705,-75.75936293477616,0.4726831559244805,0.3477106282158702,0.4726831559244805,0.3477106282158702,0.382816129973322,16.949551943371972,2729.6667499979058,0.6853244945190983,0.5661859823906636,-801.5218375038966,0.0739744517349438
20121080192,2012,2011,-1,2005-2014,14213.7043145,48.35248391687705,-75.75936293477616,0.4491659665367844,0.2774726334059872,0.4726831559244805,0.3477106282158702,0.382816129973322,16.87279123898689,3881.7795830819864,0.620358614804531,0.4894252780055829,350.5909955801834,0.0090085720203766
20121080192,2012,2012,0,2005-2014,14213.7043145,48.35248391687705,-75.75936293477616,0.0898670259511585,0.2461379352917244,0.4726831559244805,0.3477106282158702,0.382816129973322,17.39601764073226,2529.2825405243816,0.739464884431427,1.0126516797509515,-1001.9060469774212,0.1281148416472725
20121080192,2012,2013,1,2005-2014,14213.7043145,48.35248391687705,-75.75936293477616,0.1679574506755437,0.4355719959135957,0.4726831559244805,0.3477106282158702,0.382816129973322,16.09357414146885,2951.650545177108,0.5921971988846629,-0.2897918195124604,-579.5380423246952,-0.0191528438994914
20121080192,2012,2014,2,2005-2014,14213.7043145,48.35248391687705,-75.75936293477616,0.2754113269519396,0.4785102976601459,0.4726831559244805,0.3477106282158702,0.382816129973322,16.362978038599795,3847.6403825030393,0.5832566007475568,-0.020387922381512,316.4517950012359,-0.0280934420365975
20121080192,2012,2015,3,2005-2014,14213.7043145,48.35248391687705,-75.75936293477616,0.2597681657096056,0.2539379762905235,0.4726831559244805,0.3477106282158702,0.382816129973322,15.9585774170063,4008.200260533325,0.5281510237453617,-0.4247885439750064,477.0116730315221,-0.0831990190387926
20121080192,2012,2016,4,2005-2014,14213.7043145,48.35248391687705,-75.75936293477616,0.3340093013440862,0.4648089556548627,0.4726831559244805,0.3477106282158702,0.382816129973322,16.421405540948502,3285.703677240367,0.5939788143453071,0.0380395799671928,-245.4849102614357,-0.0173712284388473
20121080192,2012,2017,5,2005-2014,14213.7043145,48.35248391687705,-75.75936293477616,0.3633021595153737,0.6191488431670064,0.4726831559244805,0.3477106282158702,0.382816129973322,15.390140491404232,3384.8238102255523,0.5518222431808479,-0.9932254695770736,-146.36477727625083,-0.0595277996033064
20121080192,2012,2018,6,2005-2014,14213.7043145,48.35248391687705,-75.75936293477616,0.4472594578108627,0.6777338199288409,0.4726831559244805,0.3477106282158702,0.382816129973322,17.83942658042567,5330.246158347939,0.7106201088522807,1.4560606194443653,1799.0575708461358,0.0992700660681264
20121080192,2012,2019,7,2005-2014,14213.7043145,48.35248391687705,-75.75936293477616,0.4785062530929411,0.6855351133213712,0.4726831559244805,0.3477106282158702,0.382816129973322,16.50861444966553,3306.5308385401013,0.6647384340958296,0.1252484886842239,-224.6577489617018,0.0533883913116751
20121080192,2012,2020,8,2005-2014,14213.7043145,48.35248391687705,-75.75936293477616,0.3925792202457599,0.5488179115074573,0.4726831559244805,0.3477106282158702,0.382816129973322,17.524549983451955,3936.657237084662,0.6596840424707037,1.1411840224706495,405.46864958285886,0.0483339996865493
20121080192,2012,2021,9,2005-2014,14213.7043145,48.35248391687705,-75.75936293477616,0.4941571425416313,0.70898077211039,0.4726831559244805,0.3477106282158702,0.382816129973322,17.757039843480076,3124.9548241985017,0.6766967657620216,1.3736738824987662,-406.2337633033013,0.0653467229778673
20121080192,2012,2022,10,2005-2014,14213.7043145,48.35248391687705,-75.75936293477616,0.4863413834139709,0.5410249578344529,0.4726831559244805,0.3477106282158702,0.382816129973322,16.540394540901833,3556.8217928279987,0.5536823909221934,0.157028579920521,25.63320532619547,-0.0576676518619609
20121080192,2012,2023,11,2005-2014,14213.7043145,48.35248391687705,-75.75936293477616,0.4355468647463977,0.5644297551062749,0.4726831559244805,0.3477106282158702,0.382816129973322,17.41160918609693,4764.324796529815,0.6521162273099395,1.0282432251156208,1233.1362090280113,0.040766184525785
20121080192,2012,2024,12,2005-2014,14213.7043145,48.35248391687705,-75.75936293477616,0.5683785514090702,0.7285102910521409,0.4726831559244805,0.3477106282158702,0.382816129973322,17.78713255109642,4279.750262978123,0.6354035630616195,1.4037665901151135,748.5616754763199,0.0240535202774649
20121080192,2012,2025,13,2005-2014,14213.7043145,48.35248391687705,-75.75936293477616,0.5566074694897898,0.7246022540347212,0.4726831559244805,0.3477106282158702,0.382816129973322,16.93645890137816,4339.709368763867,0.61445354691344,0.5530929403968531,808.5207812620635,0.0031035041292856
20121080215,2012,2009,-3,2005-2014,137.485589104,48.71206308967646,-75.17018010983016,0.3723600711105563,0.3296281534217024,0.3723600711105563,0.3031109029340068,0.1630724208031816,15.17183489592179,4577.749479226778,0.4971664919575394,-0.7440069516500039,711.4492330765675,-0.0824787917902804
20121080215,2012,2010,-2,2005-2014,137.485589104,48.71206308967646,-75.17018010983016,0.3075711842110237,0.0178410171906832,0.3723600711105563,0.3031109029340068,0.1630724208031816,16.377191466179454,3038.1907855579407,0.6428167848862757,0.4613496186076595,-828.1094605922699,0.0631715011384558
20121080215,2012,2011,-1,2005-2014,137.485589104,48.71206308967646,-75.17018010983016,0.4317217176399743,0.3031109029340068,0.3723600711105563,0.3031109029340068,0.1630724208031816,16.415580340399288,4113.525860308162,0.5842661019265135,0.4997384928274933,247.22561415795144,0.0046208181786936
20121080215,2012,2012,0,2005-2014,137.485589104,48.71206308967646,-75.17018010983016,0.2092876503073746,0.146625237470508,0.3723600711105563,0.3031109029340068,0.1630724208031816,16.738369242350302,2992.512500095696,0.6602626787136527,0.8225273947785077,-873.7877460545146,0.0806173949658328
20121080215,2012,2013,1,2005-2014,137.485589104,48.71206308967646,-75.17018010983016,0.2636887322747079,0.5879106803425797,0.3723600711105563,0.3031109029340068,0.1630724208031816,15.632535421675527,3466.005210029756,0.5591032090486887,-0.2833064258962672,-400.2950361204544,-0.0205420746991311
20121080215,2012,2014,2,2005-2014,137.485589104,48.71206308967646,-75.17018010983016,0.3578086841406381,0.6578316401866855,0.3723600711105563,0.3031109029340068,0.1630724208031816,16.0324871975443,4335.61026559374,0.5640069612913123,0.1166453499725044,469.31001944352965,-0.0156383224565075
20121080215,2012,2015,3,2005-2014,137.485589104,48.71206308967646,-75.17018010983016,0.4118367984955175,0.0881463864597883,0.3723600711105563,0.3031109029340068,0.1630724208031816,15.5298434464828,4691.9589748102335,0.4949348272021677,-0.3859984010889938,825.6587286600229,-0.0847104565456521
20121080215,2012,2016,4,2005-2014,137.485589104,48.71206308967646,-75.17018010983016,0.3964282643074885,0.3343161928649917,0.3723600711105563,0.3031109029340068,0.1630724208031816,15.915366827923322,3749.2982370888017,0.5505068495746266,-0.0004750196484728,-117.0020090614089,-0.0291384341731932
20121080215,2012,2017,5,2005-2014,137.485589104,48.71206308967646,-75.17018010983016,0.416331603256067,0.7009864983680654,0.3723600711105563,0.3031109029340068,0.1630724208031816,14.953538216024242,3566.285210099906,0.5407544579198839,-0.9623036315475524,-300.0150360503044,-0.038890825827936
20121080215,2012,2018,6,2005-2014,137.485589104,48.71206308967646,-75.17018010983016,0.4201697992662756,0.6815660262444557,0.3723600711105563,0.3031109029340068,0.1630724208031816,17.33702991872599,5336.487860984953,0.6763107928547385,1.4211880711541944,1470.1876148347424,0.0966655091069186
20121080215,2012,2019,7,2005-2014,137.485589104,48.71206308967646,-75.17018010983016,0.4585966025871893,0.6816578242665965,0.3723600711105563,0.3031109029340068,0.1630724208031816,15.95811136079874,3808.7905952108017,0.6114558483007769,0.0422695132269446,-57.50965093940886,0.031810564552957
20121080215,2012,2020,8,2005-2014,137.485589104,48.71206308967646,-75.17018010983016,0.4590432023781269,0.7287661160593288,0.3723600711105563,0.3031109029340068,0.1630724208031816,17.16053854762646,5354.951449525046,0.638413306388109,1.2446967000546645,1488.6512033748354,0.0587680226402891
20121080215,2012,2021,9,2005-2014,137.485589104,48.71206308967646,-75.17018010983016,0.4512458798709814,0.6661366188183693,0.3723600711105563,0.3031109029340068,0.1630724208031816,17.24936464420267,3618.925864614514,0.6417143511711564,1.3335227966308771,-247.37438153569656,0.0620690674233365
20121080215,2012,2022,10,2005-2014,137.485589104,48.71206308967646,-75.17018010983016,0.3729722118759779,0.2287164713144893,0.3723600711105563,0.3031109029340068,0.1630724208031816,16.125851857835016,4411.468110937555,0.5269677839366926,0.2100100102632218,545.1678647873446,-0.0526774998111272
20121080215,2012,2023,11,2005-2014,137.485589104,48.71206308967646,-75.17018010983016,0.4121514146134635,0.6151189589763143,0.3723600711105563,0.3031109029340068,0.1630724208031816,17.126273105455482,4413.925892717963,0.6311654548793474,1.2104312578836876,547.625646567752,0.0515201711315275
20121080215,2012,2024,12,2005-2014,137.485589104,48.71206308967646,-75.17018010983016,0.4666784771891153,0.666158845364766,0.3723600711105563,0.3031109029340068,0.1630724208031816,17.54081093608471,4450.462716591212,0.6245649767578846,1.6249690885129162,584.162470441001,0.0449196930100647
20121080215,2012,2025,13,2005-2014,137.485589104,48.71206308967646,-75.17018010983016,0.4234873812170692,0.5761099478151354,0.3723600711105563,0.3031109029340068,0.1630724208031816,16.40795749028524,4848.968764029128,0.5776220019229116,0.492115642713447,982.6685178789172,-0.0020232818249082
20121080223,2012,2009,-3,2005-2014,132.922605716,47.89569547442708,-76.0831229161999,0.622053284812273,0.572151560583607,0.622053284812273,0.572151560583607,0.3368208067509572,15.3370561793231,4611.332147978256,0.4668675995593843,-1.0240791795334268,914.0736575924802,-0.1151062355989237
20121080223,2012,2010,-2,2005-2014,132.922605716,47.89569547442708,-76.0831229161999,0.6814151892263188,0.7399314458994118,0.622053284812273,0.572151560583607,0.3368208067509572,16.925517156849764,2523.863004283026,0.6488887319367364,0.5643817979932386,-1173.39548610275,0.0669148967784283
20121080223,2012,2011,-1,2005-2014,132.922605716,47.89569547442708,-76.0831229161999,0.5803697587478861,0.5686263257063173,0.622053284812273,0.572151560583607,0.3368208067509572,16.855144920901978,3831.923906987956,0.5951987719625098,0.4940095620454521,134.66541660218036,0.0132249368042017
20121080223,2012,2012,0,2005-2014,132.922605716,47.89569547442708,-76.0831229161999,0.2852324780613157,0.3222520639235971,0.622053284812273,0.572151560583607,0.3368208067509572,17.426769732046864,2652.522583674223,0.7272844286508802,1.0656343731903384,-1044.735906711553,0.1453105934925721
20121080223,2012,2013,1,2005-2014,132.922605716,47.89569547442708,-76.0831229161999,0.3142100363045588,0.4783821331642703,0.622053284812273,0.572151560583607,0.3368208067509572,16.073699300185524,3387.837309586679,0.5623037307642453,-0.2874360586710018,-309.4211807990969,-0.0196701043940626
20121080223,2012,2014,2,2005-2014,132.922605716,47.89569547442708,-76.0831229161999,0.3528494423488338,0.6274034649371433,0.622053284812273,0.572151560583607,0.3368208067509572,16.159141338735424,3894.972803752634,0.5395680455504556,-0.2019940201211021,197.71431336685737,-0.0424057896078524
20121080223,2012,2015,3,2005-2014,132.922605716,47.89569547442708,-76.0831229161999,0.4463116176511456,0.1151752497308886,0.622053284812273,0.572151560583607,0.3368208067509572,15.98076941172286,3796.277650395325,0.5093961163396378,-0.3803659471336651,99.01916000954908,-0.0725777188186702
20121080223,2012,2016,4,2005-2014,132.922605716,47.89569547442708,-76.0831229161999,0.5095696317361081,0.7531122928980427,0.622053284812273,0.572151560583607,0.3368208067509572,16.444741544861756,3831.7350389544986,0.5769083374276444,0.0836061860052304,134.4765485687226,-0.0050654977306636
20121080223,2012,2017,5,2005-2014,132.922605716,47.89569547442708,-76.0831229161999,0.4632796521677427,0.6776774626170016,0.622053284812273,0.572151560583607,0.3368208067509572,15.46362405445268,3552.446691688985,0.5219421279019906,-0.8975113044038459,-144.8117986967909,-0.0600317072563174
20121080223,2012,2018,6,2005-2014,132.922605716,47.89569547442708,-76.0831229161999,0.5450133761958529,0.7627948170373959,0.622053284812273,0.572151560583607,0.3368208067509572,17.75325164794924,5646.301436804088,0.6526229368901034,1.3921162890927157,1949.0429464183117,0.0706491017317954
20121080223,2012,2019,7,2005-2014,132.922605716,47.89569547442708,-76.0831229161999,0.5461766891537776,0.7197616376879978,0.622053284812273,0.572151560583607,0.3368208067509572,16.578905242422366,3016.910850941848,0.6614525805024181,0.2177698835658397,-680.3476394439281,0.07947874534411
20121080223,2012,2020,8,2005-2014,132.922605716,47.89569547442708,-76.0831229161999,0.5177197644844073,0.7209051466323088,0.622053284812273,0.572151560583607,0.3368208067509572,17.35810757927277,4236.565503146934,0.6088633106356344,0.996972220416243,539.3070127611581,0.0268894754773263
20121080223,2012,2021,9,2005-2014,132.922605716,47.89569547442708,-76.0831229161999,0.4940376983045262,0.661896075802906,0.622053284812273,0.572151560583607,0.3368208067509572,17.715759925565862,3535.4004304781233,0.6395329807938619,1.3546245667093366,-161.85805990765266,0.0575591456355538
20121080223,2012,2022,10,2005-2014,132.922605716,47.89569547442708,-76.0831229161999,0.5032252529523575,0.5138500726040062,0.622053284812273,0.572151560583607,0.3368208067509572,16.495020788994395,3834.159337874432,0.5250079310969064,0.1338854301378695,136.90084748865593,-0.0569659040614016
20121080223,2012,2023,11,2005-2014,132.922605716,47.89569547442708,-76.0831229161999,0.3992282245162849,0.5406468888082372,0.622053284812273,0.572151560583607,0.3368208067509572,17.218344196374915,5150.975368030196,0.6008845325520177,0.8572088375183888,1453.7168776444196,0.0189106973937096
20121080223,2012,2024,12,2005-2014,132.922605716,47.89569547442708,-76.0831229161999,0.5282898139916611,0.7138658948351028,0.622053284812273,0.572151560583607,0.3368208067509572,17.57268455615946,3457.22406074092,0.5846517152159852,1.2115491973029329,-240.03442964485612,0.0026778800576772
20121080223,2012,2025,13,2005-2014,132.922605716,47.89569547442708,-76.0831229161999,0.5633698638132116,0.7470691429384153,0.622053284812273,0.572151560583607,0.3368208067509572,16.94604342778524,4308.082937456352,0.5844488792811716,0.5849080689287156,610.8244470705758,0.0024750441228635
20121080258,2012,2009,-3,2005-2014,152.014236871,49.56464265607353,-77.20244907849641,0.4597455790846102,0.0957002003095123,0.4979845204489109,0.2986328294983814,0.166181626613716,15.272367051718902,3758.3247650787334,0.5178137377027419,-0.6539945028369694,6.990429032936753,-0.0866002081955683
20121080258,2012,2010,-2,2005-2014,152.014236871,49.56464265607353,-77.20244907849641,0.4979845204489109,0.2986328294983814,0.4979845204489109,0.2986328294983814,0.166181626613716,16.532379808287715,2824.053863198474,0.6602474573582084,0.6060182537318433,-927.2804728473226,0.0558335114598984
20121080258,2012,2011,-1,2005-2014,152.014236871,49.56464265607353,-77.20244907849641,0.6022228504358067,0.5098633877293953,0.4979845204489109,0.2986328294983814,0.166181626613716,16.467712148030625,2973.711177817038,0.6628613578469924,0.5413505934747541,-777.6231582287587,0.0584474119486823
20121080258,2012,2012,0,2005-2014,152.014236871,49.56464265607353,-77.20244907849641,0.3318028938351949,0.3561783089847173,0.4979845204489109,0.2986328294983814,0.166181626613716,16.907242727970758,3241.7195023927397,0.7097266648221354,0.9808811734148826,-509.61483365305696,0.1053127189238253
20121080258,2012,2013,1,2005-2014,152.014236871,49.56464265607353,-77.20244907849641,0.2829949276681859,0.5565386857102724,0.4979845204489109,0.2986328294983814,0.166181626613716,15.5774199679278,3799.2193579774857,0.5749481137820988,-0.3489415866280701,47.88502193168815,-0.0294658321162114
20121080258,2012,2014,2,2005-2014,152.014236871,49.56464265607353,-77.20244907849641,0.4312114841550467,0.6932200815275642,0.4979845204489109,0.2986328294983814,0.166181626613716,16.027778644838214,3584.3982233961547,0.5861472745678629,0.1014170902823416,-166.936112649642,-0.0182666713304472
20121080258,2012,2015,3,2005-2014,152.014236871,49.56464265607353,-77.20244907849641,0.4627813377753912,0.7284191466394473,0.4979845204489109,0.2986328294983814,0.166181626613716,15.520228197954724,4031.2649582940257,0.5061359016489376,-0.4061333566011463,279.9306222482286,-0.0982780442493725
20121080258,2012,2016,4,2005-2014,152.014236871,49.56464265607353,-77.20244907849641,0.4857311605159288,0.7244954139449589,0.4979845204489109,0.2986328294983814,0.166181626613716,15.899390300806033,4625.994751799585,0.5557357262598662,-0.0269712537498385,874.6604157537885,-0.0486782196384438
20121080258,2012,2017,5,2005-2014,152.014236871,49.56464265607353,-77.20244907849641,0.4520842605913827,0.5803179583721619,0.4979845204489109,0.2986328294983814,0.166181626613716,14.812538513238916,4360.9051546053,0.5549235017333766,-1.1138230413169543,609.570818559503,-0.0494904441649335
20121080258,2012,2018,6,2005-2014,152.014236871,49.56464265607353,-77.20244907849641,0.487229633434627,0.7020675296202247,0.4979845204489109,0.2986328294983814,0.166181626613716,17.34675396905432,3792.895415618868,0.7099792381416572,1.4203924144984446,41.561079573071225,0.105565292243347
20121080258,2012,2019,7,2005-2014,152.014236871,49.56464265607353,-77.20244907849641,0.4716706917720247,0.6780125109123541,0.4979845204489109,0.2986328294983814,0.166181626613716,15.818681234553264,3938.817126989077,0.5987282226324948,-0.107680320002607,187.482790943281,-0.0056857232658153
20121080258,2012,2020,8,2005-2014,152.014236871,49.56464265607353,-77.20244907849641,0.3487111518104496,0.2479247822709075,0.4979845204489109,0.2986328294983814,0.166181626613716,17.239843560647284,4541.055074748087,0.6511057375149512,1.313482006091413,789.72073870229,0.046691791616641
20121080258,2012,2021,9,2005-2014,152.014236871,49.56464265607353,-77.20244907849641,0.4902166396396117,0.7207426185910968,0.4979845204489109,0.2986328294983814,0.166181626613716,17.106752021070882,2992.852812439171,0.6700261559356578,1.1803904665150122,-758.4815236066257,0.0656122100373477
20121080258,2012,2022,10,2005-2014,152.014236871,49.56464265607353,-77.20244907849641,0.5772297373707239,0.7861461958402037,0.4979845204489109,0.2986328294983814,0.166181626613716,16.06879566303198,4356.3562780208185,0.5169213546130919,0.1424341084761117,605.0219419750218,-0.0874925912852182
20121080258,2012,2023,11,2005-2014,152.014236871,49.56464265607353,-77.20244907849641,0.5127216891896493,0.5204626672246139,0.4979845204489109,0.2986328294983814,0.166181626613716,17.44012419382732,2967.078486129468,0.7555855456941841,1.5137626392714474,-784.2558499163289,0.151171599795874
20121080258,2012,2024,12,2005-2014,152.014236871,49.56464265607353,-77.20244907849641,0.5927981890031406,0.7841721984356512,0.4979845204489109,0.2986328294983814,0.166181626613716,17.518894715240037,3653.662669432016,0.643912932572542,1.592533160684166,-97.67166661378052,0.0394989866742319
20121080258,2012,2025,13,2005-2014,152.014236871,49.56464265607353,-77.20244907849641,0.5437814256365338,0.7392757318332369,0.4979845204489109,0.2986328294983814,0.166181626613716,16.2454123773437,5141.850242398364,0.5653936758190329,0.319050822787829,1390.5159063525668,-0.0390202700792771
20121080261,2012,2009,-3,2005-2014,395.276761125,48.713397405467376,-76.74501720198032,0.4237567895507985,0.3262003538246789,0.439551245628294,0.3262003538246789,0.1463066054521484,15.383549399997897,4325.895506925891,0.5163733155704924,-0.8327752386083933,541.7619483828247,-0.0907141236283993
20121080261,2012,2010,-2,2005-2014,395.276761125,48.713397405467376,-76.74501720198032,0.5059911854595501,0.425715804063804,0.439551245628294,0.3262003538246789,0.1463066054521484,16.87252873406898,2908.795576770767,0.6838311202108308,0.6562040954626933,-875.3379817722986,0.076743681011939
20121080261,2012,2011,-1,2005-2014,395.276761125,48.713397405467376,-76.74501720198032,0.439551245628294,0.2170365944888166,0.439551245628294,0.3262003538246789,0.1463066054521484,16.777170828114407,4108.089211041532,0.6339977430525143,0.5608461895081188,323.9556524984654,0.0269103038536225
20121080261,2012,2012,0,2005-2014,395.276761125,48.713397405467376,-76.74501720198032,0.2932446401761456,-0.2774947812274506,0.439551245628294,0.3262003538246789,0.1463066054521484,17.209089881786433,2914.0816705259986,0.7253115840954285,0.992765243180146,-870.0518880170677,0.1182241448965368
20121080261,2012,2013,1,2005-2014,395.276761125,48.713397405467376,-76.74501720198032,0.2636170635968439,0.6544033171408971,0.439551245628294,0.3262003538246789,0.1463066054521484,15.883204331605365,3386.124134073829,0.5790530065438001,-0.3331203070009212,-398.00942446923744,-0.0280344326550915
20121080261,2012,2014,2,2005-2014,395.276761125,48.713397405467376,-76.74501720198032,0.4392847677557163,0.5138531770024005,0.439551245628294,0.3262003538246789,0.1463066054521484,16.1509172494861,3940.257487848165,0.5825258940536289,-0.0654073891201893,156.12392930509884,-0.0245615451452628
20121080261,2012,2015,3,2005-2014,395.276761125,48.713397405467376,-76.74501720198032,0.4395384131972021,0.595570637317872,0.439551245628294,0.3262003538246789,0.1463066054521484,15.751862542525595,3745.9975588562993,0.5173741389995142,-0.4644620960806936,-38.13599968676649,-0.0897133001993774
20121080261,2012,2016,4,2005-2014,395.276761125,48.713397405467376,-76.74501720198032,0.4979950855706887,0.7130112038603342,0.439551245628294,0.3262003538246789,0.1463066054521484,16.280744325941885,3425.653913069251,0.5860698136767519,0.0644196873355962,-358.4796454738158,-0.0210176255221398
20121080261,2012,2017,5,2005-2014,395.276761125,48.713397405467376,-76.74501720198032,0.4159955859647378,0.6346675616464887,0.439551245628294,0.3262003538246789,0.1463066054521484,15.174801714523982,3658.7906370841865,0.5543949638216004,-1.0415229240823056,-125.34292145887972,-0.0526924753772913
20121080261,2012,2018,6,2005-2014,395.276761125,48.713397405467376,-76.74501720198032,0.5060503191555441,0.701143138194334,0.439551245628294,0.3262003538246789,0.1463066054521484,17.797696917989985,4230.35529861957,0.7322775675015725,1.5813722793836984,446.2217400765038,0.1251901283026807
20121080261,2012,2019,7,2005-2014,395.276761125,48.713397405467376,-76.74501720198032,0.5368720527230911,0.7090392886119362,0.439551245628294,0.3262003538246789,0.1463066054521484,16.190637437848086,4298.315695333939,0.623000026968483,-0.0256872007582035,514.1821367908722,0.0159125877695913
20121080261,2012,2020,8,2005-2014,395.276761125,48.713397405467376,-76.74501720198032,0.3759145201965002,0.3845551932743408,0.439551245628294,0.3262003538246789,0.1463066054521484,17.40162511493852,3702.125439461756,0.6580786310744832,1.1853004763322312,-82.00811908131041,0.0509911918755914
20121080261,2012,2021,9,2005-2014,395.276761125,48.713397405467376,-76.74501720198032,0.4669788809143321,0.6389542907606466,0.439551245628294,0.3262003538246789,0.1463066054521484,17.4477412859599,3357.8458723537306,0.6505693515852791,1.23141664735361,-426.2876861893361,0.0434819123863873
20121080261,2012,2022,10,2005-2014,395.276761125,48.713397405467376,-76.74501720198032,0.5643862850799708,0.7283744108415664,0.439551245628294,0.3262003538246789,0.1463066054521484,16.31892728667329,4436.087070736964,0.5312042281842724,0.1026026480670008,651.9535121938978,-0.0758832110146194
20121080261,2012,2023,11,2005-2014,395.276761125,48.713397405467376,-76.74501720198032,0.3329517827160199,0.0683476076357062,0.439551245628294,0.3262003538246789,0.1463066054521484,17.38718654521999,3614.487090937619,0.6910888898914006,1.1708619066136985,-169.6464676054467,0.0840014506925088
20121080261,2012,2024,12,2005-2014,395.276761125,48.713397405467376,-76.74501720198032,0.6044927107323091,0.8026618261739671,0.439551245628294,0.3262003538246789,0.1463066054521484,17.595789281872737,3701.972234581264,0.6269272587740324,1.379464643266449,-82.16132396180242,0.0198398195751406
20121080261,2012,2025,13,2005-2014,395.276761125,48.713397405467376,-76.74501720198032,0.5372502514823246,0.7362457724745571,0.439551245628294,0.3262003538246789,0.1463066054521484,16.686880635524187,4766.173957667929,0.5982760172793514,0.4705559969178989,982.040399124863,-0.0088114219195402
20121080337,2012,2009,-3,2005-2014,3035.6733183,48.675605742778,-76.948513534331,0.3535168341800781,0.1698462026544647,0.3808480643652167,0.2246113805740515,0.1424100543369015,15.698476643856951,4282.6056470094645,0.5223045731244073,-0.8550855637518111,599.3828940002832,-0.099022426571931
20121080337,2012,2010,-2,2005-2014,3035.6733183,48.675605742778,-76.948513534331,0.3808480643652167,0.2246113805740515,0.3808480643652167,0.2246113805740515,0.1424100543369015,17.25452222700437,2738.577064477424,0.7055576897025359,0.7009600193956036,-944.6456885317568,0.0842306900061973
20121080337,2012,2011,-1,2005-2014,3035.6733183,48.675605742778,-76.948513534331,0.5100020185171695,0.2947625436101407,0.3808480643652167,0.2246113805740515,0.1424100543369015,17.13705973388766,3929.103406658427,0.6539053710902405,0.5834975262788985,245.88065364924623,0.032578371393902
20121080337,2012,2012,0,2005-2014,3035.6733183,48.675605742778,-76.948513534331,0.2384380100283151,0.0742724626760501,0.3808480643652167,0.2246113805740515,0.1424100543369015,17.575227660900033,2806.3229433072383,0.7463477158135005,1.0216654532912672,-876.8998097019421,0.1250207161171622
20121080337,2012,2013,1,2005-2014,3035.6733183,48.675605742778,-76.948513534331,0.1992103947592588,0.1621160580620436,0.3808480643652167,0.2246113805740515,0.1424100543369015,16.206000203598936,3418.777370717877,0.5866481895395557,-0.3475620040098305,-264.4453822913038,-0.0346788101567827
20121080337,2012,2014,2,2005-2014,3035.6733183,48.675605742778,-76.948513534331,0.1933595646186086,0.439400962217737,0.3808480643652167,0.2246113805740515,0.1424100543369015,16.41439557646545,3894.4296662109055,0.5889245706048859,-0.1391666311433152,211.2069132017252,-0.0324024290914524
20121080337,2012,2015,3,2005-2014,3035.6733183,48.675605742778,-76.948513534331,0.2519194869932594,0.5410698541697515,0.3808480643652167,0.2246113805740515,0.1424100543369015,16.07274798619484,3468.024795932415,0.5270853752636849,-0.4808142214139221,-215.19795707676508,-0.0942416244326534
20121080337,2012,2016,4,2005-2014,3035.6733183,48.675605742778,-76.948513534331,0.2870719114374684,0.6347685735332752,0.3808480643652167,0.2246113805740515,0.1424100543369015,16.632154764136175,3396.3802652640647,0.601723389044884,0.0785925565274104,-286.8424877451164,-0.0196036106514543
20121080337,2012,2017,5,2005-2014,3035.6733183,48.675605742778,-76.948513534331,0.2832351885349839,0.337883192128006,0.3808480643652167,0.2246113805740515,0.1424100543369015,15.538349140190547,3604.7008221547967,0.5665289641034132,-1.0152130674182174,-78.52193085438422,-0.0547980355929251
20121080337,2012,2018,6,2005-2014,3035.6733183,48.675605742778,-76.948513534331,0.3105483413846956,0.4824313382403262,0.3808480643652167,0.2246113805740515,0.1424100543369015,18.14476014463892,4008.365929437947,0.7518182972568438,1.591197937030153,325.1431764287664,0.1304912975605055
20121080337,2012,2019,7,2005-2014,3035.6733183,48.675605742778,-76.948513534331,0.3495768742462026,0.5996881771776119,0.3808480643652167,0.2246113805740515,0.1424100543369015,16.551798435461418,4091.012584789516,0.6380198336413543,-0.0017637721473467,407.7898317803349,0.0166928339450159
20121080337,2012,2020,8,2005-2014,3035.6733183,48.675605742778,-76.948513534331,0.3144359025628905,0.3886404653708161,0.3808480643652167,0.2246113805740515,0.1424100543369015,17.732700622363666,3380.3494215033593,0.6759445878147546,1.1791384147549042,-302.8733315058216,0.0546175881184163
20121080337,2012,2021,9,2005-2014,3035.6733183,48.675605742778,-76.948513534331,0.3652461231658482,0.5253599960101883,0.3808480643652167,0.2246113805740515,0.1424100543369015,17.771959151392405,3364.140520002072,0.664170142944928,1.2183969437836415,-319.0822330071087,0.0428431432485897
20121080337,2012,2022,10,2005-2014,3035.6733183,48.675605742778,-76.948513534331,0.4667978237086761,0.6777122641849903,0.3808480643652167,0.2246113805740515,0.1424100543369015,16.652612305414966,4162.1858292093875,0.5434598160226148,0.0990500978062019,478.9630762002067,-0.0778671836737236
20121080337,2012,2023,11,2005-2014,3035.6733183,48.675605742778,-76.948513534331,0.3964213797741961,0.4081592730896868,0.3808480643652167,0.2246113805740515,0.1424100543369015,17.66526120867464,3417.583642826879,0.7008707503630089,1.1116990010658738,-265.639110182302,0.0795437506666705
20121080337,2012,2024,12,2005-2014,3035.6733183,48.675605742778,-76.948513534331,0.5058871179759261,0.6933761350783056,0.3808480643652167,0.2246113805740515,0.1424100543369015,17.8586571036542,3665.446874115822,0.6296011587244489,1.3050948960454338,-17.775878893359174,0.0082741590281105
20121080337,2012,2025,13,2005-2014,3035.6733183,48.675605742778,-76.948513534331,0.474528953000471,0.6698730888708773,0.3808480643652167,0.2246113805740515,0.1424100543369015,17.021589680794655,4555.512872267002,0.6122679003795767,0.4680274731858922,872.2901192578216,-0.0090590993167617
20171080074,2017,2014,-3,2015-2022,4070.02169474,50.03088144740307,-76.46905386681976,0.4941580507396359,0.56835280431337,0.4941580507396359,0.611305572740169,0.2812882953834025,16.092940241882367,3819.150377088207,0.5912247705827203,0.4402565839032388,-140.31804734512002,0.0200306241228206
20171080074,2017,2015,-2,2015-2022,4070.02169474,50.03088144740307,-76.46905386681976,0.4824685884360386,0.611305572740169,0.4941580507396359,0.611305572740169,0.2812882953834025,15.31757797791156,4025.1723498232473,0.4831659023772503,-0.3351056800675662,65.70392538991999,-0.0880282440826493
20171080074,2017,2016,-1,2015-2022,4070.02169474,50.03088144740307,-76.46905386681976,0.564428012463497,0.7363381767268896,0.4941580507396359,0.611305572740169,0.2812882953834025,15.55840049852562,4647.726987845396,0.5141773164322413,-0.0942831594535061,688.2585634120695,-0.0570168300276583
20171080074,2017,2017,0,2015-2022,4070.02169474,50.03088144740307,-76.46905386681976,0.2128697553562334,0.2480691882725234,0.4941580507396359,0.611305572740169,0.2812882953834025,14.55442318388928,4185.880003439495,0.5359088635177354,-1.0982604740898445,226.4115790061677,-0.0352852829421644
20171080074,2017,2018,1,2015-2022,4070.02169474,50.03088144740307,-76.46905386681976,0.1347561153429499,0.4081737390713591,0.4941580507396359,0.611305572740169,0.2812882953834025,16.899855645736686,4119.412254421971,0.6440694333841637,1.2471719877575589,159.94382998864384,0.0728752869242638
20171080074,2017,2019,2,2015-2022,4070.02169474,50.03088144740307,-76.46905386681976,0.2558486345869374,0.4510655671434821,0.4941580507396359,0.611305572740169,0.2812882953834025,15.329941310375451,4671.2732490645585,0.5277990875768981,-0.322742347603674,711.8048246312303,-0.0433950588830016
20171080074,2017,2020,3,2015-2022,4070.02169474,50.03088144740307,-76.46905386681976,0.2832096393875872,0.5214650067919476,0.4941580507396359,0.611305572740169,0.2812882953834025,17.180619127334495,4191.3035461154905,0.6444511390906705,1.5279354693553673,231.83512168216305,0.0732569926307708
20171080074,2017,2021,4,2015-2022,4070.02169474,50.03088144740307,-76.46905386681976,0.2401925302984579,0.5410356067032968,0.4941580507396359,0.611305572740169,0.2812882953834025,16.803877930964905,3310.8337916583064,0.6418902870527561,1.1511942729857785,-648.6346327750215,0.0706961405928563
20171080074,2017,2022,5,2015-2022,4070.02169474,50.03088144740307,-76.46905386681976,0.4004449725674384,0.666057251140694,0.4941580507396359,0.611305572740169,0.2812882953834025,15.937560176589573,4002.44474845958,0.5137777113007312,0.284876518610447,42.97632402625242,-0.0574164351591684
20171080074,2017,2023,6,2015-2022,4070.02169474,50.03088144740307,-76.46905386681976,0.3417502379381837,0.5917347268708644,0.4941580507396359,0.611305572740169,0.2812882953834025,17.547604801447783,2833.2609255032035,0.7599784140708582,1.8949211434686544,-1126.2074989301234,0.1887842676109585
20171080074,2017,2024,7,2015-2022,4070.02169474,50.03088144740307,-76.46905386681976,0.4433093250511642,0.6700070938612585,0.4941580507396359,0.611305572740169,0.2812882953834025,17.52550714049478,4410.282764256346,0.6289079632326596,1.872823482515657,450.8143398230194,0.0577138167727598
20171080074,2017,2025,8,2015-2022,4070.02169474,50.03088144740307,-76.46905386681976,0.4199414094729707,0.6620413367905628,0.4941580507396359,0.611305572740169,0.2812882953834025,15.94647855517575,5072.626683711298,0.5433022538543939,0.2937948971966241,1113.1582592779705,-0.0278918926055058
20171080077,2017,2014,-3,2015-2022,472.787379586,50.23320750246087,-76.02650229761024,0.5400738822705101,0.70122477829891,0.3698928379234924,0.2948441363815095,0.2427279598723734,15.63343302764265,3947.394764266672,0.5944351135374266,0.5272823497622373,-49.87125952753887,0.0265388877996292
20171080077,2017,2015,-2,2015-2022,472.787379586,50.23320750246087,-76.02650229761024,0.2752416599292373,0.2948441363815095,0.3698928379234924,0.2948441363815095,0.2427279598723734,14.858871021231288,3912.374678962115,0.4879438234821324,-0.2472796566491268,-84.8913448320955,-0.0799524022556649
20171080077,2017,2016,-1,2015-2022,472.787379586,50.23320750246087,-76.02650229761024,0.3698928379234924,0.2440656998911232,0.3698928379234924,0.2948441363815095,0.2427279598723734,15.03502745223592,4492.883480178192,0.5116351507045552,-0.0711232256444926,495.6174563839808,-0.056261075033242
20171080077,2017,2017,0,2015-2022,472.787379586,50.23320750246087,-76.02650229761024,0.127164878051119,0.3616511484408365,0.3698928379234924,0.2948441363815095,0.2427279598723734,14.00964986967005,4286.0871758682215,0.5294573409297327,-1.096500808210365,288.82115207401114,-0.0384388848080645
20171080077,2017,2018,1,2015-2022,472.787379586,50.23320750246087,-76.02650229761024,0.2244756705698203,0.5176380072302414,0.3698928379234924,0.2948441363815095,0.2427279598723734,16.317557302913304,3910.6069715101394,0.6434602361176692,1.2114066250328932,-86.65905228407198,0.0755640103798719
20171080077,2017,2019,2,2015-2022,472.787379586,50.23320750246087,-76.02650229761024,0.3222841336487809,0.60064948747687,0.3698928379234924,0.2948441363815095,0.2427279598723734,14.688020495499645,4596.455550027457,0.518594558137699,-0.4181301823807704,599.1895262332467,-0.0493016676000983
20171080077,2017,2020,3,2015-2022,472.787379586,50.23320750246087,-76.02650229761024,0.2830723256083652,0.4755875905765336,0.3698928379234924,0.2948441363815095,0.2427279598723734,16.734039850215254,4327.075062973061,0.6668647050816486,1.6278891723348403,329.80903917885024,0.0989684793438513
20171080077,2017,2021,4,2015-2022,472.787379586,50.23320750246087,-76.02650229761024,0.3219403288679882,0.63979187836441,0.3698928379234924,0.2948441363815095,0.2427279598723734,16.264929493613874,3405.297765248024,0.6324435805437083,1.158778815733462,-591.9682585461874,0.064547354805911
20171080077,2017,2022,5,2015-2022,472.787379586,50.23320750246087,-76.02650229761024,0.3850214914082947,0.6726341046022263,0.3698928379234924,0.2948441363815095,0.2427279598723734,15.409037733769075,4129.187598384315,0.522111258270259,0.3028870558886609,131.92157459010355,-0.0457849674675383
20171080077,2017,2023,6,2015-2022,472.787379586,50.23320750246087,-76.02650229761024,0.310552347244494,0.357752525340517,0.3698928379234924,0.2948441363815095,0.2427279598723734,16.960124163499312,3210.0927399118423,0.7327712065928785,1.8539734856189003,-787.1732838823687,0.1648749808550811
20171080077,2017,2024,7,2015-2022,472.787379586,50.23320750246087,-76.02650229761024,0.3926335196395033,0.6454274034592328,0.3698928379234924,0.2948441363815095,0.2427279598723734,17.122130298811957,4275.319220191732,0.6412267533840781,2.0159796209315437,278.0531963975213,0.0733305276462808
20171080077,2017,2025,8,2015-2022,472.787379586,50.23320750246087,-76.02650229761024,0.3144023676914735,0.5876717101125727,0.3698928379234924,0.2948441363815095,0.2427279598723734,15.38636184933274,4781.345358843999,0.545487936545408,0.2802111714523282,784.0793350497877,-0.0224082891923893
20181080368,2018,2015,-3,2015-2022,9754.2,49.08146623344832,-76.32053030991612,0.4863192969055658,0.5683083767717655,0.4863192969055658,0.4589889968614494,0.1601214065300739,15.593513592754013,3791.3726343775456,0.5206668738048044,-0.4362509321823716,-31.89882786655875,-0.0860310724274489
20181080368,2018,2016,-2,2015-2022,9754.2,49.08146623344832,-76.32053030991612,0.5450405581547287,0.3536310978594955,0.4863192969055658,0.4589889968614494,0.1601214065300739,16.06638570059648,4008.9825540033535,0.578020545638244,0.0366211756600947,185.71109175924815,-0.0286774005940092
20181080368,2018,2017,-1,2015-2022,9754.2,49.08146623344832,-76.32053030991612,0.423831069108853,0.4589889968614494,0.4863192969055658,0.4589889968614494,0.1601214065300739,14.957207227209704,3810.57466094461,0.5607309520683808,-1.0725572977266844,-12.696801299495013,-0.0459669941638726
20181080368,2018,2018,0,2015-2022,9754.2,49.08146623344832,-76.32053030991612,0.3261978903754919,0.4589470814121709,0.4863192969055658,0.4589889968614494,0.1601214065300739,17.550147159540256,4364.294842793724,0.7256729945019021,1.520382634603871,541.0233805496184,0.1189750482696487
20181080368,2018,2019,1,2015-2022,9754.2,49.08146623344832,-76.32053030991612,0.1133361043996871,0.3789608862154062,0.4863192969055658,0.4589889968614494,0.1601214065300739,15.96153156826891,4834.9376539589475,0.6165473308029269,-0.0682329566674769,1011.666191714842,0.0098493845706735
20181080368,2018,2020,2,2015-2022,9754.2,49.08146623344832,-76.32053030991612,0.2363265225013895,0.2675573146606313,0.4863192969055658,0.4589889968614494,0.1601214065300739,17.303998105900114,4042.024032703197,0.6633344755296683,1.2742335809637286,218.75257045909163,0.0566365292974149
20181080368,2018,2021,3,2015-2022,9754.2,49.08146623344832,-76.32053030991612,0.2480305816459055,0.4902270065016262,0.4863192969055658,0.4589889968614494,0.1601214065300739,17.26047550796248,3741.411873690176,0.6534552105030635,1.2307109830260965,-81.85958855392822,0.0467572642708101
20181080368,2018,2022,4,2015-2022,9754.2,49.08146623344832,-76.32053030991612,0.3730070995962606,0.6268981314591788,0.4863192969055658,0.4589889968614494,0.1601214065300739,16.169362618369085,4227.95090711894,0.5314854520903336,0.1395980934327001,404.6794448748344,-0.0752124941419198
20181080368,2018,2023,5,2015-2022,9754.2,49.08146623344832,-76.32053030991612,0.1972610920165379,0.103482476771271,0.4863192969055658,0.4589889968614494,0.1601214065300739,17.391821847002106,3547.8589594935943,0.7108905624345401,1.3620573220657182,-275.412502750511,0.1041926162022867
20181080368,2018,2024,6,2015-2022,9754.2,49.08146623344832,-76.32053030991612,0.2773570013645192,0.5898492242312915,0.4863192969055658,0.4589889968614494,0.1601214065300739,17.597622995176973,4068.407483720716,0.6472119568244658,1.5678584702405878,245.1360214766104,0.0405140105922124
20181080368,2018,2025,7,2015-2022,9754.2,49.08146623344832,-76.32053030991612,0.2870776893801046,0.6132765081542539,0.4863192969055658,0.4589889968614494,0.1601214065300739,16.503293159400958,4418.3353208168755,0.6029570507709017,0.4735286344645712,595.0638585727711,-0.0037408954613517
20191080072,2019,2016,-3,2015-2022,5019.4019279,49.230142356709706,-75.35725105185955,0.5918322483951173,0.7324538665374644,0.5918322483951173,0.7324538665374644,0.4628288334373298,16.10449829259524,4301.06727079515,0.5909363725998087,0.0096228208864347,309.6987880570591,-0.0282868071987901
20191080072,2019,2017,-2,2015-2022,5019.4019279,49.230142356709706,-75.35725105185955,0.5956849881015931,0.7636557943684555,0.5918322483951173,0.7324538665374644,0.4628288334373298,15.095893417382106,3879.348108994413,0.582102278822207,-0.9989820543266912,-112.02037374367798,-0.0371209009763917
20191080072,2019,2018,-1,2015-2022,5019.4019279,49.230142356709706,-75.35725105185955,0.5917703605221897,0.7285519794999757,0.5918322483951173,0.7324538665374644,0.4628288334373298,17.501108726359348,4384.445577394868,0.7252300104319119,1.4062332546505485,393.0770946567783,0.1060068306333129
20191080072,2019,2019,0,2015-2022,5019.4019279,49.230142356709706,-75.35725105185955,0.1290034149577874,0.4316310817635551,0.5918322483951173,0.7324538665374644,0.4628288334373298,15.978493988045026,5180.518667346644,0.6229799121002974,-0.1163814836637729,1189.1501846085537,0.0037567323016986
20191080072,2019,2020,1,2015-2022,5019.4019279,49.230142356709706,-75.35725105185955,0.2070412863324885,0.5098036774206937,0.5918322483951173,0.7324538665374644,0.4628288334373298,17.450886987603237,4829.111014933362,0.6903469808223633,1.3560115158944348,837.7425321952711,0.0711238010237645
20191080072,2019,2021,2,2015-2022,5019.4019279,49.230142356709706,-75.35725105185955,0.3457430533059725,0.63477310491406,0.5918322483951173,0.7324538665374644,0.4628288334373298,17.358002287704785,4150.329364981738,0.6768375712064824,1.2631268159959836,158.96088224364658,0.0576143914078835
20191080072,2019,2022,3,2015-2022,5019.4019279,49.230142356709706,-75.35725105185955,0.4433069659252207,0.6543981924111499,0.5918322483951173,0.7324538665374644,0.4628288334373298,16.295415009129385,4543.406276077761,0.5657671216857967,0.2005395374205857,552.0377933396704,-0.053456058112802
20191080072,2019,2023,4,2015-2022,5019.4019279,49.230142356709706,-75.35725105185955,0.3808428426675068,0.6308477348759542,0.5918322483951173,0.7324538665374644,0.4628288334373298,17.44363121324938,3577.321532273492,0.6916147873161999,1.3487557415405813,-414.0469504645987,0.072391607517601
20191080072,2019,2024,5,2015-2022,5019.4019279,49.230142356709706,-75.35725105185955,0.3965139128272198,0.6504079356340389,0.5918322483951173,0.7324538665374644,0.4628288334373298,17.79979755409513,4429.746914135626,0.6761410736848665,1.7049220823863305,438.3784313975346,0.0569178938862677
20191080072,2019,2025,6,2015-2022,5019.4019279,49.230142356709706,-75.35725105185955,0.3065843480490648,0.5566763395075495,0.5918322483951173,0.7324538665374644,0.4628288334373298,16.501581369917357,5028.826767399592,0.6153530684674683,0.4067058982085575,1037.4582846615017,-0.0038701113311305
20211080400,2021,2018,-3,2015-2022,437.789110201,48.53996825634037,-77.82705068146176,0.5450336913119228,0.7139047978303908,0.5292620624196973,0.6972452491036728,0.3478458432869377,18.04189928580024,3661.769102893622,0.7298176792819628,1.4693238157005162,232.8205620325466,0.0960134957254562
20211080400,2021,2019,-2,2015-2022,437.789110201,48.53996825634037,-77.82705068146176,0.5292620624196973,0.6972452491036728,0.5292620624196973,0.6972452491036728,0.3478458432869377,16.581114007424617,3674.47671940149,0.6501881723832273,0.0085385373248918,245.5281785404145,0.0163839888267207
20211080400,2021,2020,-1,2015-2022,437.789110201,48.53996825634037,-77.82705068146176,0.2831785329082916,0.3729495428567407,0.5292620624196973,0.6972452491036728,0.3478458432869377,17.685730144943022,2738.828851696539,0.6876157343276089,1.1131546748432974,-690.1196891645363,0.0538115507711023
20211080400,2021,2021,0,2015-2022,437.789110201,48.53996825634037,-77.82705068146176,0.1814162191327595,0.3885943524349423,0.5292620624196973,0.6972452491036728,0.3478458432869377,17.734813509125672,3140.409077323941,0.6695646111375358,1.1622380390259472,-288.53946353713445,0.0357604275810292
20211080400,2021,2022,1,2015-2022,437.789110201,48.53996825634037,-77.82705068146176,0.0662593683234522,0.451490904835513,0.5292620624196973,0.6972452491036728,0.3478458432869377,16.72951166733452,3683.6640713325937,0.5644261168911212,0.1569361972347955,254.71553047151792,-0.0693780666653853
20211080400,2021,2023,2,2015-2022,437.789110201,48.53996825634037,-77.82705068146176,0.1851986283602776,0.4736854639539279,0.5292620624196973,0.6972452491036728,0.3478458432869377,17.49542876810267,3078.22838336957,0.7081476244920818,0.9228532980029448,-350.72015749150523,0.0743434409355752
20211080400,2021,2024,3,2015-2022,437.789110201,48.53996825634037,-77.82705068146176,0.2717234163240807,0.6073177919243227,0.5292620624196973,0.6972452491036728,0.3478458432869377,17.767494621829712,4590.434999164792,0.6402137503093888,1.1949191517299873,1161.486458303717,0.0064095667528821
20211080400,2021,2025,4,2015-2022,437.789110201,48.53996825634037,-77.82705068146176,0.322348838329295,0.6415890654686827,0.5292620624196973,0.6972452491036728,0.3478458432869377,17.070378233038866,3795.0837604772864,0.6281258208376205,0.4978027629391413,366.1352196162111,-0.0056783627188861
20231080245,2023,2020,-3,2023+,6254.35826371,48.45899314965766,-76.92219766169195,0.302726629656483,0.3027171416346801,0.3651873525560222,0.4101641731515113,0.1015167689356291,17.562289124469153,3332.0248971165006,0.6742102218591955,1.135628388149721,-365.3750153004468,0.0542406109645125
20231080245,2023,2021,-2,2023+,6254.35826371,48.45899314965766,-76.92219766169195,0.3651873525560222,0.4101641731515113,0.3651873525560222,0.4101641731515113,0.1015167689356291,17.699968590240385,3183.9588926545293,0.6704030787897255,1.273307853920949,-513.4410197624184,0.0504334678950424
20231080245,2023,2022,-1,2023+,6254.35826371,48.45899314965766,-76.92219766169195,0.5293165192051354,0.7089627418165457,0.3651873525560222,0.4101641731515113,0.1015167689356291,16.543110069845447,4067.290433872907,0.5499621544300799,0.1164493335260083,369.89052145595855,-0.0700074564646029
20231080245,2023,2023,0,2023+,6254.35826371,48.45899314965766,-76.92219766169195,0.263670583620393,0.2129255537946246,0.3651873525560222,0.4101641731515113,0.1015167689356291,17.469701012975413,3768.583090623634,0.6912002414501469,1.04304027665598,71.1831782066864,0.0712306305554638
20231080245,2023,2024,1,2023+,6254.35826371,48.45899314965766,-76.92219766169195,0.1991554433810481,0.5448918214806058,0.3651873525560222,0.4101641731515113,0.1015167689356291,17.677026267739095,3840.261199603466,0.6265801132619289,1.250365531419655,142.86128718651875,0.0066105023672458
20231080245,2023,2025,2,2023+,6254.35826371,48.45899314965766,-76.92219766169195,0.2597833118742729,0.5996010309412797,0.3651873525560222,0.4101641731515113,0.1015167689356291,16.910753472008196,4379.3552703168725,0.6124110131193983,0.484092735688759,681.955357899925,-0.0075585977752846
20231080248,2023,2020,-3,2023+,6835.39579096,47.970908058064985,-75.78857208385215,0.4660005089158602,0.5372333614546957,0.4980970972836039,0.5916700673831536,0.226736252612144,17.367229239145956,4394.784076925802,0.6170648193948688,1.0434897372112353,743.3826699959959,0.0316851019731632
20231080248,2023,2021,-2,2023+,6835.39579096,47.970908058064985,-75.78857208385215,0.5216379294611514,0.639007267012293,0.4980970972836039,0.5916700673831536,0.226736252612144,17.7052167657493,3625.336651496557,0.644912465115562,1.3814772638145776,-26.064755433249047,0.0595327476938564
20231080248,2023,2022,-1,2023+,6835.39579096,47.970908058064985,-75.78857208385215,0.4980970972836039,0.5916700673831536,0.4980970972836039,0.5916700673831536,0.226736252612144,16.463278084907017,3701.255965005536,0.5279219479771253,0.1395385829722961,49.85455807573044,-0.0574577694445802
20231080248,2023,2023,0,2023+,6835.39579096,47.970908058064985,-75.78857208385215,0.2713608446714599,0.4509490775385426,0.4980970972836039,0.5916700673831536,0.226736252612144,17.200642231927418,5188.219944990998,0.6021172803689282,0.8769027299926968,1536.8185380611917,0.0167375629472226
20231080248,2023,2024,1,2023+,6835.39579096,47.970908058064985,-75.78857208385215,0.2325420602928034,0.4864130159634662,0.4980970972836039,0.5916700673831536,0.226736252612144,17.613722295346463,3848.629103001805,0.5951518305584204,1.2899827934117418,197.22769607199916,0.0097721131367147
20231080248,2023,2025,2,2023+,6835.39579096,47.970908058064985,-75.78857208385215,0.3299153796408787,0.6307093747959225,0.4980970972836039,0.5916700673831536,0.226736252612144,16.909048161990427,4340.661184124333,0.5874236718794994,0.5853086600557056,689.259777194527,0.0020439544577938
20231080256,2023,2020,-3,2023+,4673.56850616,49.271854747638585,-76.920109764526,0.5527070850333465,0.7128426241663911,0.5761779269901918,0.7402308421772205,0.3008177347710344,17.305654285375144,4166.872180235339,0.6437220455730885,1.2258292261009125,423.69982803316054,0.0396500236531379
20231080256,2023,2021,-2,2023+,4673.56850616,49.271854747638585,-76.920109764526,0.5761779269901918,0.7402308421772205,0.5761779269901918,0.7402308421772205,0.3008177347710344,17.265659574907687,3377.202717962288,0.6606228092393718,1.1858345156334538,-365.96963423989064,0.0565507873194211
20231080256,2023,2022,-1,2023+,4673.56850616,49.271854747638585,-76.920109764526,0.5996721264628934,0.7715061452104521,0.5761779269901918,0.7402308421772205,0.3008177347710344,16.148496769715173,4460.834507195985,0.5128043981376514,0.0686717104409404,717.6621549938051,-0.0912676237822991
20231080256,2023,2023,0,2023+,4673.56850616,49.271854747638585,-76.920109764526,0.2753601922191573,0.4277422870874791,0.5761779269901918,0.7402308421772205,0.3008177347710344,17.536352311976255,2906.484609497818,0.7492750979683939,1.456527252702024,-836.6877427043613,0.1452030760484432
20231080256,2023,2024,1,2023+,4673.56850616,49.271854747638585,-76.920109764526,0.2305178097859202,0.5839671799593914,0.5761779269901918,0.7402308421772205,0.3008177347710344,17.60277383923457,3831.4928017663856,0.6416422811671938,1.5229487799603334,88.32044956420691,0.0375702592472433
20231080256,2023,2025,2,2023+,4673.56850616,49.271854747638585,-76.920109764526,0.3378944580648834,0.642569931324935,0.5761779269901918,0.7402308421772205,0.3008177347710344,16.497523580032322,4533.576878961882,0.5897943330851141,0.4176985207580915,790.4045267597033,-0.0142776888348363
20231080274,2023,2020,-3,2023+,59882.5607307,49.288271378448336,-75.53494583492473,0.4804716991240154,0.6504051952293333,0.4804716991240154,0.6504051952293333,0.2577876623914029,17.31344669228983,4525.127726101485,0.6605761785802908,1.3562982995131692,558.5908014619218,0.0663679720278359
20231080274,2023,2021,-2,2023+,59882.5607307,49.288271378448336,-75.53494583492473,0.5585874482749742,0.7149035351625586,0.4804716991240154,0.6504051952293333,0.2577876623914029,17.210782156126406,4068.919833923053,0.6485713579168695,1.253633763349739,102.3829092834895,0.0543631513644143
20231080274,2023,2022,-1,2023+,59882.5607307,49.288271378448336,-75.53494583492473,0.4746186132667279,0.5566454887590279,0.4804716991240154,0.6504051952293333,0.2577876623914029,16.157422256611298,4484.276795725328,0.5359686601620294,0.2002738638346376,517.7398710857642,-0.0582395463904257
20231080274,2023,2023,0,2023+,59882.5607307,49.288271378448336,-75.53494583492473,0.2226840367326125,0.5039093148750626,0.4804716991240154,0.6504051952293333,0.2577876623914029,17.353483800262254,3542.216319280679,0.6773472677002713,1.396335407485594,-424.32060535888513,0.083139061147816
20231080274,2023,2024,1,2023+,59882.5607307,49.288271378448336,-75.53494583492473,0.1835624761062978,0.4726572809172069,0.4804716991240154,0.6504051952293333,0.2577876623914029,17.658077684271955,4434.610412265521,0.6448240769837705,1.7009292914952934,468.0734876259572,0.0506158704313154
20231080274,2023,2025,2,2023+,59882.5607307,49.288271378448336,-75.53494583492473,0.2304262412264122,0.4745916111109264,0.4804716991240154,0.6504051952293333,0.2577876623914029,16.362202015863204,5005.635754710041,0.5879030237670686,0.4050536230865389,1039.0988300704778,-0.0063051827853864
20231080297,2023,2020,-3,2023+,15186.4776252,48.0861695911077,-76.99734085665115,0.2832110490326661,0.308581909518192,0.2832110490326661,0.308581909518192,0.0370649530933136,17.86870719982736,3241.9594438705976,0.6630576312564681,1.0509153735610424,-386.6579892390829,0.0404862571908553
20231080297,2023,2021,-2,2023+,15186.4776252,48.0861695911077,-76.99734085665115,0.2675415860222502,0.2460650008567327,0.2832110490326661,0.308581909518192,0.0370649530933136,18.175814689512443,2644.13756132427,0.6853525213463697,1.358022863246126,-984.4798717854112,0.0627811472807569
20231080297,2023,2022,-1,2023+,15186.4776252,48.0861695911077,-76.99734085665115,0.5878841242100658,0.7305373653465012,0.2832110490326661,0.308581909518192,0.0370649530933136,16.991186548186217,3610.1869322788584,0.5634695085026561,0.1733947219198994,-18.430500830822165,-0.0591018655629566
20231080297,2023,2023,0,2023+,15186.4776252,48.0861695911077,-76.99734085665115,0.2461460959393524,0.1581488811906631,0.2832110490326661,0.308581909518192,0.0370649530933136,17.74819434341741,4367.283170400862,0.6671736213314285,0.9304025171510952,738.6657372911816,0.0446022472658158
20231080297,2023,2024,1,2023+,15186.4776252,48.0861695911077,-76.99734085665115,0.1602234969498217,0.5195722709883754,0.2832110490326661,0.308581909518192,0.0370649530933136,17.965190294053833,3575.7396735083257,0.6205309748794573,1.1473984677875149,-52.87775960135456,-0.0020403991861554
20231080297,2023,2025,2,2023+,15186.4776252,48.0861695911077,-76.99734085665115,0.23829178207531,0.5800740368317392,0.2832110490326661,0.308581909518192,0.0370649530933136,17.388369956045445,3662.6977945596254,0.6252809820746558,0.5705781297791253,34.080361449944384,0.0027096080090431
20231080314,2023,2020,-3,2023+,100959.934441,49.55081390958307,-76.89857538733148,0.4277428228312623,0.5527357287591045,0.5683761247801351,0.7305004358217114,0.2910291910549179,17.096940751116918,4454.562010410709,0.6233840491348948,1.336041373564193,594.4645555829635,0.0475486493738081
20231080314,2023,2021,-2,2023+,100959.934441,49.55081390958307,-76.89857538733148,0.5683761247801351,0.7305004358217114,0.5683761247801351,0.7305004358217114,0.2910291910549179,16.973952455965108,3143.087697606754,0.6402270127604686,1.2130530784123874,-717.0097572209922,0.0643916129993819
20231080314,2023,2022,-1,2023+,100959.934441,49.55081390958307,-76.89857538733148,0.6191436174505993,0.7773808278183704,0.5683761247801351,0.7305004358217114,0.2910291910549179,15.91274448981079,4368.080740709807,0.4935136213741224,0.1518451122580645,507.9832858820618,-0.0823217783869643
20231080314,2023,2023,0,2023+,100959.934441,49.55081390958307,-76.89857538733148,0.2773469337252172,0.3417942574353141,0.5683761247801351,0.7305004358217114,0.2910291910549179,17.380993068065987,3023.5052323720215,0.734170782115473,1.6200936905132652,-836.5922224557236,0.1583353823543864
20231080314,2023,2024,1,2023+,100959.934441,49.55081390958307,-76.89857538733148,0.1445274349703737,0.535159400510315,0.5683761247801351,0.7305004358217114,0.2910291910549179,17.400932364834585,3757.7246673870295,0.6145107473805034,1.6400329872818642,-102.37278744071716,0.0386753476194166
20231080314,2023,2025,2,2023+,100959.934441,49.55081390958307,-76.89857538733148,0.2539006961923101,0.5898457754872583,0.5683761247801351,0.7305004358217114,0.2910291910549179,16.112418677448932,5153.9516150329755,0.5470493767726855,0.3515192998962079,1293.8541602052285,-0.0287860229884013
20231080344,2023,2020,-3,2023+,346475.642853,48.910668401799335,-76.39295136002688,0.3632565891833829,0.3945147422652483,0.4883032722494516,0.5898490256832589,0.2500293352901941,17.357620809924942,3888.707300172368,0.6625009273215055,1.2276587444270972,150.65299081305568,0.053858318217832
20231080344,2023,2021,-2,2023+,346475.642853,48.910668401799335,-76.39295136002688,0.4883032722494516,0.5898490256832589,0.4883032722494516,0.5898490256832589,0.2500293352901941,17.36727398037893,3560.316993184956,0.6573728664012796,1.2373119148810818,-177.73731617435612,0.048730257297606
20231080344,2023,2022,-1,2023+,346475.642853,48.910668401799335,-76.39295136002688,0.5429985216248264,0.6914614180225153,0.4883032722494516,0.5898490256832589,0.2500293352901941,16.25053639793532,4183.543262441854,0.5343073354310722,0.1205743324374774,445.4889530825406,-0.0743352736726011
20231080344,2023,2023,0,2023+,346475.642853,48.910668401799335,-76.39295136002688,0.2382739369592574,0.2382643883185708,0.4883032722494516,0.5898490256832589,0.2500293352901941,17.41557704556204,3545.219747496047,0.7059894779865767,1.285614980064193,-192.8345618632657,0.0973468688829035
20231080344,2023,2024,1,2023+,346475.642853,48.910668401799335,-76.39295136002688,0.2304750982295372,0.5664218614080169,0.4883032722494516,0.5898490256832589,0.2500293352901941,17.62868849345579,3994.4605902037583,0.6423990710029719,1.498726427957945,256.4062808444459,0.0337564618992985
20231080344,2023,2025,2,2023+,346475.642853,48.910668401799335,-76.39295136002688,0.300787120970976,0.60549358103845,0.4883032722494516,0.5898490256832589,0.2500293352901941,16.606368110516442,4470.841748303872,0.6042369803932415,0.4764060450185972,732.7874389445583,-0.0044056287104319
20231080370,2023,2020,-3,2023+,1970.01515506,49.2401755575132,-75.3177908737874,0.5683019715988433,0.7207970255617066,0.5762380122445632,0.6973413733590812,0.3537847757218492,17.471710783754634,4802.312230709074,0.691478334722964,1.3643866789029109,800.3112149428388,0.0720987877542736
20231080370,2023,2021,-2,2023+,1970.01515506,49.2401755575132,-75.3177908737874,0.5878999928747983,0.6973413733590812,0.5762380122445632,0.6973413733590812,0.3537847757218492,17.368711106651617,4172.563142319015,0.6770865531455877,1.26138700179989,170.5621265527802,0.0577070061768974
20231080370,2023,2022,-1,2023+,1970.01515506,49.2401755575132,-75.3177908737874,0.5762380122445632,0.6621861079702354,0.5762380122445632,0.6973413733590812,0.3537847757218492,16.309469098015892,4592.224935368639,0.5663541743477969,0.2021449931641659,590.2239196024034,-0.0530253726208933
20231080370,2023,2023,0,2023+,1970.01515506,49.2401755575132,-75.3177908737874,0.2224532365227139,0.5059654151282803,0.5762380122445632,0.6973413733590812,0.3537847757218492,17.465346046159922,3557.157383714467,0.6929431760305543,1.3580219413081966,-444.8436320517691,0.0735636290618641
20231080370,2023,2024,1,2023+,1970.01515506,49.2401755575132,-75.3177908737874,0.3183344294478584,0.5838748962352576,0.5762380122445632,0.6973413733590812,0.3537847757218492,17.816731852269736,4396.990376986866,0.6766028795381611,1.7094077474180134,394.9893612206308,0.0572233325694708
20231080370,2023,2025,2,2023+,1970.01515506,49.2401755575132,-75.3177908737874,0.3339654678269721,0.5839520257921519,0.5762380122445632,0.6973413733590812,0.3537847757218492,16.51056519803,5053.23541723314,0.6155423458662558,0.403241093178278,1051.234401466904,-0.0038372011024346
20231080372,2023,2020,-3,2023+,1972.80973855,48.76999807357943,-75.24119861778657,0.5136975013056058,0.7168008771744803,0.5136975013056058,0.7168008771744803,0.3241821856948518,17.249922336357272,5244.362375103023,0.6476780115836461,1.246838589912472,1401.160205744509,0.0591078303465162
20231080372,2023,2021,-2,2023+,1972.80973855,48.76999807357943,-75.24119861778657,0.5606111836821859,0.7441509030793859,0.5136975013056058,0.7168008771744803,0.3241821856948518,17.333565157738295,3624.9894803577017,0.6501043833622513,1.3304814112934968,-218.2126890008126,0.0615342021251214
20231080372,2023,2022,-1,2023+,1972.80973855,48.76999807357943,-75.24119861778657,0.4277886057800285,0.2402000531621284,0.5136975013056058,0.7168008771744803,0.3241821856948518,16.206929129448504,4375.719342135987,0.5344324227153762,0.2038453830037045,532.5171727774732,-0.0541377585217536
20231080372,2023,2023,0,2023+,1972.80973855,48.76999807357943,-75.24119861778657,0.189515315610754,0.4004776262803218,0.5136975013056058,0.7168008771744803,0.3241821856948518,17.218173101673965,4338.524936859323,0.643684822775226,1.2150893552291675,495.3227675008084,0.0551146415380961
20231080372,2023,2024,1,2023+,1972.80973855,48.76999807357943,-75.24119861778657,0.177677569818558,0.4628937754574035,0.5136975013056058,0.7168008771744803,0.3241821856948518,17.627018754378618,4537.151030282623,0.6352934965829145,1.623935007933813,693.948860924109,0.0467233153457847
20231080372,2023,2025,2,2023+,1972.80973855,48.76999807357943,-75.24119861778657,0.2793042919314503,0.5723368782887583,0.5136975013056058,0.7168008771744803,0.3241821856948518,16.497162057351396,4786.783727894222,0.5874374174166458,0.4940783109065946,943.5815585357076,-0.001132763820484
20231080373,2023,2020,-3,2023+,17532.6549894,48.91120605817862,-75.18564142374618,0.4961059827006132,0.6659896699197327,0.4961059827006132,0.6659896699197327,0.250081985842717,17.215860725643626,5146.484506845544,0.6567574032008524,1.287450538753817,1259.1038591951556,0.0656984119912488
20231080373,2023,2021,-2,2023+,17532.6549894,48.91120605817862,-75.18564142374618,0.5644644999335466,0.7363759786748113,0.4961059827006132,0.6659896699197327,0.250081985842717,17.2470407529973,3949.194238023524,0.6510248624090166,1.318630566107495,61.81359037313613,0.0599658711994131
20231080373,2023,2022,-1,2023+,17532.6549894,48.91120605817862,-75.18564142374618,0.4511476347866681,0.3242395561066888,0.4961059827006132,0.6659896699197327,0.250081985842717,16.134576640632762,4174.286649328314,0.5379301448734056,0.2061664537429584,286.90600167792417,-0.053128846336198
20231080373,2023,2023,0,2023+,17532.6549894,48.91120605817862,-75.18564142374618,0.2460239968578961,0.5488206386148515,0.4961059827006132,0.6659896699197327,0.250081985842717,17.172286190371587,4088.820542625194,0.6474536239312358,1.243876003481782,201.4398949748054,0.0563946327216321
20231080373,2023,2024,1,2023+,17532.6549894,48.91120605817862,-75.18564142374618,0.167942519358115,0.4863528206848394,0.4961059827006132,0.6659896699197327,0.250081985842717,17.583175001866266,4422.541097007468,0.6397024101519275,1.6547648149764596,535.1604493570792,0.0486434189423237
20231080373,2023,2025,2,2023+,17532.6549894,48.91120605817862,-75.18564142374618,0.2480609211330271,0.5292683781791838,0.4961059827006132,0.6659896699197327,0.250081985842717,16.388080666425957,4823.148945352178,0.5866258859245688,0.4596704795361499,935.7682977017907,-0.0044331052850348
20231080382,2023,2020,-3,2023+,1542.08456452,48.30730490729245,-76.11190348056473,0.3339067190819985,0.455017852915843,0.4433681851820182,0.5568082074035215,0.238427909537662,17.472101771842564,3491.8545103629926,0.658924021951029,1.145640878601893,-38.16422012469279,0.0511272719315172
20231080382,2023,2021,-2,2023+,1542.08456452,48.30730490729245,-76.11190348056473,0.5117353212585399,0.6659471035872241,0.4433681851820182,0.5568082074035215,0.238427909537662,17.72679721983431,2848.6407423198216,0.6774891799770683,1.4003363265936415,-681.3779881678636,0.0696924299575565
20231080382,2023,2022,-1,2023+,1542.08456452,48.30730490729245,-76.11190348056473,0.4433681851820182,0.5568082074035215,0.4433681851820182,0.5568082074035215,0.238427909537662,16.501079285780754,3644.8566987700056,0.5496131383106402,0.1746183925400842,114.83796828232072,-0.0581836117088715
20231080382,2023,2023,0,2023+,1542.08456452,48.30730490729245,-76.11190348056473,0.2049402756443562,0.4472551232318677,0.4433681851820182,0.5568082074035215,0.238427909537662,17.367553923786566,4488.668959652157,0.6562620013551527,1.0410930305458963,958.6502291644724,0.048465251335641
20231080382,2023,2024,1,2023+,1542.08456452,48.30730490729245,-76.11190348056473,0.2558042485758344,0.5761371028850958,0.4433681851820182,0.5568082074035215,0.238427909537662,17.687573818097412,4011.67061193672,0.6266142638487323,1.3611129248567422,481.6518814490362,0.0188175138292205
20231080382,2023,2025,2,2023+,1542.08456452,48.30730490729245,-76.11190348056473,0.3457516458880447,0.6465266010022916,0.4433681851820182,0.5568082074035215,0.238427909537662,16.89527996323784,4181.817056507349,0.6111875896147367,0.5688190699971697,651.7983260196639,0.003390839595225
20231080449,2023,2020,-3,2023+,28551.5522298,49.17581519180894,-75.11939624118394,0.4902343310545675,0.6503885928205323,0.5566346808416992,0.6503885928205323,0.3339651366772231,17.350450899319345,4831.290916780952,0.6775100996493045,1.3495889603072169,864.8809680231816,0.0735117301091986
20231080449,2023,2021,-2,2023+,28551.5522298,49.17581519180894,-75.11939624118394,0.5605501072089963,0.7227389312514269,0.5566346808416992,0.6503885928205323,0.3339651366772231,17.274819303310714,4289.929211738404,0.6613931590991882,1.2739573642985866,323.51926298063194,0.0573947895590822
20231080449,2023,2022,-1,2023+,28551.5522298,49.17581519180894,-75.11939624118394,0.5566346808416992,0.6445604925955898,0.5566346808416992,0.6503885928205323,0.3339651366772231,16.21119086912657,4392.689610137902,0.5527915557120876,0.2103289301144385,426.27966138013016,-0.0512068138280184
20231080449,2023,2023,0,2023+,28551.5522298,49.17581519180894,-75.11939624118394,0.222669544164476,0.5430175675208997,0.5566346808416992,0.6503885928205323,0.3339651366772231,17.318750411206633,3698.699963133947,0.668129300924986,1.3178884721944997,-267.70998562382374,0.0641309313848799
20231080449,2023,2024,1,2023+,28551.5522298,49.17581519180894,-75.11939624118394,0.230472662371956,0.5175711710343672,0.5566346808416992,0.6503885928205323,0.3339651366772231,17.702623909140687,4221.222139708958,0.6563742267813395,1.7017619701285602,254.81219095118664,0.0523758572412334
20231080449,2023,2025,2,2023+,28551.5522298,49.17581519180894,-75.11939624118394,0.2753954037561805,0.556652198448867,0.5566346808416992,0.6503885928205323,0.3339651366772231,16.405365969180878,4970.214176196402,0.5972230824978315,0.4045040301687513,1003.8042274386316,-0.0067752870422745
20231080481,2023,2020,-3,2023+,623.271076977,49.03908526771719,-75.32500332369678,0.3769892205086118,0.3301665347044356,0.4433617447967761,0.5018241838934956,0.1483641441775262,17.340754488240133,5063.520810980785,0.6670140987661429,1.313771251795173,1140.585294887777,0.0673827493623287
20231080481,2023,2021,-2,2023+,623.271076977,49.03908526771719,-75.32500332369678,0.525263482843932,0.7167188226096937,0.4433617447967761,0.5018241838934956,0.1483641441775262,17.310515442908095,4120.707219645349,0.656489999485464,1.2835322064631352,197.7717035523417,0.0568586500816497
20231080481,2023,2022,-1,2023+,623.271076977,49.03908526771719,-75.32500332369678,0.4433617447967761,0.5018241838934956,0.4433617447967761,0.5018241838934956,0.1483641441775262,16.217511388990637,4185.6902479714945,0.5452247993723659,0.1905281525456783,262.75473187848706,-0.0544065500314483
20231080481,2023,2023,0,2023+,623.271076977,49.03908526771719,-75.32500332369678,0.2949976006192499,0.6190850510630344,0.4433617447967761,0.5018241838934956,0.1483641441775262,17.323195105474383,3737.172679213013,0.6677080491910431,1.2962118690294222,-185.76283687999504,0.0680766997872289
20231080481,2023,2024,1,2023+,623.271076977,49.03908526771719,-75.32500332369678,-0.0058827084268035,0.4042976574754147,0.4433617447967761,0.5018241838934956,0.1483641441775262,17.69857065689164,4612.504171105079,0.6516292102297657,1.6715874204466774,689.5686550120719,0.0519978608259514
20231080481,2023,2025,2,2023+,623.271076977,49.03908526771719,-75.32500332369678,0.13465801396036,0.439214833319193,0.4433617447967761,0.5018241838934956,0.1483641441775262,16.462640390534357,4827.884527799668,0.5948804931221303,0.435657154089395,904.9490117066608,-0.0047508562816839
20231080488,2023,2020,-3,2023+,31040.8922428,50.22278408257616,-78.00687702738651,0.3235471875096562,0.1841086032449525,0.4266953328977708,0.5017759875370628,0.139450765946419,16.860993038398647,3989.232658263731,0.6459561637328908,1.4148115876792051,523.0158061517009,0.0644604838641402
20231080488,2023,2021,-2,2023+,31040.8922428,50.22278408257616,-78.00687702738651,0.5089203012047352,0.635935025341404,0.4266953328977708,0.5017759875370628,0.139450765946419,16.305181736877046,3246.362465240029,0.6229650312854546,0.8590002861576043,-219.8543868720012,0.041469351416704
20231080488,2023,2022,-1,2023+,31040.8922428,50.22278408257616,-78.00687702738651,0.4266953328977708,0.5017759875370628,0.4266953328977708,0.5017759875370628,0.139450765946419,15.904007640783334,3946.600094396551,0.5407365510554891,0.4578261900638924,480.38324228452075,-0.0407591288132613
20231080488,2023,2023,0,2023+,31040.8922428,50.22278408257616,-78.00687702738651,0.2872445669513517,0.5909585476153624,0.4266953328977708,0.5017759875370628,0.139450765946419,16.838036791483603,2609.426646537905,0.6903994765657312,1.3918553407641614,-856.7902055741251,0.1089037966969806
20231080488,2023,2024,1,2023+,31040.8922428,50.22278408257616,-78.00687702738651,0.2051161145295731,0.547842816920298,0.4266953328977708,0.5017759875370628,0.139450765946419,17.410438957767212,3561.1109705238064,0.6738962010250328,1.9642575070477708,94.89411841177616,0.0924005211562822
20231080488,2023,2025,2,2023+,31040.8922428,50.22278408257616,-78.00687702738651,0.2909463885815072,0.5692026220232678,0.4266953328977708,0.5017759875370628,0.139450765946419,15.851420359680615,4245.729848004562,0.5593751138629995,0.4052389089611754,779.5129958925318,-0.0221205660057509
20231080496,2023,2020,-3,2023+,134.245907413,48.58976346575416,-75.77846039238489,0.4503365780054263,0.6308522495805353,0.4945437074231851,0.6460161053011259,0.1886113188335483,17.50374896146252,4047.671902779925,0.6661670867261972,1.17569453935117,488.5072007261447,0.0548078585225134
20231080496,2023,2021,-2,2023+,134.245907413,48.58976346575416,-75.77846039238489,0.4945437074231851,0.6972037931685033,0.4945437074231851,0.6460161053011259,0.1886113188335483,17.663880042753362,3196.9282830059205,0.6740786094800022,1.3358256206420125,-362.2364190478597,0.0627193812763184
20231080496,2023,2022,-1,2023+,134.245907413,48.58976346575416,-75.77846039238489,0.5251205698560072,0.6460161053011259,0.4945437074231851,0.6460161053011259,0.1886113188335483,16.487513464775645,3864.444597583194,0.5538269361715188,0.1594590426642952,305.2798955294138,-0.0575322920321649
20231080496,2023,2023,0,2023+,134.245907413,48.58976346575416,-75.77846039238489,0.3059323885896368,0.2985983083650206,0.4945437074231851,0.6460161053011259,0.1886113188335483,17.445569237418795,4418.536963917141,0.6664454438158816,1.1175148153074446,859.372261863361,0.0550862156121978
20231080496,2023,2024,1,2023+,134.245907413,48.58976346575416,-75.77846039238489,0.2441834636691487,0.5096595078601593,0.4945437074231851,0.6460161053011259,0.1886113188335483,17.807136513530395,4368.227350485178,0.6474083052314229,1.4790820914190448,809.062648431398,0.0360490770277391
20231080496,2023,2025,2,2023+,134.245907413,48.58976346575416,-75.77846039238489,0.3184341668244071,0.5960549380426081,0.4945437074231851,0.6460161053011259,0.1886113188335483,16.853916609114492,4395.820622525794,0.6162728268473681,0.5258621870031419,836.6559204720133,0.0049135986436843
20231080535,2023,2020,-3,2023+,18425.5733451,50.23455001941861,-77.96864610816586,0.3058154199912766,0.3107753834902278,0.5020212338423552,0.6427773049337028,0.1798848262211204,16.899589371335708,3996.655107330966,0.6477121126168565,1.435284872561848,516.0641200016171,0.0654658593718519
20231080535,2023,2021,-2,2023+,18425.5733451,50.23455001941861,-77.96864610816586,0.537051300574018,0.6816422746742808,0.5020212338423552,0.6427773049337028,0.1798848262211204,16.33779485536661,3285.61338856068,0.6244476949704848,0.8734903565927503,-194.97759876866897,0.0422014417254802
20231080535,2023,2022,-1,2023+,18425.5733451,50.23455001941861,-77.96864610816586,0.5020212338423552,0.6427773049337028,0.5020212338423552,0.6427773049337028,0.1798848262211204,15.914551685167396,4004.3432414121226,0.5397663561954092,0.4502471863935362,523.7522540827736,-0.0424798970495953
20231080535,2023,2023,0,2023+,18425.5733451,50.23455001941861,-77.96864610816586,0.3221364076212348,0.6193587213325057,0.5020212338423552,0.6427773049337028,0.1798848262211204,16.90896671958592,2664.4254848806313,0.6965566509693784,1.4446622208120594,-816.1655024487177,0.1143103977243737
20231080535,2023,2024,1,2023+,18425.5733451,50.23455001941861,-77.96864610816586,0.22063502545035,0.5445852603482159,0.5020212338423552,0.6427773049337028,0.1798848262211204,17.438351484658085,3558.55690031931,0.6746753567347347,1.9740469858842251,77.965912989961,0.0924291034897301
20231080535,2023,2025,2,2023+,18425.5733451,50.23455001941861,-77.96864610816586,0.2986847214628798,0.5487458134641525,0.5020212338423552,0.6427773049337028,0.1798848262211204,15.874720751720927,4315.4469814222875,0.5599777852821738,0.4104162529470692,834.8559940929385,-0.0222684679628307
