fire_id,observation_year,summer_temp_c,summer_precip_mm,summer_vpd_kpa,temp_anomaly_c,precip_anomaly_mm,vpd_anomaly_kpa
1985 7098,1984,16.487107952781344,4196.098456787684,0.48699235247480765,-0.5686265024010346,779.204320605053,-0.13005402261643195
1985 7101,1984,15.764354400358343,3484.019820275524,0.5052258338570308,-0.4453291768613177,65.37253838822608,-0.12294222020944223
1986 6155,1984,16.205171724985963,3778.878359028153,0.4978085529638326,-0.4505516960361243,68.76916311850512,-0.11071864670270737
1986 7088,1984,15.401809500537201,3771.7031479872844,0.4817200523752015,-0.332432876352714,-263.0708609133794,-0.10475228958510986
1986 7090,1984,15.101169494157062,3835.4913116068014,0.4756506612838491,-0.29367043043360125,-151.2669469194179,-0.09078929994815363
1985 7098,1985,15.423906877766512,3646.2642767682282,0.5285188141009284,-1.6318275774158657,229.37014058559726,-0.08852756099031123
1985 7101,1985,14.60980050321939,3904.9203259154765,0.5174804762689703,-1.599883074000271,486.27304402817845,-0.11068757779750271
1986 6155,1985,15.092791155110255,4073.504093714516,0.5223132184823831,-1.5629322659118292,363.3948978048685,-0.08621398118415687
1986 7088,1985,14.247999262665461,4281.957559903087,0.5024857250363298,-1.4862431142244525,247.18355100242317,-0.08398661692398139
1986 7090,1985,13.980668997081581,4093.638741625598,0.4998644449009591,-1.4141709275090808,106.88048309937865,-0.06657551633104364
1985 7098,1986,14.988150567593777,3278.615980907766,0.5293160393312347,-2.067583887588601,-138.27815527486518,-0.08773033576000488
1985 7101,1986,14.10323191241946,2938.8185735190787,0.5757737574611659,-2.1064516648002005,-479.8287083682194,-0.052394296605307145
1986 6155,1986,14.523777997205817,3615.6938770184793,0.5185773283117979,-2.1319454238162683,-94.41531889116843,-0.08994987135474192
1986 7088,1986,13.305847516352312,3405.3383381017757,0.5232130213193529,-2.4283948605376002,-629.4356707988879,-0.06325932064095832
1986 7090,1986,12.933911440450448,3201.7308836374973,0.5023790975426804,-2.4609284841402137,-785.0273748887225,-0.06406086368932232
1985 7098,1987,16.950050539210224,4667.624876572991,0.5546565932093459,-0.1056839159721541,1250.7307403903596,-0.0623897818818937
1985 7101,1987,16.031152993354283,4050.8743596442578,0.5861291355323158,-0.17853058386537768,632.2270777569597,-0.0420389185341572
1986 6155,1987,16.45534732929175,4954.650002787647,0.5372664840417587,-0.20037609173033388,1244.5408068779996,-0.07126071562478124
1986 7088,1987,15.365252487232146,3688.7063892692636,0.5619542817864454,-0.3689898896577686,-346.06761963140025,-0.024518060173866093
1986 7090,1987,14.964433894464383,3691.2688890369836,0.5390155627021557,-0.43040603012627865,-295.4893694892359,-0.027424398529847002
1985 7098,1988,16.725843400540555,4615.118697052253,0.6042030510181968,-0.32989105464182344,1198.224560869622,-0.012843324073042783
1985 7101,1988,15.426459767161987,5146.707746898187,0.548320566036918,-0.7832238100576738,1728.060465010889,-0.07984748802955499
1986 6155,1988,16.442301486195024,4286.963742199923,0.6179386114848974,-0.21342193482706132,576.8545462902761,0.009411411818357474
1986 7088,1988,15.04255899747698,4344.893400116292,0.548736697138102,-0.6916833794129327,310.1193912156282,-0.03773564482220916
1986 7090,1988,14.837717859102977,3819.2088564603077,0.5479267317770433,-0.557122065487686,-167.54940206591172,-0.018513229454959326
1985 7098,1989,16.683740192910932,2604.1066452413943,0.6069290147217402,-0.3719942622714463,-812.7874909412367,-0.010117360369499395
1985 7101,1989,15.566789756996059,3871.882951959982,0.5732485736689164,-0.6428938202236019,453.2356700726841,-0.054919480397556675
1986 6155,1989,16.444177892626588,2848.5048062859455,0.6177831417532669,-0.211545528395498,-861.6043896237022,0.00925594208672695
1986 7088,1989,15.466041078213141,2869.173558764163,0.5971018345691679,-0.26820129867677533,-1165.600450136501,0.010629492608856615
1986 7090,1989,15.235195113048063,2745.459729145793,0.5889404232535576,-0.15964481154260005,-1241.2985293804263,0.02250046202155472
1985 7098,1990,16.68843816536065,3036.0404695347647,0.5595001866253994,-0.36729628982172713,-380.85366664786625,-0.05754618846584025
1985 7101,1990,15.93023910937103,3211.295770011912,0.5712636366696954,-0.27944446784863075,-207.35151187538622,-0.05690441739677765
1986 6155,1990,16.39766206157767,3207.2555531918047,0.5596621899181118,-0.258061359444418,-502.8536427178434,-0.04886500974842811
1986 7088,1990,15.592937771158509,3299.982297779923,0.5729704623612508,-0.14130460573140385,-734.7917111207404,-0.013501879599060561
1986 7090,1990,15.311454203926777,3143.110736042157,0.5704780714329825,-0.08338572066388823,-843.6475224840624,0.0040381102009798345
1985 7098,1991,17.717004677869284,3595.367236197827,0.7247447460235362,0.6612702226869054,178.473100015196,0.10769837093229662
1985 7101,1991,16.961995372219405,2572.2205575042344,0.7482824441295806,0.7523117949997449,-846.4267243830636,0.12011439006310753
1986 6155,1991,17.326040986809023,3823.000775060724,0.7313506219505601,0.6703175657869388,112.89157915107656,0.12282342228402013
1986 7088,1991,16.11413533170673,3025.145278953936,0.660717750117016,0.3798929548168196,-1009.6287299467278,0.07424540815670481
1986 7090,1991,15.706692225594777,3117.0214685596357,0.6258167595463856,0.311852301004114,-869.7367899665842,0.059376798314382966
1985 7098,1992,14.422939471922064,3954.5710895594084,0.5305865702525207,-2.6327949832603146,537.6769533767774,-0.08645980483871896
1985 7101,1992,13.696338050952875,3470.0269055005037,0.5911176016762489,-2.513345526266786,51.379623613205695,-0.03705045239022409
1986 6155,1992,14.214932052563201,4034.989064928835,0.5232572031927537,-2.440791368458886,324.87986901918765,-0.08526999647378616
1986 7088,1992,13.30096461470335,3525.1335398707056,0.5183480620354722,-2.433277762186565,-509.6404690299574,-0.06812427992483895
1986 7090,1992,12.903001670593135,3694.4551234885316,0.48054403031300447,-2.4918382539975306,-292.3031350376881,-0.08589593091899825
1985 7098,1993,16.976877128214085,3895.7662866297724,0.5400835613699021,-0.0788573269682935,478.8721504471414,-0.07696281372133751
1985 7101,1993,16.226181858173334,3795.044031444526,0.5633128095740362,0.016498280953673117,376.39674955722785,-0.06485524449243685
1986 6155,1993,16.640034617394857,4050.9781043099065,0.5416933171514166,-0.01568880362722464,340.86890840025836,-0.06683388251512337
1986 7088,1993,16.137942117495896,4266.294613049183,0.5735661671337111,0.40369974060598646,231.52060414851965,-0.01290617482660018
1986 7090,1993,15.93421404770744,4068.994104164652,0.5707992568045368,0.5393741231167783,82.23584563843303,0.004359295572534072
1985 7098,1994,16.314786412059448,3891.226738174705,0.5036133112536313,-0.7409480431229305,474.33260199207416,-0.11343306383760832
1985 7101,1994,15.2562766959702,4022.507527326493,0.493461746109569,-0.9534068812494603,603.8602454391948,-0.13470630795690403
1986 6155,1994,15.968574660757316,4496.506940884672,0.49295480215594056,-0.6871487602647713,786.3977449750237,-0.11557239751059926
1986 7088,1994,14.722757487485765,5117.506444988212,0.4708662189571467,-1.0114848894041457,1082.732436087549,-0.11560612300316467
1986 7090,1994,14.413891480738071,5110.144740233651,0.4692312925476844,-0.980948443852594,1123.386481707432,-0.0972086686843182
1985 7098,1995,18.28822002410891,2635.480972836486,0.7409331505530601,1.2324855689265313,-781.4131633461448,0.12388677546182048
1985 7101,1995,17.480244586778724,2894.6003288875736,0.7700407906520208,1.2705610095590636,-524.0469529997245,0.14187273658554778
1986 6155,1995,18.022750609700438,2369.4879774849333,0.7682620928552472,1.367027188678353,-1340.6212184247145,0.15973489318870723
1986 7088,1995,16.90772464200448,3613.9156370693945,0.7152473342696488,1.1734822651145678,-420.85837183126915,0.12877499230933756
1986 7090,1995,16.531257655172993,3229.894604605426,0.6810227832990015,1.1364177305823322,-756.8636539207932,0.11458282206699878
1985 7098,1996,17.031246052617632,2633.807124982795,0.6081027380957233,-0.024488402564745826,-783.0870111998361,-0.008943636995516258
1985 7101,1996,16.288122680221818,3257.6539818600027,0.6148088952845467,0.0784391030021574,-160.9933000272954,-0.013359158781926284
1986 6155,1996,16.68010794843837,3493.954874574,0.5883967372062135,0.02438452741628478,-216.15432133564792,-0.020130462460326324
1986 7088,1996,15.964673933704262,4921.111275107811,0.6007858483456407,0.23043155681434827,886.3372662071469,0.014313506385329468
1986 7090,1996,15.617052430916958,4645.783649888724,0.5924522319750055,0.22221250632629377,659.0253913625041,0.02601227074300268
1985 7098,1997,16.812558877640924,3531.533200584008,0.6286821833690125,-0.2431755775414537,114.6390644013768,0.011635808277772886
1985 7101,1997,15.787057681705676,3692.4821327548757,0.5919578808350754,-0.4226258955139848,273.83485086757764,-0.036210173231397635
1986 6155,1997,16.288945053856168,3387.1927980338405,0.615710640416821,-0.3667783671659208,-322.91639787580743,0.007183440750281113
1986 7088,1997,15.18480827752441,3511.7555280126007,0.5600332216881025,-0.5494340993655012,-523.0184808880625,-0.026439120272208575
1986 7090,1997,14.767963387470356,3297.2154500656025,0.5419594231390331,-0.6268765371203078,-689.5428084606173,-0.024480538092969684
1985 7098,1998,17.187007418922803,2617.053045345081,0.606800147143678,0.1312729637404253,-799.8410908375499,-0.010246227947561581
1985 7101,1998,16.431062240877054,2812.673348387314,0.6272553133217128,0.22137866365739356,-605.973933499984,-0.0009127407447602209
1986 6155,1998,16.588498839011358,3363.876294419401,0.565029663598418,-0.06722458201072513,-346.23290149024666,-0.04349753606812201
1986 7088,1998,15.962248056012957,3683.6205448982614,0.5832485994157626,0.22800567912304365,-351.1534640024014,-0.003223742544548675
1986 7090,1998,15.594334163832931,3725.5562890360875,0.5552797946664221,0.19949423924226972,-261.20196949013246,-0.011160166565580503
1985 7098,1999,17.717990120597506,4194.647959101914,0.6061630446402608,0.6622556654151275,777.7538229192833,-0.010883330450978779
1985 7101,1999,16.82367293592813,4284.749566245793,0.6176643763351322,0.6139893587084693,866.1022843584951,-0.010503677731340866
1986 6155,1999,17.334295411962245,4405.995617289065,0.6047443233794176,0.6785719909401627,695.8864213794176,-0.0037828762871222857
1986 7088,1999,16.224103364993006,4884.545454851541,0.5811262297193563,0.4898609881030929,849.7714459508767,-0.005346112240954939
1986 7090,1999,15.932772465157226,5006.249150384533,0.575111069431206,0.5379325405665658,1019.4908918583133,0.008671108199203336
1985 7098,2000,15.436930516837322,3004.104236961709,0.5110870414032359,-1.6188039383450565,-412.78989922092205,-0.1059593336880037
1985 7101,2000,14.510607911538386,3275.195075088547,0.5144917630751803,-1.6990756656812742,-143.45220679875092,-0.11367629099129273
1986 6155,2000,15.059468175823593,2848.5223313516776,0.5073074502011954,-1.5962552451984933,-861.5868645579703,-0.10121974946534447
1986 7088,2000,14.216009883905478,3210.108361603215,0.49971656844236134,-1.5182324929844366,-824.6656472974487,-0.08675577351794984
1986 7090,2000,13.965817405095157,3332.005213142566,0.49467088643526785,-1.4290225194955049,-654.753045383654,-0.07176907479673489
1985 7098,2001,17.632457123632037,2401.6037070231278,0.7169367569945704,0.5767226684496585,-1015.2904291595032,0.09989038190333077
1985 7101,2001,16.639469090060913,2768.0716960729796,0.6836713577676735,0.4297855128412529,-650.5755858143184,0.05550330370120049
1986 6155,2001,17.157644887822862,2909.10149656832,0.7161166014108865,0.5019214668007774,-801.0076993413284,0.10758940174434652
1986 7088,2001,16.142097403506476,3447.6595646467913,0.6044808716586979,0.4078550266165645,-587.1144442538726,0.018008529698386736
1986 7090,2001,15.82119765752571,3424.922183608235,0.5753299515692053,0.42635773293504836,-561.836074917984,0.008889990337202544
1985 7098,2002,17.13872785706451,3578.5807400264707,0.6542092366363784,0.08299340188213122,161.68660384383975,0.037162861545138814
1985 7101,2002,16.371767160166883,2774.5583198287454,0.6945697764668941,0.16208358294722203,-644.0889620585526,0.06640172240042108
1986 6155,2002,16.602518087193598,3356.0841472763186,0.6345567392602203,-0.0532053338284868,-354.02504863332894,0.02602953959368041
1986 7088,2002,15.704185325282042,3065.0399252454704,0.6389136647876181,-0.03005705160787047,-969.7340836551926,0.05244132282730686
1986 7090,2002,15.287634815541361,3252.4479689655604,0.6119711938261237,-0.10720510904930303,-734.3102895606595,0.04553123259412108
1985 7098,2003,16.91997850666877,4427.368295861857,0.5980183440081485,-0.13575594851360862,1010.4741596792264,-0.019028031083091146
1985 7101,2003,15.878949613156522,5034.627591742652,0.5851980780624044,-0.33073396406313904,1615.9803098553539,-0.0429699760040686
1986 6155,2003,16.506190714014554,4852.30664801953,0.5755248795331379,-0.14953270700753288,1142.1974521098819,-0.0330023201334021
1986 7088,2003,15.446616355628148,4300.210374865551,0.5709714770991015,-0.2876260212617673,265.43636596488807,-0.01550086486120988
1986 7090,2003,15.154892269979259,4296.006102554473,0.5565339621338361,-0.2399476546114047,309.2478440282529,-0.009905999098166623
1985 7098,2004,15.501929226474488,3647.786655743012,0.5217258002732432,-1.5538052287078905,230.89251956038106,-0.09532057481799638
1985 7101,2004,14.577512864099049,4626.4058466072765,0.5125457079759144,-1.6321707131206118,1207.7585647199785,-0.11562234609055866
1986 6155,2004,15.1459528330252,3728.1245784526964,0.5082546555322457,-1.509770587996886,18.015382543047913,-0.10027254413429429
1986 7088,2004,14.145284718502898,5139.391800474725,0.47296658476196096,-1.5889576583870155,1104.6177915740618,-0.1135057571983502
1986 7090,2004,13.80694699928666,4911.933075634795,0.4620285544559212,-1.5878929253040048,925.1748171085759,-0.10441140677608146
1985 7098,2005,19.268707356936716,2405.77926580546,0.8301003240743924,2.2129729017543376,-1011.114870377171,0.21305394898315277
1985 7101,2005,18.37708987222203,2546.6734664582978,0.8295620117668602,2.167406295002369,-871.9738154290003,0.20139395770038715
1986 6155,2005,18.83374645875082,2636.5916498280667,0.8031081738536945,2.1780230377287353,-1073.5175460815808,0.19458097418715464
1986 7088,2005,17.724164943724535,3060.2665600480154,0.7796588529759146,1.9899225668346172,-974.5074488526483,0.19318651101560352
1986 7090,2005,17.204591211004644,3475.5679597106828,0.7265136261242232,1.8097512864139798,-511.19029881553666,0.1600736648922205
1985 7098,2006,17.391279419608736,3674.3805763481278,0.6869168848492954,0.33554496442635795,257.4864401654968,0.06987050975805575
1985 7101,2006,16.49798391038098,3081.9612938148994,0.7119827229157296,0.2883003331613203,-336.6859880723987,0.08381466884925659
1986 6155,2006,16.935420712948623,4002.8643570906474,0.6576270250053724,0.27969729192653864,292.7551611809995,0.04909982533883253
1986 7088,2006,16.099225229962766,3117.3741242410483,0.6634586011251672,0.36498285307285355,-917.3998846596149,0.07698625916485596
1986 7090,2006,15.856477675455638,2888.4401546246054,0.6529227414180725,0.4616377508649752,-1098.3181039016142,0.08648278018606981
1985 7098,2007,16.7855240351912,3854.4616715974057,0.6033819298034168,-0.27021041999117656,437.56753541477474,-0.013664445287822846
1985 7101,2007,15.897422706217014,3474.4981488204444,0.6422451350531571,-0.3122608710026462,55.850866933146335,0.014077080986684032
1986 6155,2007,16.348315647604423,4298.586749491571,0.6040317245812296,-0.30740777341766384,588.4775535819228,-0.004495475085310328
1986 7088,2007,15.350664218914206,4068.7696586294096,0.6194720506022539,-0.3835781579757031,33.99564972874571,0.03299970864194272
1986 7090,2007,14.98560867389929,4331.052525951435,0.5930281185778206,-0.40923125069137206,344.2942674252157,0.026588157345817896
1985 7098,2008,16.52945537014284,4923.205554979656,0.4463862621059469,-0.5262790850395369,1506.311418797025,-0.1706601129852927
1985 7101,2008,15.751696757993841,4798.877147520695,0.44146272887242605,-0.45798681922581963,1380.229865633397,-0.18670532519404698
1986 6155,2008,16.205888644662267,4603.432921359222,0.44047217331915534,-0.4498347763598202,893.3237254495739,-0.16805502634738456
1986 7088,2008,15.510017673824803,5889.949593720918,0.41994518271044823,-0.224224703065109,1855.1755848202542,-0.16652715924986294
1986 7090,2008,15.224055176179837,5230.907888082915,0.4120465196768835,-0.17078474841082755,1244.149629556695,-0.15439344155511922
1985 7098,2009,16.09785674827691,4030.634645037363,0.5177062793619743,-0.9578777069054674,613.7405088547321,-0.09934009572926528
1985 7101,2009,15.421411188097977,3789.3886804953318,0.5313964950025477,-0.7882723891216834,370.7413986080337,-0.09677155906392532
1986 6155,2009,15.639036214831584,4744.834019777685,0.49349809427042385,-1.0166872061904983,1034.7248238680377,-0.1150291053961161
1986 7088,2009,15.220097994243838,3890.3847200753353,0.5215694382692452,-0.5141443826460741,-144.38928882532886,-0.06490290369106595
1986 7090,2009,14.929081869302172,3577.4813721632295,0.5059043538576127,-0.46575805528849074,-409.2768863629904,-0.060535607374389955
1985 7098,2010,17.89784965515139,2186.0485307359845,0.7261976715066163,0.8421151999690117,-1230.8456054466465,0.10915129641537669
1985 7101,2010,16.935418120674512,2384.6806313330085,0.7065598870221775,0.7257345434548519,-1033.9666505542896,0.07839183295570451
1986 6155,2010,17.2553408212708,2815.567925645327,0.6628176929937921,0.5996174002487148,-894.541270264321,0.05429049332725216
1986 7088,2010,16.220921684836778,3430.908525157644,0.6362713345600844,0.4866793079468653,-603.8654837430194,0.04979899259977344
1986 7090,2010,15.740488165253385,3584.5536046430548,0.5935521126148234,0.34564824066272093,-402.204653883165,0.027112151382820672
1985 7098,2011,17.721811410655164,3891.2427260712298,0.6468343200569767,0.6660769554727857,474.3485898885988,0.029787944965737112
1985 7101,2011,16.848837070188665,2864.4227630630644,0.7029944912155166,0.6391534929690046,-554.2245188242337,0.07482643714904358
1986 6155,2011,17.24546975766982,4219.453608085929,0.6346573487922212,0.589746336647737,509.3444121762809,0.02613014912568136
1986 7088,2011,16.19836295879722,3793.8710863145557,0.6057205250578414,0.464120581907306,-240.90292258610788,0.01924818309753003
1986 7090,2011,15.868838334091606,3679.5861396525647,0.5862515285714907,0.4739984095009431,-307.1721188736549,0.019811567339487843
1985 7098,2012,18.088294407941305,2694.4476107093997,0.7501929985774085,1.0325599527589269,-722.4465254732313,0.1331466234861689
1985 7101,2012,17.23980135710343,2795.614337730736,0.7419053367607229,1.0301177798837706,-623.0329441565618,0.11373728269424987
1986 6155,2012,17.71325361955187,2792.057885763543,0.7540539075251677,1.0575301985297882,-918.0513101461045,0.14552670785862765
1986 7088,2012,16.534625123119763,4027.830038127531,0.6523297713256614,0.8003827462298475,-6.94397077313272,0.06585742936535013
1986 7090,2012,16.175419882069495,4005.3911695865168,0.6152585156243909,0.7805799574788318,18.63291106029716,0.04881855439238818
1985 7098,2013,16.663543934753022,3103.583484153127,0.5627947487029517,-0.39219052042935587,-313.3106520295041,-0.054251626388287955
1985 7101,2013,15.848422961304152,3258.025397742962,0.5745536013266361,-0.3612606159155085,-160.62188414433604,-0.05361445273983689
1986 6155,2013,16.329983955573727,3421.3872772225163,0.5786986904582734,-0.32573946544835686,-288.72191868713173,-0.02982850920826653
1986 7088,2013,15.422328733372812,4076.53353149385,0.5720962593011634,-0.3119136435171022,41.759522593185494,-0.014376082659147844
1986 7090,2013,15.12622927838318,4172.9263322182405,0.558988925948772,-0.2686106462074831,186.1680736920212,-0.007451035283230713
1985 7098,2014,16.559461198336862,3605.799047026547,0.5519703000254568,-0.49627325684551593,188.90491084391624,-0.06507607506578283
1985 7101,2014,15.986369387308798,3554.56159518263,0.5853787831205126,-0.22331418991086238,135.9143132953318,-0.04278927094596041
1986 6155,2014,16.306915707979833,3695.642056832061,0.5627481646981405,-0.3488077130422514,-14.467139077586731,-0.045779034968399426
1986 7088,2014,16.1547450471814,3929.703979968014,0.6023843843392868,0.42050267029148775,-105.07002893264887,0.015912042378975647
1986 7090,2014,15.872480789161463,3728.212689774351,0.5863579285553604,0.47764086457079863,-258.54556875186853,0.019917967323357676
1985 7098,2015,16.529120754850112,3040.5262715610775,0.5180406874783323,-0.5266137003322662,-376.3678646215535,-0.09900568761290729
1985 7101,2015,15.777150823067927,3069.9314351621183,0.5273888536112389,-0.4325327541517332,-348.71584672517974,-0.10077920045523414
1986 6155,2015,16.273956551605618,2896.151718860823,0.5403296546203858,-0.38176686941646826,-813.9574770488249,-0.06819754504615405
1986 7088,2015,15.363800143793126,4077.2492660356634,0.4949405927038625,-0.370442233096788,42.475257135000334,-0.0915317492564488
1986 7090,2015,15.116340548557465,4308.774579837791,0.4906668979734488,-0.27849937603319735,322.01632131157135,-0.07577306325855394
1985 7098,2016,17.274079286879385,3204.808584239068,0.6310571672552763,0.21834483169700647,-212.08555194356313,0.014010792164036667
1985 7101,2016,16.323493880119884,3793.6791049425624,0.6041496852531226,0.11381030290022309,375.03182305526434,-0.0240183688133504
1986 6155,2016,16.861464922132516,3657.8352312976936,0.6301241321425965,0.20574150111043032,-52.27396461195384,0.02159693247605665
1986 7088,2016,15.663982459208636,4738.045699787257,0.5294034678149929,-0.07025991768127786,703.2716908865939,-0.05706887414531836
1986 7090,2016,15.363508627299813,4301.33290038517,0.5197448926630611,-0.03133129729084903,314.5746418589509,-0.04669506856894155
1985 7098,2017,16.142790544205866,2966.8787926406567,0.550891442953077,-0.9129439109765123,-450.0153435419743,-0.06615493213816259
1985 7101,2017,15.154040473440432,3991.716639508397,0.5740851993411685,-1.0556431037792287,573.0693576210988,-0.0540828547253045
1986 6155,2017,15.714082063837733,3571.1145595101093,0.5352037537236489,-0.9416413571843553,-138.99463639953876,-0.07332344594289104
1986 7088,2017,14.683039852647752,4092.2282849494827,0.5528812551879538,-1.0512025242421592,57.45427604881871,-0.033591086772357386
1986 7090,2017,14.388576649864161,4185.458921698864,0.5335847193217055,-1.0062632747264997,198.70066317264536,-0.032855241910297255
1985 7098,2018,18.480919857301615,4494.83139497027,0.7021413091237895,1.4251854021192365,1077.9372587876387,0.08509493403254986
1985 7101,2018,17.664906355263554,3423.8191923199606,0.7389693138777977,1.4552227780438933,5.171910432662571,0.11080125981132471
1986 6155,2018,18.07905986742892,5707.214062875196,0.6888545936568371,1.4233364464068359,1997.1048669655486,0.08032739399029719
1986 7088,2018,17.050644574720398,4132.949161511122,0.6748030535970633,1.3164021978304816,98.17515261045784,0.08833071163675213
1986 7090,2018,16.623382638816224,4194.256240223408,0.6414966543326946,1.2285427142255625,207.4979816971888,0.07505669310069195
1985 7098,2019,17.092089720739864,3670.6675011065713,0.6354866191001193,0.036355265557485694,253.77336492394033,0.01844024400887967
1985 7101,2019,16.20862264080324,3369.8339778331033,0.6392794312113417,-0.0010609364164189117,-48.81330405419476,0.01111137714486865
1986 6155,2019,16.771256898489955,3461.5508857515565,0.6592629815307481,0.11553347746786988,-248.55831015809122,0.05073578186420822
1986 7088,2019,15.442794441964688,4889.073766339278,0.5523043364092894,-0.2914479349252285,854.2997574386142,-0.03416800555102174
1986 7090,2019,14.993844904223016,4648.910169949598,0.5262734563928316,-0.4009950203676473,662.1519114233777,-0.040166504839171065
1985 7098,2020,18.050596539870583,2750.631139468837,0.6596056757452522,0.9948620846882044,-666.2629967137941,0.04255930065401259
1985 7101,2020,17.428581070554458,3080.917735439229,0.6847494043772443,1.2188974933347971,-337.72954644806896,0.05658135031077127
1986 6155,2020,17.622555907951305,3658.8693192435853,0.6371681509800362,0.9668324869292191,-51.23987666606288,0.02864095131349625
1986 7088,2020,17.21430471392877,4116.6439269834,0.6659425543975162,1.4800623370388537,81.86991808273677,0.07947021243720491
1986 7090,2020,16.93860463954645,4177.26598295171,0.6578566551642566,1.543764714955788,190.50772442549064,0.09141669393225392
1985 7098,2021,18.26794409959217,2852.4541452452218,0.6548195120892238,1.2122096444097927,-564.4399909374092,0.037773136997984236
1985 7101,2021,17.296811074795926,3214.914202496377,0.658918257664994,1.0871274975762653,-203.73307939092092,0.030750203598520987
1986 6155,2021,17.99222372749197,2774.946247240703,0.667729575221872,1.3365003064698853,-935.1629486689445,0.0592023755553321
1986 7088,2021,16.929923683079984,3367.273947874818,0.657564043386548,1.195681306190073,-667.5000610258455,0.07109170142623689
1986 7090,2021,16.60636937363527,3574.736581033539,0.6292445716961864,1.2115294490446071,-412.02167749268,0.06280461046418367
1985 7098,2022,17.228493530162893,3289.4607679507926,0.5540302896170866,0.17275907498051524,-127.43336823183836,-0.06301608547415305
1985 7101,2022,16.39147420413252,3917.8417212850645,0.5518175891300444,0.18179062691286063,499.1944393977665,-0.07635046493642861
1986 6155,2022,16.828690651111955,3749.5333426738903,0.5610105194718287,0.17296723008987178,39.42414676424293,-0.047516680194711315
1986 7088,2022,15.960860174888749,4104.327915413804,0.5198581536725897,0.22661779799883564,69.55390651313961,-0.06661418828772141
1986 7090,2022,15.700137238394841,4357.269617471254,0.5235439764444338,0.30529731380417635,370.51135894503415,-0.042895984787568835
1985 7098,2023,17.961140278802418,3300.3132977036885,0.6875928976412077,0.9054058236200397,-116.5808384789425,0.07054652254996807
1985 7101,2023,17.262814941959107,2751.6583027763418,0.7164003342335243,1.0531313647394462,-666.9889791109563,0.08823228016705131
1986 6155,2023,17.461522510239867,4638.054206494482,0.6346368873980406,0.8057990892177839,927.9450105848344,0.026109687731500672
1986 7088,2023,17.487682766677416,3236.5857224826786,0.7506267079574024,1.753440389787501,-798.188286417985,0.16415436599709127
1986 7090,2023,17.077985183759555,3122.0259094882836,0.6905067771728013,1.6831452591688938,-864.7323490379359,0.12406681594079855
1985 7098,2024,18.187882663892708,4609.150995460006,0.6196008243020702,1.1321482087103298,1192.256859277375,0.0025544492108305894
1985 7101,2024,17.574689870640896,4785.509026568981,0.6468674103551665,1.365006293421235,1366.8617446816834,0.01869935628869346
1986 6155,2024,17.700163802240617,3548.861833145405,0.5961546309524131,1.044440381218534,-161.24736276424255,-0.012372568714126841
1986 7088,2024,17.522804690726254,4269.173638515407,0.6366110663730731,1.7885623138363402,234.39962961474444,0.05013872441276183
1986 7090,2024,17.360678971782068,4323.569382110646,0.6354876344417767,1.9658390471914053,336.81112358442596,0.06904767320977401
1985 7098,2025,17.6235318930253,3613.904261223656,0.62286416994051,0.5677974378429234,197.01012504102482,0.0058177948492703635
1985 7101,2025,16.60643054989805,3960.9964389425336,0.593199638223526,0.39674697267838965,542.3491570552355,-0.034968415842947076
1986 6155,2025,17.25468740156117,3616.3347881772606,0.6197848453145633,0.5989639805390854,-93.77440773238742,0.011257645648023364
1986 7088,2025,16.037441797039623,5437.512373195012,0.5629139696439791,0.3031994201497077,1402.7383642943478,-0.023558372316331934
1986 7090,2025,15.710418801360731,4872.753202567124,0.55133789961913,0.31557887677006824,885.9949440409046,-0.01510206161287266
1986 7093,1984,15.581741014107804,3731.220116108036,0.48389874490804974,-0.32290484611072734,-212.16423669962765,-0.10295774368255117
1986 7099,1984,15.458283788468526,3883.873726224685,0.4900232793475648,-0.30414375780388614,-179.8703666747024,-0.09509033011224395
1986 7100,1984,15.592289218349777,3888.5798432629495,0.4889465766987978,-0.31799834154652196,-184.6381194810533,-0.10052035448541086
1986 7101,1984,15.124367448930867,3772.0070521239036,0.4800774296739846,-0.31694077156468337,-227.95191527850696,-0.09748890249189039
1986 7106,1984,15.020030297521464,3723.8468407377845,0.48242042136686786,-0.32507402011358144,-300.5675983090201,-0.10152519900295438
1986 7093,1985,14.393310788300683,4285.594337241192,0.4988153160646296,-1.5113350719178484,342.2099844335285,-0.08804117252597134
1986 7099,1985,14.269549960936034,4446.572588145406,0.5039623263702937,-1.492877585336379,382.8284952460189,-0.08115128308951508
1986 7100,1985,14.395136320418203,4541.82518862482,0.5014380259414377,-1.5151512394780955,468.60722588081717,-0.08802890524277096
1986 7101,1985,14.012468915501945,4047.695276786135,0.5055221617710254,-1.4288393049936061,47.73630938372402,-0.07204417039484971
1986 7106,1985,13.894520920254429,4104.74136493955,0.5066918234332826,-1.450583397380617,80.32692589274504,-0.07725379693653961
1986 7093,1986,13.516865516726881,3543.977659442633,0.5245584896951945,-2.3877803434916505,-399.40669336503055,-0.06229799889540648
1986 7099,1986,13.314448787107379,3423.685909358245,0.5174519159582751,-2.447978759165036,-640.0581835411427,-0.06766169350153375
1986 7100,1986,13.497224460822963,3672.5355950514354,0.5228561168428023,-2.4130630990733355,-400.68236769256737,-0.06661081434140637
1986 7101,1986,12.962895674360265,3214.590439860977,0.5117885539958584,-2.478412546135286,-785.3685275414343,-0.06577777817001652
1986 7106,1986,12.831987391175488,3253.8468336923142,0.5142178404180386,-2.513116926459558,-770.5676053544911,-0.06972777995178352
1986 7093,1987,15.549493567709192,3619.8949663223384,0.5582618616176938,-0.3551522925093417,-323.48938648532567,-0.028594626972907117
1986 7099,1987,15.346261825751874,3807.5077650690646,0.5527480539566058,-0.41616572052053746,-256.23632783032303,-0.03236555550320308
1986 7100,1987,15.527533343218408,3607.617507427239,0.5567503151264103,-0.3827542166778901,-465.6004553167636,-0.03271661605779841
1986 7101,1987,15.010414897256984,3626.3623176622286,0.5510110904382066,-0.4308933232385685,-373.59664974018233,-0.026555241727668467
1986 7106,1987,14.932963061002289,3554.640433378152,0.5639884832997161,-0.4121412566327552,-469.7740056686537,-0.01995713707010612
1986 7093,1988,15.175320492059752,4490.878894440009,0.5395854780019602,-0.7293253681587805,547.4945416323463,-0.047271010588640694
1986 7099,1988,15.160896139468939,4174.306929786503,0.5544309362562089,-0.6015314068034721,110.56283688711487,-0.030682673203599898
1986 7100,1988,15.213853972891116,4447.8641401505,0.5434808699513708,-0.696433587005183,374.6461774064974,-0.04598606123283788
1986 7101,1988,14.840641208294564,3854.70316537531,0.5539379100477815,-0.6006670122009875,-145.25580202710054,-0.023628422118093493
1986 7106,1988,14.721550587598076,3830.8259319457525,0.559071595148399,-0.6235537300369711,-193.5885071010534,-0.024874025221423242
1986 7093,1989,15.607048455211109,2945.3891567992746,0.5944402325942341,-0.29759740500742443,-997.9951960083889,0.007583744003633124
1986 7099,1989,15.568591305557606,3083.939009583066,0.6096498410548514,-0.19383624071480754,-979.805083316322,0.02453623159504266
1986 7100,1989,15.658882962102496,3025.2220436483767,0.6038908311687384,-0.25140459779380286,-1047.995919095626,0.014423899984529753
1986 7101,1989,15.26949685268851,2738.4387374463467,0.5991619146885954,-0.1718113678070408,-1261.5202299560635,0.021595582522720435
1986 7106,1989,15.137928661655247,2772.3330035106674,0.5988637996379226,-0.2071756559797991,-1252.0814355361388,0.014918179268100455
1986 7093,1990,15.802936675844624,3228.339739303804,0.5734250046477407,-0.10170918437390938,-715.0446135038599,-0.013431483942860213
1986 7099,1990,15.713281906514949,3373.129789465742,0.5844546834857397,-0.04914563975746313,-690.6143034336465,-0.0006589259740692547
1986 7100,1990,15.840851796191714,3252.417426087032,0.5812309509303746,-0.06943576370458437,-820.800536656971,-0.008235980253834096
1986 7101,1990,15.327159823746738,3159.510812548472,0.5799514485210643,-0.11414839674881458,-840.4481548539383,0.0023851163551892253
1986 7106,1990,15.184363712343163,3218.2496806427757,0.5856854724787112,-0.16074060529187903,-806.1647584040301,0.0017398521088888876
1986 7093,1991,16.303587027563584,2951.446204832908,0.6555456271461693,0.3989411673450518,-991.9381479747557,0.06868913855556838
1986 7099,1991,16.07194221246893,3170.6285980948187,0.6414346993764513,0.30951466619651724,-893.1154948045692,0.05632108991664236
1986 7100,1991,16.268450238048217,3114.042428457079,0.6512919329481512,0.3581626781519187,-959.1755342869237,0.061825001763942566
1986 7101,1991,15.752960295174951,3209.639728499891,0.6380224053387533,0.3116520746794009,-790.3192389025198,0.06045607317287817
1986 7106,1991,15.657103243562828,3205.6630038887324,0.6460728366841828,0.3119989259277825,-818.751435158073,0.06212721631436043
1986 7093,1992,13.484132941844111,3667.79509171954,0.5198411486348068,-2.42051291837442,-275.589261088123,-0.06701533995579412
1986 7099,1992,13.297029132349087,3861.6468485332166,0.49808220360398364,-2.465398413923327,-202.09724436617122,-0.08703140585582513
1986 7100,1992,13.484422219317935,3764.23856042436,0.51377787412408,-2.4258653405783637,-308.97940231964276,-0.07568905706012863
1986 7101,1992,12.95417982959825,3523.538552478162,0.4958985760522562,-2.4871283908973,-476.4204149242493,-0.08166775611361886
1986 7106,1992,12.862263303285607,3479.7514895897625,0.5071291030172691,-2.482841014349439,-544.6629494570427,-0.07681651735255311
1986 7093,1993,16.258674340784193,3861.140034309807,0.5679491049987221,0.35402848056565817,-82.24431849785677,-0.018907383591878803
1986 7099,1993,16.252237674294438,3917.5687647676104,0.5813232646940945,0.48981012802202345,-146.17532813177732,-0.0037903447657143693
1986 7100,1993,16.3178035888119,3856.5290397811295,0.5765586789272706,0.4075160289155999,-216.68892296287322,-0.012908252256938035
1986 7101,1993,15.959278611511397,4187.755005554858,0.5806923706062244,0.5179703910158454,187.79603815244693,0.0031260384403494143
1986 7106,1993,15.839158958335869,4440.111787178529,0.5865040116907873,0.49405464070081884,415.69734813172397,0.0025583913209649444
1986 7093,1994,14.919777208732457,4692.385863247839,0.46832267683988466,-0.9848686514860767,749.0015104401751,-0.11853381175071617
1986 7099,1994,14.784752086925806,5028.053936474666,0.47463417108901257,-0.9776754593466056,964.3098435752783,-0.11047943837079627
1986 7100,1994,14.934712532983326,4930.218848814516,0.47303877903053027,-0.9755750269129724,857.0008860705129,-0.11642815215367841
1986 7101,1994,14.436999164146444,5394.436470566371,0.47550156132739774,-1.0043090563491075,1394.47750316396,-0.10206477083847726
1986 7106,1994,14.319309405684233,5565.961424753301,0.4800198378766092,-1.0257949119508116,1541.5469857064961,-0.1039257824932131
1986 7093,1995,17.128059399085952,3357.5741630791995,0.7282504270182598,1.2234135388674205,-585.8101897284646,0.14139393842765896
1986 7099,1995,16.986402477926962,3208.746149385368,0.7218765513561919,1.2239749316545512,-854.9979435140195,0.13676294189638288
1986 7100,1995,17.147231466873848,3403.3901755611814,0.7330706159187089,1.2369439069775492,-669.8277871828213,0.14360368473450025
1986 7101,1995,16.56363270408556,3352.815953704161,0.692789061939015,1.1223244835900072,-647.1430136982501,0.11522272977313998
1986 7106,1995,16.46423901649122,3414.0200622867005,0.70077148108274,1.1191346988561761,-610.3943767601048,0.11682586071291791
1986 7093,1996,16.111454256851932,4807.405124252291,0.595164418990298,0.20680839663340073,864.0207714446263,0.008307930399697155
1986 7099,1996,15.998408286615147,4830.613822329461,0.609370897894575,0.23598074034273334,766.8697294300736,0.024257288434766093
1986 7100,1996,16.135027932429693,4920.940047542771,0.6047736155265035,0.22474037253339496,847.7220847987683,0.015306684342294874
1986 7101,1996,15.682370775326367,4687.286559157052,0.6037746049445435,0.24106255483081634,687.3275917546406,0.026208272778668447
1986 7106,1996,15.588744614596749,4734.268891392878,0.6096052699874009,0.24364029696170453,709.8544523460718,0.025659649617578602
1986 7093,1997,15.32648404973472,3583.9800693832317,0.5529261523586756,-0.578161810483813,-359.40428342443147,-0.03393033623192537
1986 7099,1997,15.138402708615063,3498.715503664343,0.5579782965687611,-0.6240248376573484,-565.0285892350448,-0.027135312891047897
1986 7100,1997,15.3234045595363,3570.1572935205236,0.5588851329248324,-0.5868830003599985,-503.0606692234792,-0.030581798259376236
1986 7101,1997,14.876553760800196,3280.372262078743,0.5576729431984114,-0.5647544596953553,-719.5867053236678,-0.019893388967463524
1986 7106,1997,14.82177344182122,3379.3622588298094,0.5671604647928243,-0.5233308758138252,-645.0521802169968,-0.016785155576997904
1986 7093,1998,16.08575088364261,3300.308499996287,0.5808971354761551,0.18110502342407825,-643.0758528113764,-0.005959353114445764
1986 7099,1998,15.873723271601756,3434.0551358789407,0.5724322953285546,0.11129572532934374,-629.6889570204474,-0.012681314131254279
1986 7100,1998,16.04908300344499,3407.9099180303347,0.5767569699876016,0.1387954435486929,-665.3080447136681,-0.012709961196607056
1986 7101,1998,15.666977549178192,3890.0064866521284,0.5665293253205474,0.2256693286826401,-109.95248075028299,-0.011037006845327569
1986 7106,1998,15.623820293855788,4101.821713108515,0.5777204618814804,0.27871597622074246,77.40727406170868,-0.006225158488341789
1986 7093,1999,16.420736812602037,4994.398780766844,0.5848298386732361,0.516090952383508,1051.0144279591805,-0.00202664991736473
1986 7099,1999,16.297984436453895,5357.342076515046,0.5918142384050142,0.535556890181482,1293.5979836156575,0.006700628945205299
1986 7100,1999,16.427997055606568,5387.889727618514,0.5894818600596492,0.5177094957102693,1314.6717648745116,1.4928875440523015e-05
1986 7101,1999,15.945745340528939,5007.126494143565,0.579418922754493,0.5044371200333859,1007.1675267411546,0.0018525905886180216
1986 7106,1999,15.821052885674197,4885.806808035336,0.5817316188687791,0.47594856803915364,861.3923689885295,-0.002214001501042973
1986 7093,2000,14.380466518446944,3072.0175596460394,0.49743972817641,-1.5241793417715883,-871.3667931616245,-0.08941676041419087
1986 7099,2000,14.326895941269614,3435.97994895568,0.5048931466559223,-1.4355316050027995,-627.7641439437083,-0.08022046280388659
1986 7100,2000,14.415140081488573,3234.4590536145433,0.5027700612811827,-1.4951474784077252,-838.7589091294594,-0.08669686990302594
1986 7101,2000,13.976763685041812,3250.23459568417,0.502154144836157,-1.4645445354537396,-749.7243717182405,-0.075412187329718
1986 7106,2000,13.855652403814897,3306.3338825822366,0.5086399936051966,-1.4894519138201492,-718.0805564645691,-0.07530562676462563
1986 7093,2001,16.296495309979893,3322.2897487580394,0.6108713374722877,0.3918494497613619,-621.0946040496243,0.024014848881686708
1986 7099,2001,16.164516977789194,3672.5327342497435,0.5960701164611636,0.4020894315167828,-391.2113586496441,0.01095650700135476
1986 7100,2001,16.307603254180037,3459.647076115175,0.6089347677749257,0.3973156942837388,-613.5708866288278,0.019467836590717047
1986 7101,2001,15.877570063234437,3291.220518382108,0.5902198885609105,0.4362618427388849,-708.738449020303,0.012653556395035463
1986 7106,2001,15.765009626458943,3311.2917139095516,0.5959204131818677,0.4199053088238977,-713.1227251372538,0.011974792812045549
1986 7093,2002,15.883573458440356,3070.039482377214,0.6406178256742366,-0.02107240177817432,-873.34487043045,0.0537613370836357
1986 7099,2002,15.68736066666432,3446.9492102967793,0.6382739756233503,-0.07506687960809173,-616.7948826026083,0.05316036616354152
1986 7100,2002,15.86416518722757,3346.9991117038694,0.6407908139179571,-0.04612237266872832,-726.2188510401334,0.05132388273374844
1986 7101,2002,15.354884512444041,3130.8978623809844,0.6227899102992229,-0.08642370805150952,-869.0611050214262,0.04522357813334786
1986 7106,2002,15.260382041981883,3005.3530218712094,0.6237736319189159,-0.08472227565315903,-1019.0614171755961,0.03982801154909371
1986 7093,2003,15.614392549086682,4424.551619699675,0.5653860018337651,-0.29025331113184877,481.16726689201084,-0.021470486756835834
1986 7099,2003,15.520510561683176,4477.654374691267,0.5685063292538028,-0.2419169845892353,413.9102817918793,-0.016607280206006096
1986 7100,2003,15.641070841360829,4445.910753233808,0.5704016782882426,-0.26921671853546947,372.6927904898048,-0.019065252895966056
1986 7101,2003,15.178296205944717,4149.365448569769,0.5679924029379435,-0.2630120145508366,149.40648116735812,-0.009573929227931606
1986 7106,2003,15.075160580322397,3902.0674452345565,0.5766242162465678,-0.269943737312651,-122.34699381224887,-0.007321404123254463
1986 7093,2004,14.312334618491862,5065.931723028054,0.4721756764139226,-1.5923112417266676,1122.5473702203901,-0.11468081217667823
1986 7099,2004,14.176329583253937,5005.9824905247115,0.47397037578730267,-1.586097963018477,942.2383976253233,-0.11114323367250625
1986 7100,2004,14.317409334320985,5193.826819118449,0.4748155245219099,-1.5928782255753138,1120.608856374446,-0.11465140666229878
1986 7101,2004,13.870048962813534,4840.859784565364,0.47114908456865584,-1.5712592576820181,840.9008171629529,-0.10641724759721918
1986 7106,2004,13.768617454183854,4656.045753624237,0.4756690548485673,-1.576486863451192,631.6313145774315,-0.1082765655212549
1986 7093,2005,17.960568752766967,2833.6264690251223,0.7880136781287684,2.055922892548433,-1109.7578837825417,0.20115718953816755
1986 7099,2005,17.65422830830906,3135.361321449058,0.7641829681239671,1.8918007620366475,-928.3827714503301,0.1790693586641583
1986 7100,2005,17.90667511622115,3015.8018525758157,0.7830466314958311,1.9963875563248532,-1057.416110168187,0.19357970031162242
1986 7101,2005,17.28212974084472,3535.6975367623663,0.746067089075936,1.840821520349168,-464.2614306400448,0.16850075691006092
1986 7106,2005,17.194304725057194,3605.6818962409507,0.7493334066304126,1.8492004074221469,-418.73254280585513,0.16538778626059022
1986 7093,2006,16.26640875771896,3225.920993315554,0.6591305739921565,0.36176289750042423,-717.4633594921097,0.07227408540155553
1986 7099,2006,16.23193407509611,2859.9918263340032,0.6700107644575263,0.46950652882369964,-1203.7522665653846,0.08489715499771745
1986 7100,2006,16.31380811497786,3085.49594331366,0.667737838177458,0.4035205550815615,-987.7220194303427,0.07827090699324935
1986 7101,2006,15.868081406834643,2971.8250077162616,0.6644060191760537,0.4267731863390917,-1028.13395968615,0.08683968701017869
1986 7106,2006,15.71573159190255,3092.4859585105055,0.6649355807989012,0.3706272742675024,-931.9284805362993,0.08098996042907895
1986 7093,2007,15.55237743644402,4003.3835606741704,0.6239064563201691,-0.3522684237745098,59.99920786650693,0.03704996772956803
1986 7099,2007,15.368430118805533,4202.896596359949,0.6203475265513484,-0.39399742746688,139.15250346056152,0.03523391709153953
1986 7100,2007,15.535484229654514,4121.966491266236,0.6285769598931618,-0.37480333024178414,48.748528522232846,0.03911002870895308
1986 7101,2007,15.01631941128533,4371.658620528376,0.6023335236098557,-0.42498880921021936,371.69965312596395,0.024767191443980617
1986 7106,2007,14.910794312660801,4430.612666386765,0.6047274943791142,-0.4343100049742433,406.19822733996097,0.020781874009291903
1986 7093,2008,15.661559498940479,5704.532747122666,0.4190012490026838,-0.24308636127805414,1761.1483943150015,-0.1678552395879171
1986 7099,2008,15.5462774618416,4915.991027788001,0.4242416415158381,-0.21615008443081352,852.2469348886126,-0.16087196794397085
1986 7100,2008,15.660772951098465,5384.455862949405,0.42112360506672136,-0.24951460879783305,1311.2379002054022,-0.1683433261174873
1986 7101,2008,15.245875755818297,5525.093018027591,0.41598894064606357,-0.19543246467725495,1525.1340506251793,-0.16157739151981146
1986 7106,2008,15.16856166434497,5745.53031150199,0.4236522483231845,-0.17654265329007285,1721.115872455185,-0.16029337204663777
1986 7093,2009,15.335741305622115,3928.6045967143236,0.5183390680020071,-0.5689045545964169,-14.779756093340342,-0.06851742058859377
1986 7099,2009,15.213507073008847,3844.049902877734,0.515798145965215,-0.5489204732635652,-219.69419002165338,-0.06931546349459385
1986 7100,2009,15.3402291228806,3997.006690725694,0.5196051755747199,-0.5700584370156978,-76.21127201830859,-0.06986175560948882
1986 7101,2009,14.990473255969729,3579.9408820854946,0.5193849355867648,-0.4508349645258247,-420.01808531691654,-0.05818139657911019
1986 7106,2009,14.918831498842751,3586.509607822429,0.5311109400533212,-0.4262728187922941,-437.90483122437627,-0.05283468031650099
1986 7093,2010,16.430009612110727,3477.6419052694127,0.6408740094901737,0.5253637518921959,-465.74244753825104,0.05401752089957283
1986 7099,2010,16.18744047395576,3875.6133237135086,0.6265947436875298,0.4250129276833473,-188.13076918587961,0.04148113422772079
1986 7100,2010,16.395318023018262,3818.2272480288298,0.6395109487665688,0.48503046312196396,-254.990714715173,0.0500440175823601
1986 7101,2010,15.80358965265608,3556.167882377454,0.609116617598535,0.3622814321605293,-443.7910850249569,0.03155028543265998
1986 7106,2010,15.738819220838494,3496.310690931129,0.6193876574548823,0.3937149032034482,-528.1037481156771,0.03544203708506002
1986 7093,2011,16.376588725333967,3689.0376955971233,0.6035168558515027,0.47194286511543354,-254.3466572105406,0.016660367260901823
1986 7099,2011,16.23061388305319,3703.251115278138,0.5953911619685172,0.4681863367807799,-360.49297762124974,0.010277552508708283
1986 7100,2011,16.391386535202287,3812.6048737377437,0.6029365968446666,0.4810989753059882,-260.6130890062591,0.01346966566045793
1986 7101,2011,15.927553923884147,3765.62393258059,0.6023900826794745,0.48624570338859685,-234.33503482182059,0.02482375051359935
1986 7106,2011,15.85021009737916,3762.083363093493,0.6188721354478764,0.5051057797441153,-262.3310759533118,0.034926515078054256
1986 7093,2012,16.72886394316949,3963.472157043064,0.6631981031043662,0.8242180829509587,20.087804235400533,0.07634161451376528
1986 7099,2012,16.523252628659055,3920.058565919314,0.6367448465643354,0.760825082386644,-143.6855269800743,0.051631237104526516
1986 7100,2012,16.70996843420943,3925.1726197037406,0.6566440653395822,0.7996808743131307,-148.0453430402622,0.06717713415537352
1986 7101,2012,16.241816243035654,3953.643232280625,0.6335862167920958,0.8005080225401038,-46.31573512178537,0.05601988462622067
1986 7106,2012,16.14627540143684,3787.7559004993323,0.642002971037817,0.8011710838017921,-236.65853854747309,0.058057350667994716
1986 7093,2013,15.559426445256896,3840.723173763341,0.565592434298601,-0.34521941496163405,-102.66117904432262,-0.021264054292000026
1986 7099,2013,15.45256152120165,4192.18127423931,0.5744200641795272,-0.3098660250707633,128.43718133992274,-0.010693545280281672
1986 7100,2013,15.569620559526527,4131.44229558376,0.5719457527192358,-0.3406670003697716,58.22433283975715,-0.01752117846497292
1986 7101,2013,15.15596173180719,4153.429874469212,0.5659804255472685,-0.2853464886883595,153.4709070668012,-0.01158590661860665
1986 7106,2013,15.067545868687906,4054.5554592265426,0.5712082503892848,-0.2775584489471376,30.141020179735467,-0.012737369980537433
1986 7093,2014,16.25464794631107,3902.1945049803667,0.5976720270110958,0.35000208609253725,-41.189847827297356,0.010815538420494975
1986 7099,2014,16.1853299016085,3904.874795156738,0.603008118879317,0.4229023553360857,-158.8692977426502,0.017894509419508285
1986 7100,2014,16.30273848547455,4044.4792068859065,0.6055872040218343,0.3924509255782507,-28.738755858096283,0.016120272837625627
1986 7101,2014,15.94247082680187,3753.6781335426194,0.6017879888750022,0.5011626063063203,-246.28083385979156,0.02422165670912723
1986 7106,2014,15.858019700215443,3950.0012995120896,0.6101609217354683,0.5129153825803979,-74.41313953471648,0.026215301365646145
1986 7093,2015,15.514036727633346,3972.2890510198313,0.4980077857239184,-0.3906091325851841,28.904698212167318,-0.0888487028666826
1986 7099,2015,15.418509510164482,4801.2111222440235,0.49994585385026996,-0.34391803610793054,737.4670293446363,-0.0851677556095389
1986 7100,2015,15.513306457408987,4435.667502457192,0.49942262821195477,-0.39698110248731133,362.44953971318955,-0.09004430297225391
1986 7101,2015,15.153259725296229,4095.8715977442553,0.4979912500278657,-0.28804849519932063,95.91263034184506,-0.07957508213800929
1986 7106,2015,15.066429926991352,3944.2985026752035,0.5008883294447292,-0.2786743906436938,-80.11593637160209,-0.08305729092509305
1986 7093,2016,15.85550726185679,4909.692032238354,0.5351591208252486,-0.04913859836174171,966.3076794306899,-0.05169736776535235
1986 7099,2016,15.705957987416728,4697.642347695467,0.536314902124565,-0.05646955885568765,633.898254796079,-0.04879870733524387
1986 7100,2016,15.845517841283822,4973.108170378687,0.536680617975249,-0.06476971861247627,899.890207634684,-0.052786313208959657
1986 7101,2016,15.3779982961822,4397.732407275284,0.5237667227335222,-0.06330992431335108,397.77343987287213,-0.053799609432352784
1986 7106,2016,15.26220971155708,4531.765172876527,0.5254071624588196,-0.08289460607796564,507.3507338297205,-0.05853845791100269
1986 7093,2017,14.87598627230913,3842.3237005119086,0.5547674929707493,-1.0286595879094034,-101.06065229575546,-0.03208899561985163
1986 7099,2017,14.782605722676177,4008.278775261115,0.5528607050892601,-0.9798218235962343,-55.465317638273156,-0.03225290437054868
1986 7100,2017,14.886603879237555,4027.2161982924645,0.5539464001641103,-1.0236836806587437,-46.00176445153829,-0.035520531020098334
1986 7101,2017,14.40084325810481,4157.01671962377,0.543194805792446,-1.0404649623907405,157.0577522213582,-0.034371526373429044
1986 7106,2017,14.255187001139925,4303.821537892115,0.545572967156605,-1.0899173164951208,279.40709884531094,-0.038372653213217256
1986 7093,2018,17.258114497912825,4085.9337876598715,0.678882158553603,1.3534686376942926,142.54943485220772,0.09202566996300207
1986 7099,2018,17.06022610291646,4217.534313716244,0.6748703145731746,1.2977985566440435,153.79022081685602,0.08975670511336575
1986 7100,2018,17.275416255342805,4197.589781701417,0.6872347847476893,1.365128695446506,124.37181895741469,0.09776785356348061
1986 7101,2018,16.67000699116028,4172.4927599080265,0.6522606231419682,1.2286987706647294,172.53379250561528,0.07469429097609324
1986 7106,2018,16.579677173640352,4125.106575754841,0.6601541772210542,1.234572856005309,100.69213670803528,0.07620855685123194
1986 7093,2019,15.667395006494358,4768.838762749203,0.563539314231884,-0.23725085372417526,825.4544099415392,-0.023317174358716924
1986 7099,2019,15.46674220172831,4997.556475725165,0.5573490492856337,-0.2956853445441021,933.8123828257769,-0.027764560174175335
1986 7100,2019,15.658687921883427,5020.1848009002315,0.5667077847346285,-0.25159963801287155,946.9668381562287,-0.022759146449580214
1986 7101,2019,15.062648616383942,4648.396848732669,0.5345719760317722,-0.37865960411160865,648.4378813302586,-0.04299435613410283
1986 7106,2019,14.96315476362801,4609.170513347448,0.537323451531816,-0.38194955400703384,584.7560743006426,-0.046622168838006295
1986 7093,2020,17.31622424138748,3982.05148144865,0.6558772305042736,1.4115783811689484,38.66712864098649,0.06902074191367262
1986 7099,2020,17.268713399819582,4289.360408862236,0.670666914880063,1.506285853547166,225.61631596284752,0.08555330542025415
1986 7100,2020,17.36957157383796,4169.96049028306,0.667952636561302,1.4592840139416605,96.74252753905694,0.07848570537709332
1986 7101,2020,17.003956318972588,4164.944846000428,0.6695575449770953,1.5626480984770348,164.98587859801725,0.09199121281122016
1986 7106,2020,16.93508960065886,4318.88445884747,0.6762885213481915,1.5899852830238161,294.4700198006647,0.09234290097836936
1986 7093,2021,17.119237428098128,3440.7080806414906,0.657486213677632,1.2145915678795964,-502.6762721661731,0.07062972508703111
1986 7099,2021,16.98554877321749,4052.172300131898,0.6421036730262715,1.2231212269450824,-11.571792767489738,0.05699006356646271
1986 7100,2021,17.13699007587161,3894.0273875295793,0.6556436018117253,1.22670251597531,-179.19057521442346,0.06617667062751664
1986 7101,2021,16.62069534883827,3377.4618611001133,0.642757175051584,1.1793871283427173,-622.4971063022973,0.06519084288570892
1986 7106,2021,16.51008193248,3304.268800190541,0.6519240961449649,1.1649776148449542,-720.1456388562648,0.06797847577514277
1986 7093,2022,16.08304766129385,4084.946814077963,0.5143339990829672,0.1784018010753166,141.56246127029885,-0.07252248950763385
1986 7099,2022,16.01202563451005,4483.214246445951,0.5291255593541805,0.24959808823764046,419.47015354656446,-0.05598805010562834
1986 7100,2022,16.11220032788708,4335.769467014749,0.5230098389849884,0.20191276799078217,262.5515042707466,-0.06645709219922025
1986 7101,2022,15.720412401552105,4257.45462695033,0.5280760573924321,0.27910418105655316,257.4956595479185,-0.0494902747734429
1986 7106,2022,15.625379307207744,4161.330772537409,0.5305631874416485,0.2802749895726989,136.9163334906028,-0.0533824329281736
1986 7093,2023,17.584904801009753,3202.3913229228956,0.7434668381412736,1.6802589407912234,-740.993029884768,0.15661034955067266
1986 7099,2023,17.350832799665447,3278.0286610594694,0.6960240357609003,1.5884052533930357,-785.7154318399186,0.11091042630109148
1986 7100,2023,17.53085215748223,3433.398434005504,0.7210775067887267,1.6205645975859309,-639.8195287384988,0.13161057560451805
1986 7101,2023,17.174733073648973,3159.8333524235395,0.7212723796020045,1.7334248531534213,-840.1256149788713,0.1437060474361295
1986 7106,2023,17.189482601968052,3153.969840685668,0.7534744884237917,1.8443782843330028,-870.4445983611377,0.1695288680539693
1986 7093,2024,17.6181800373106,4065.223021568574,0.6343818664470932,1.7135341770920687,121.83866876091005,0.04752537785649232
1986 7099,2024,17.604046540952552,4229.59783618102,0.6408026479744121,1.8416189946801358,165.85374328163263,0.05568903851460322
1986 7100,2024,17.66447081634965,4355.059060227724,0.6393626150459137,1.7541832564533504,281.84109748372157,0.049895683861705065
1986 7101,2024,17.37171190890224,4418.169572041937,0.6413183829909423,1.9304036884066889,418.21060463952534,0.06375205082506727
1986 7106,2024,17.286879768320905,4483.702637204238,0.6483195590434483,1.9417754506858615,459.28819815743316,0.06437393867362604
1986 7093,2025,16.250232390333938,5305.86509151544,0.5698203664987535,0.345586530115405,1362.4807387077765,-0.017036122091847468
1986 7099,2025,16.100995538896907,5138.033266441367,0.5696844932863939,0.3385679926244909,1074.2891735419794,-0.015429116173414857
1986 7100,2025,16.241544694485867,5306.11705706237,0.572416346807767,0.33125713458956874,1232.8990943183671,-0.01705058437644169
1986 7101,2025,15.717264316507956,4932.949937442482,0.5559099535941138,0.2759560960124054,932.9909700400709,-0.02165637857176126
1986 7106,2025,15.61407170106505,4990.7856033592525,0.5576553551347782,0.2689673834300037,966.3711643124489,-0.026290265235044182
1986 7115,1984,15.133631059460408,3717.9207859230282,0.47415348070155167,-0.33788711236691393,-250.3002944411532,-0.09925909670125077
1988 7169,1984,15.488991393520854,3861.784196983727,0.48656651239402093,-0.3217921040484269,-215.7752195742579,-0.1014989604109297
1992 7079,1984,15.59953524669536,3267.6269406613123,0.5151151399266811,-0.2616670225431416,-273.6089437970467,-0.07911531087582886
19951080515,1984,15.314855242466592,3754.619358735898,0.48026291446911074,-0.3376608023896992,-290.25339023972174,-0.10501397172931748
19951080996,1984,15.711174360909425,4002.4166911577295,0.4976146130032513,-0.37440732380788766,207.57668870683653,-0.11047735328314953
1986 7115,1985,14.017416741356447,4091.2859288673876,0.4945820723802254,-1.4541014304708768,123.06484850320626,-0.07883050502257698
1988 7169,1985,14.30356835182546,4467.977407068472,0.5015849162365223,-1.5072151457438216,390.417990510487,-0.08648055656842836
1992 7079,1985,14.384106876329747,3618.996354487815,0.5042391584909668,-1.477095392908755,77.76047002945604,-0.08999129231154318
19951080515,1985,14.184677371425948,4230.858911129793,0.5036277438275811,-1.467838673430343,185.9861621541736,-0.08164914237084708
19951080996,1985,14.532984964469438,4649.010149765732,0.5155975944084512,-1.5525967202478725,854.17014731484,-0.09249437187794975
1986 7115,1986,12.933881635461727,3359.7534084965296,0.5024366857021978,-2.5376365363655933,-608.4676718676515,-0.0709758917006045
1988 7169,1986,13.392290186152582,3592.443447748311,0.5221516963545374,-2.418493311416701,-485.1159688096738,-0.06591377645041331
1992 7079,1986,13.507946732152096,3492.523321618579,0.5319261716322712,-2.353255537086404,-48.71256283978031,-0.06230427917023882
19951080515,1986,13.193729357788527,3317.1830983231343,0.5203957852954235,-2.4587866870677644,-727.6896506524854,-0.0648811009030047
19951080996,1986,13.842735841942085,3153.3479260800746,0.5424676359861726,-2.242845842775227,-641.4920763708185,-0.06562433030022814
1986 7115,1987,15.09292241705833,3403.004720618433,0.5608002222945583,-0.37859575476899066,-565.216359745748,-0.012612355108244128
1988 7169,1987,15.421709095375943,3645.707661645416,0.5565886299366535,-0.3890744021933362,-431.8517549125687,-0.031476842868297245
1992 7079,1987,15.582019041209694,3779.8172534989667,0.5609267272079781,-0.27918322802880696,238.5813690406076,-0.03330372359453201
19951080515,1987,15.273358184703909,3673.5462804504273,0.5634469708205323,-0.3791578601523824,-371.32646852519247,-0.021829915377895914
19951080996,1987,15.860890141118544,4173.242700089879,0.5699884053299747,-0.22469154359876914,378.4026976389865,-0.03810356095642612
1986 7115,1988,14.808840630992572,3815.060343865864,0.5459433481681528,-0.6626775408347512,-153.16073649831748,-0.02746922923464952
1988 7169,1988,15.126974703378751,4380.257699094765,0.5452372713298054,-0.6838087941905286,302.6982825367803,-0.0428282014751452
1992 7079,1988,14.909496872248146,4286.955352610989,0.5207743345725151,-0.9517053969903552,745.7194681526296,-0.07345611622999494
19951080515,1988,14.977504618271553,4165.6574343791135,0.5521224090325689,-0.6750114265847387,120.78468540349377,-0.033154477165859286
19951080996,1988,15.415396573136553,5277.642876678984,0.5502097242092329,-0.6701851115807586,1482.8028742280908,-0.05788224207716803
1986 7115,1989,15.206732693584208,2801.8511604867995,0.5802004189101854,-0.2647854782431139,-1166.369919877382,0.006787841507383063
1988 7169,1989,15.568638404747913,2961.4734599333815,0.6037532040840129,-0.24214509282136787,-1116.085956624603,0.015687731279062214
1992 7079,1989,15.245190693801272,2890.3614139527676,0.5612591131748684,-0.616011575437231,-650.8744705055915,-0.03297133762764162
19951080515,1989,15.399422512883746,2824.290841028109,0.5966888339057652,-0.2530935319725458,-1220.581907947511,0.011411947707337
19951080996,1989,15.77517424508366,3562.1586701730407,0.6192397836146516,-0.3104074396336502,-232.6813322778522,0.011147817328250608
1986 7115,1990,15.29019958383819,3405.0166090480725,0.5776332096813053,-0.1813185879891304,-563.2044713161082,0.004220632278502852
1988 7169,1990,15.732754209920813,3261.1879344682593,0.5800736516688558,-0.0780292876484684,-816.3714820897255,-0.007991821136094757
1992 7079,1990,15.654162797144657,3725.745420941644,0.5694839244079267,-0.2070394720938418,184.50953648328513,-0.02474652639458324
19951080515,1990,15.497533465122842,3280.5254408121805,0.5761540736648705,-0.1549825797334492,-764.3473081634393,-0.009122812533557845
19951080996,1990,15.98542219663028,3264.2784262542145,0.580927729502313,-0.10015948808702665,-530.5615761966785,-0.02716423678408795
1986 7115,1991,15.779573244589823,3299.861443038191,0.6356995385150621,0.3080550727625055,-668.3596373259901,0.062286961112259745
1988 7169,1991,16.166265493967348,3119.5108969493085,0.651814934399873,0.3554819963980677,-958.0485196086761,0.0637494615949224
1992 7079,1991,16.513857242021334,2680.6041816272486,0.7033440928477377,0.6526549727828318,-860.6317028311107,0.10911364204522761
19951080515,1991,16.01088099410572,3086.1721170552946,0.6570549422587664,0.3583649492494274,-958.7006319203251,0.07177805606033805
19951080996,1991,16.612802916133194,2899.6576032549565,0.6857836285384712,0.5272212314158823,-895.1823991959365,0.0776916622520702
1986 7115,1992,12.976440384708354,3448.1105290775204,0.503817726370835,-2.495077787118964,-520.1105512866607,-0.06959485103196743
1988 7169,1992,13.382300869239915,3739.0704137967155,0.5122458518927313,-2.4284826283293657,-338.4890027612696,-0.07581962091221937
1992 7079,1992,13.300945406458512,3551.0019738243823,0.5518338949501956,-2.560256862779988,9.766089366022928,-0.04239655585231439
19951080515,1992,13.199878974582873,3492.3567379277074,0.5150701017073321,-2.4526370702734184,-552.5160110479123,-0.07020678449109619
19951080996,1992,13.639669612042317,4024.2647984497135,0.5318670254410504,-2.4459120726749934,229.42479599881975,-0.07622494084535043
1986 7115,1993,15.923152987725397,4444.563019355785,0.5756276413782506,0.451634815898078,476.34193899160397,0.002215063975448163
1988 7169,1993,16.23167423595363,3931.8228263979186,0.5763809352519199,0.4208907383843504,-145.73659016006638,-0.011684537553030745
1992 7079,1993,16.030431121998742,3668.374745188152,0.5682719164654255,0.16922885276024136,127.13886072979261,-0.025958534337084584
19951080515,1993,16.085335716302893,4390.422496463692,0.5774288739316009,0.4328196714466017,345.5497474880726,-0.007848012266827409
19951080996,1993,16.21478392329801,3859.123987784785,0.5638259253001597,0.12920223858070226,64.28398533389202,-0.04426604098624117
1986 7115,1994,14.427609812842945,5384.090379574979,0.46875549769739744,-1.043908358984374,1415.8692992107976,-0.10465707970540494
1988 7169,1994,14.825598185534647,5007.666998750583,0.4721591171187799,-0.9851853120346351,930.1075821925975,-0.11590635568617073
1992 7079,1994,14.772103511381431,4807.344656429004,0.46695174141290524,-1.0890987578570708,1266.1087719706452,-0.12727870938960484
19951080515,1994,14.628404505356514,5376.321598370819,0.47265409561291344,-1.0241115394997777,1331.448849395199,-0.11262279058551489
19951080996,1994,15.222314170051371,4677.633871046551,0.4838908163100432,-0.86326751466594,882.7938685956577,-0.12420114997635759
1986 7115,1995,16.61978505244302,3382.578981382806,0.6917830122486901,1.1482668806157006,-585.6420989813757,0.1183704348458878
1988 7169,1995,17.0327861260677,3432.977875696359,0.7271807851646079,1.2220026284984191,-644.5815408616255,0.13911531235965732
1992 7079,1995,17.138133408869393,3227.1761498807537,0.7292730117791573,1.2769311396308927,-314.0597345776053,0.13504256097664713
19951080515,1995,16.80616612918135,3601.586698452703,0.7094463461760023,1.153650084325058,-443.28605052291687,0.12416945997757411
19951080996,1995,17.43317536790659,2545.54807225302,0.7737648850119122,1.3475936831892816,-1249.2919301978727,0.1656729187255113
1986 7115,1996,15.725779357871946,4580.988137832175,0.5944094208370473,0.2542611860446271,612.7670574679944,0.02099684343424494
1988 7169,1996,16.03697411848921,4899.96110678847,0.6044683252418632,0.22619062091992742,822.4016902304851,0.01640285243691254
1992 7079,1996,16.014482118374556,3823.1468529786553,0.5833552052974581,0.15327984913605291,281.9109685202962,-0.010875245505052013
19951080515,1996,15.893069535407506,4914.358427229544,0.6038261369693422,0.2405534905512141,869.4856782539241,0.01854925077091396
19951080996,1996,16.270075753490737,4415.602813603711,0.6104095954249706,0.18449406877342653,620.7628111528177,0.0023176291385697337
1986 7115,1997,14.982164041080438,3551.077060277747,0.5595498683451744,-0.4893541307468808,-417.144020086434,-0.013862709057627992
1988 7169,1997,15.225481956438975,3524.310734102779,0.559033969034894,-0.5853015411303075,-553.2486824552059,-0.02903150377005666
1992 7079,1997,15.423459622521763,3663.8953142004652,0.5553751053677822,-0.4377426467167369,122.6594297421058,-0.0388553454347279
19951080515,1997,15.120491855731927,3461.2990210872426,0.5630278762175396,-0.532024189124364,-583.5737278883771,-0.022249009980888745
19951080996,1997,15.539656823309956,3666.598973929017,0.5744280874407851,-0.5459248614073555,-128.24102852187607,-0.03366387884561586
1986 7115,1998,15.80120787650409,3952.031638218406,0.5752332375581001,0.32968970467676845,-16.189442145775118,0.0018206601552977883
1988 7169,1998,15.959285644095132,3438.6557162348427,0.5762154047913726,0.1485021465258508,-638.9037003231422,-0.01185006801357813
1992 7079,1998,16.14955410800277,3126.4629060387892,0.5932800715853805,0.2883518387642695,-414.7729784195699,-0.0009503792171295579
19951080515,1998,15.908285512785994,3885.541438510252,0.5820811901564807,0.2557694679297029,-159.33131046536755,-0.003195696041947582
19951080996,1998,16.179258611482602,3198.2601555748606,0.5966750354383477,0.09367692676529497,-596.5798468760325,-0.011416930848053258
1986 7115,1999,15.949347314887497,4679.75972042271,0.570388216425826,0.47782914306017926,711.5386400585295,-0.0030243609769762124
1988 7169,1999,16.313920776010907,5307.274832058667,0.5865071148466959,0.5031372784416263,1229.7154155006822,-0.0015583579582547514
1992 7079,1999,16.499384157669173,4311.900519744772,0.5972512261738732,0.6381818884306717,770.6646352864132,0.003020775371363131
19951080515,1999,16.13714949842813,4818.857954483448,0.5800412168778583,0.4846334535718384,773.9852055078286,-0.005235669320570069
19951080996,1999,16.727201530495698,4488.906291246867,0.6206191793838424,0.6416198457783902,694.0662887959735,0.012527213097441545
1986 7115,2000,14.000506318344295,3316.152226172858,0.5035864883077633,-1.4710118534830259,-652.0688541913235,-0.06982608909503901
1988 7169,2000,14.312391671351211,3260.050678308281,0.5013436407724369,-1.4983918262180709,-817.5087382497036,-0.0867218320325137
1992 7079,2000,14.265306720599652,2890.79626340831,0.5041818264403386,-1.59589554863885,-650.4396210500488,-0.09004862436217156
19951080515,2000,14.145663674672448,3258.804639690922,0.5027972937995742,-1.506852370183843,-786.0681092846976,-0.08247959239885405
19951080996,2000,14.51672707338034,3189.0345818026176,0.5079856557519213,-1.5688546113369688,-605.8054206482749,-0.10010631053447949
1986 7115,2001,15.866381682213225,3309.6694175196685,0.5844342793937043,0.3948635103859032,-658.5516628445125,0.01102170199090189
1988 7169,2001,16.210006958198264,3523.533244114118,0.6056093435685931,0.39922346062898384,-554.0261724438669,0.017543870763642465
1992 7079,2001,16.19900979635534,3384.511376486633,0.626113771507528,0.3378075271168399,-156.72450797172635,0.03188332070501792
19951080515,2001,16.068836376632476,3408.018724903627,0.6014377825471108,0.4163203317761841,-636.8540240719926,0.016160896348682563
19951080996,2001,16.442178628965095,3062.5802526132934,0.6498374588753238,0.3565969442477866,-732.2597498375993,0.04174549258892298
1986 7115,2002,15.386046227039788,2957.3578533901696,0.6093709748359597,-0.08547194478752868,-1010.8632269740116,0.03595839743315735
1988 7169,2002,15.769806408229481,3297.278044967357,0.6409837662213144,-0.04097708933980135,-780.2813715906282,0.052918293416363775
1992 7079,2002,15.89367728017643,2858.0824011485415,0.6379399394861215,0.03247501093793067,-683.1534833098176,0.04370948868361143
19951080515,2002,15.608584450984381,3025.9481772103277,0.6338409201972272,-0.04393159387191048,-1018.9245717652921,0.04856403399879894
19951080996,2002,16.003727345823652,3453.9564957600414,0.637800759518509,-0.08185433889366002,-340.8835066908517,0.029708793232108077
1986 7115,2003,15.19823935293675,3805.5347216395717,0.56776991290539,-0.2732788188905722,-162.68635872460942,-0.005642664497412405
1988 7169,2003,15.539909247000658,4442.451626648748,0.5698734151859507,-0.2708742505686244,364.89221009076294,-0.018192057618999793
1992 7079,2003,15.495150123482311,4082.049740834272,0.5548701490363722,-0.36605214575619044,540.8138563759127,-0.039360301766137924
19951080515,2003,15.363693477796517,4141.227116359847,0.5722766158281132,-0.2888225670597748,96.35436738422732,-0.013000270370315037
19951080996,2003,15.819562241161135,5557.873160865791,0.5622302628756527,-0.2660194435561765,1763.033158414898,-0.04586170341074827
1986 7115,2004,13.875903273803347,4535.363142934309,0.46437865913357845,-1.595614898023975,567.142062570128,-0.10903391826922385
1988 7169,2004,14.217367700678173,5179.659869180708,0.4735330761884559,-1.5934157968911096,1102.100452622723,-0.11453239661649468
1992 7079,2004,14.148057871321411,4291.574136196323,0.4701099508408557,-1.7131443979170888,750.3382517379636,-0.12412049996165439
19951080515,2004,14.067098851134858,4987.353677209803,0.47342861958715715,-1.5854171937214332,942.4809282341835,-0.11184826661127106
19951080996,2004,14.522642516122453,4097.962635903562,0.4994441842338828,-1.5629391685948586,303.1226334526696,-0.10864778205251804
1986 7115,2005,17.341651088456143,3570.1808592089296,0.7295111180036898,1.8701329166288239,-398.04022115525186,0.15609854060088746
1988 7169,2005,17.797567157315388,3066.576168051405,0.7817917225941169,1.986783659746108,-1010.9832485065795,0.1937262497891663
1992 7079,2005,17.997174652386104,2664.4588520423613,0.7845778885572253,2.1359723831476045,-876.777032415998,0.1903474377547151
19951080515,2005,17.599724892602467,3247.2493499585757,0.7694716142483868,1.9472088477461753,-797.623399017044,0.18419472804995862
19951080996,2005,18.134517629252127,2819.0887927614194,0.7836346595131982,2.048935944534818,-975.7512096894734,0.17554269322679733
1986 7115,2006,15.80213982172631,3021.5760921366677,0.6475445708067922,0.33062164989898957,-946.6449882275136,0.07413199340398975
1988 7169,2006,16.219825277159597,3061.736068177543,0.6691294353881512,0.4090417795903125,-1015.823348380442,0.08106396258320052
1992 7079,2006,16.07851916913354,3146.1435229150893,0.6553299089614567,0.21731689989503866,-395.0923615432697,0.06109945815894673
19951080515,2006,16.01710295193442,3128.4792228771466,0.6640967753859737,0.36458690707812735,-916.3935260984731,0.07881988918754534
19951080996,2006,16.41672054056381,3119.0187288652883,0.6761309268014916,0.33113885584649705,-675.8212735856049,0.0680389605150907
1986 7115,2007,15.051941836987298,4244.976732700429,0.5945400106150265,-0.41957633484002155,276.75565233624735,0.021127433212224125
1988 7169,2007,15.43040793276066,4135.6946682342,0.6257691456330925,-0.3803755648086228,58.13525167621593,0.03770367282814188
1992 7079,2007,15.618890204741666,3232.8150710054274,0.636634234763624,-0.2423120644968345,-308.42081345293207,0.042403783961113904
19951080515,2007,15.247951146830701,4195.695154181763,0.6140317202475835,-0.4045648980255905,150.82240520614369,0.028754834049155242
19951080996,2007,15.752131760794855,3956.8930480442555,0.6408504701797715,-0.3334499239224568,162.05304559336415,0.03275850389337046
1986 7115,2008,15.315518997089125,5330.040332704038,0.4180238972957986,-0.155999174738197,1361.8192523398563,-0.1553886801070037
1988 7169,2008,15.56951015828697,5450.320184414699,0.4197605141929115,-0.24127333928230912,1372.7607678567135,-0.16830495861203912
1992 7079,2008,15.605468813745844,4198.9634266466355,0.4323510159791412,-0.2557334554926582,657.7275421882761,-0.16187943482336895
19951080515,2008,15.44000259896984,5898.430058295641,0.4204055145611373,-0.21251344588645082,1853.5573093200214,-0.16487137163729093
19951080996,2008,15.755696094313395,5076.418048392674,0.4360695593472864,-0.329885590403914,1281.5780459417795,-0.1720224069391145
1986 7115,2009,15.054280740880486,3604.5849854759817,0.5248121055168505,-0.4172374309468341,-363.6360948881992,-0.04860047188595174
1988 7169,2009,15.25933395238317,3944.8025860678918,0.5193037088615716,-0.5514495451861117,-132.75683049009305,-0.068761763943379
1992 7079,2009,15.304713671470246,3404.471766136484,0.5119496972959866,-0.5564885977682542,-136.76411832187566,-0.08228075350652352
19951080515,2009,15.17122277522435,3786.6853537410598,0.5245227863910074,-0.48129326963194075,-258.18739523456,-0.06075409980742086
19951080996,2009,15.320924544223109,4288.486649764214,0.5259278896570184,-0.7646571404942006,493.6466473133213,-0.08216407662938234
1986 7115,2010,15.916584208346242,3300.21786262051,0.6120348597090208,0.4450660365189228,-668.0032177436714,0.03862228230621834
1988 7169,2010,16.28868046451885,3746.222021441574,0.6377502504301189,0.4778969669495725,-331.3373951164109,0.049684777625168305
1992 7079,2010,16.455119462279235,2551.583373709842,0.6377397153111403,0.5939171930407352,-989.6525107485177,0.04350926450863015
19951080515,2010,16.10965580041858,3432.659292356089,0.6307936010106057,0.45713975556228803,-612.2134566195309,0.04551671481217745
19951080996,2010,16.69513830862062,3193.1797696342883,0.6811140359495123,0.6095566239033101,-601.6602328166048,0.07302206966311142
1986 7115,2011,15.993122133773873,3749.6258267848607,0.6151213535979172,0.5216039619465517,-218.59525357932122,0.04170877619511488
1988 7169,2011,16.285500859062495,3852.3106635927006,0.6013861772991476,0.47471736149321325,-225.2487529652842,0.013320704494196842
1992 7079,2011,16.386130033148774,2519.1156625693775,0.6590225813985702,0.5249277639102733,-1022.1202218889817,0.06479213059606008
19951080515,2011,16.128243631556415,3780.820175370625,0.6101358438375462,0.47572758670012405,-264.0525736049949,0.02485895763911783
19951080996,2011,16.625866523263603,4077.360254872601,0.6317110577563572,0.5402848385462933,282.520252421708,0.023619091469956322
1986 7115,2012,16.248174101376293,3643.2604338349793,0.6319197526204335,0.7766559295489729,-324.96064652920234,0.05850717521763106
1988 7169,2012,16.60793799801151,4009.4182726989166,0.6532637103528105,0.797154500442231,-68.14114385906855,0.06519823754785997
1992 7079,2012,16.814612606485866,3323.1156170072777,0.6836698105410258,0.9534103372473652,-218.1202674510815,0.08943935973851577
19951080515,2012,16.44815061265149,3940.8193018246,0.64801389914942,0.7956345677951973,-104.05344715101955,0.06273701295099177
19951080996,2012,17.027995226112,2934.5920365482784,0.7131288658065587,0.942413541394687,-860.2479659026147,0.10503689952015771
1986 7115,2013,15.184422654042557,4234.359876874502,0.5580867056287988,-0.2870955177847657,266.13879651032136,-0.015325871774003448
1988 7169,2013,15.4810139262926,4191.365970598501,0.5716888833536604,-0.3297695712766804,113.80655404051589,-0.016376589451290256
1992 7079,2013,15.59674448110475,3489.6832324383317,0.5862276638552217,-0.2644577881337506,-51.55265202002753,-0.008002786947288364
19951080515,2013,15.350086832737588,4085.0850988280527,0.5713350457063721,-0.3024292121187031,40.21234985243291,-0.013941840492056268
19951080996,2013,15.75984012127293,3398.5647135810864,0.581942472060404,-0.32574156344438115,-396.27528886980673,-0.026149494225996897
1986 7115,2014,15.952387708237504,3945.1120621920063,0.5969180587292184,0.4808695364101855,-23.109018172174792,0.023505481326416115
1988 7169,2014,16.21990267220712,4035.789644923653,0.604889595092139,0.4091191746378389,-41.769771634331946,0.016824122287188523
1992 7079,2014,15.930381492695204,3518.236722011108,0.5769972179379783,0.06917922345670412,-22.99916244725056,-0.017233232864531815
19951080515,2014,16.1125405546548,3955.371279950949,0.6053683595241808,0.46002450979850806,-89.50146902467077,0.020091473325752562
19951080996,2014,16.143061981943728,3809.3305903121236,0.5926578738588151,0.05748029722641877,14.49058786123086,-0.015434092427585715
1986 7115,2015,15.177666779995512,3953.572845233077,0.4882250267009217,-0.2938513918318073,-14.648235131104483,-0.08518755070188065
1988 7169,2015,15.427563857110828,4397.817248655813,0.4984255928817572,-0.3832196404584539,320.2578320978285,-0.08963987992319347
1992 7079,2015,15.53683048419174,4074.0229773057176,0.508139198416276,-0.32437178504676173,532.7870928473591,-0.08609125238623404
19951080515,2015,15.306915634265863,4025.9611483159574,0.49566944840510524,-0.34560041059042845,-18.911600659662327,-0.08960743779332309
19951080996,2015,15.63591268509144,3857.8493643637285,0.5205571016831906,-0.44966899962586904,63.00936191283555,-0.08753486460321028
1986 7115,2016,15.380162789438165,4546.024616797146,0.5163465201419163,-0.09135538238915498,577.8035364329652,-0.05706605726088608
1988 7169,2016,15.744689925434898,4861.894946887408,0.5339461832272334,-0.06609357213438373,784.3355303294238,-0.05411928957771723
1992 7079,2016,15.821963833024476,4090.683318089992,0.549259916510439,-0.03923843621402542,549.4474336316325,-0.04497053429207097
19951080515,2016,15.572773842189633,4659.593098621549,0.5268333609111263,-0.0797422026666581,614.7203496459292,-0.05844352528730201
19951080996,2016,16.137150944086947,3592.516954463292,0.5842907776100029,0.05156925936963816,-202.32304798760023,-0.02380118867639809
1986 7115,2017,14.35449611451438,4262.746798025751,0.5355742788054827,-1.1170220573129388,294.5257176615693,-0.03783829859731968
1988 7169,2017,14.78772987467082,4079.4860713982816,0.5532962538595833,-1.0230536228984621,1.9266548402969326,-0.03476921894536732
1992 7079,2017,14.731434834102947,4370.282227119757,0.5481170250814429,-1.129767435135554,829.0463426613984,-0.04611342572106723
19951080515,2017,14.587628916035555,4215.058305670411,0.5500369409173365,-1.064887128820736,170.1855566947911,-0.035239945281091756
19951080996,2017,15.023603221127802,3707.3864172537365,0.5590735407116196,-1.0619784635895069,-87.45358519715619,-0.04901842557478126
1986 7115,2018,16.697796438020053,4064.2478459507224,0.6484822939432754,1.2262782661927307,96.02676558654139,0.07506971654047304
1988 7169,2018,17.159371813099956,4190.718068789957,0.683372770451921,1.3485883155306755,113.1586522319724,0.09530729764697038
1992 7079,2018,17.17624734133864,3508.8724016482506,0.6807459620313748,1.3150450721001423,-32.363482810108636,0.08651551122886472
19951080515,2018,16.934067856056117,4170.518521785589,0.6680334519348428,1.2815518111998259,125.645772809969,0.08275656573641454
19951080996,2018,17.624927105493008,4394.341127159229,0.7278252142896787,1.5393454207756985,599.5011247083356,0.1197332480032779
1986 7115,2019,15.111298260137364,4634.898607992299,0.5263951828944726,-0.3602199116899579,666.6775276281179,-0.04701739450832976
1988 7169,2019,15.539402031245857,5029.783734164016,0.5622066211755092,-0.271381466323425,952.2243176060318,-0.025858851629441373
1992 7079,2019,15.763486638820977,3509.66417484318,0.5932870287671009,-0.09771563041752324,-31.57170961517975,-0.0009434220354093288
19951080515,2019,15.336363915429615,4796.438435963999,0.5462864005240768,-0.31615212942667625,751.5656869883792,-0.03899048567435137
19951080996,2019,16.05294802842169,4586.6836645156745,0.6253038723818457,-0.03263365629562007,791.8436620647818,0.017211906095444932
1986 7115,2020,17.051764554807377,4294.068361556662,0.6540371131216752,1.5802463829800513,325.84728119248024,0.08062453571887311
1988 7169,2020,17.281297636262476,4168.621314648146,0.6686339396753073,1.4705141386931917,91.06189809016081,0.08056846687035674
1992 7079,2020,17.174797869252206,4268.042970275658,0.6407127554761662,1.3135956000137028,726.8070858172994,0.046482304673656015
19951080515,2020,17.16950983102771,4179.049846571374,0.6688598113311284,1.516993786171419,134.17709759575382,0.08358292513270016
19951080996,2020,17.31723931327508,3896.4862189061346,0.6639781714404046,1.2316576285577732,101.64621645524107,0.05588620515400359
1986 7115,2021,16.60133245447894,3379.2167572022818,0.6382511368747811,1.1298142826516189,-589.0043231618993,0.06483855947197867
1988 7169,2021,17.03095500611265,3814.3815356956266,0.6542911852735327,1.2201715085433689,-263.1778808623584,0.06622571246858218
1992 7079,2021,16.918006362420826,3215.280781038186,0.647809470785388,1.0568040931823244,-325.9551034201733,0.053579019982877805
19951080515,2021,16.827190660393796,3271.0311504006063,0.6559539498526736,1.174674615537505,-773.8415985750134,0.07067706365424542
19951080996,2021,17.3243735498356,3622.231038207654,0.6552713745768757,1.2387918651182932,-172.6089642432392,0.04717940829047483
1986 7115,2022,15.76187062010098,4027.1877888256267,0.5178476614255019,0.29035244827366324,58.96670846144574,-0.05556491597730051
1988 7169,2022,16.022574967769824,4308.867926771786,0.5225088946730302,0.21179147020054287,231.30851021380104,-0.06555657813192049
1992 7079,2022,16.13875281887199,3854.146923024476,0.5308962840999196,0.2775505496334877,312.91103856611653,-0.06333416670259047
19951080515,2022,15.896073955038332,4106.092276941915,0.5227282689696169,0.24355791018204087,61.21952796629512,-0.06254861722881144
19951080996,2022,16.21129440188093,4183.137361454722,0.5351324035189015,0.1257127171636201,388.2973590038285,-0.07295956276749935
1986 7115,2023,17.380597719472465,2956.9474516207215,0.755164029922415,1.9090795476451465,-1011.2736287434592,0.1817514525196127
1988 7169,2023,17.450946228285357,3427.934983272345,0.7226878320878437,1.6401627307160742,-649.6244332856393,0.134622359282893
1992 7079,2023,17.27264523420306,2847.9103078297435,0.7252562459626883,1.411442964964559,-693.3255766286157,0.13102579516017834
19951080515,2023,17.448451158274793,3175.479399084871,0.7556311121617334,1.7959351134185013,-869.3933498907486,0.17035422596330507
19951080996,2023,17.349905925357746,3631.049736214211,0.7009750001116093,1.264324240640437,-163.7902662366824,0.09288303382520839
1986 7115,2024,17.417637859150414,4372.084878747111,0.6369777528073763,1.9461196873230981,403.8637983829296,0.063565175404574
1988 7169,2024,17.57949287549694,4299.634266707817,0.6381660009762115,1.7687093779276593,222.0748501498319,0.050100528171260796
1992 7079,2024,17.56698375998438,3500.160029286947,0.6594369488702707,1.705781490745882,-41.07585517141209,0.06520649806776059
19951080515,2024,17.488258781985962,4384.38733569965,0.6392088156668261,1.8357427371296708,339.5145867240303,0.053931929468397866
19951080996,2024,17.587161471107514,3987.168161108572,0.6437352623805518,1.5015797863902058,192.32815865767952,0.03564329609415086
1986 7115,2025,15.753303100774565,4913.4465783139285,0.5441344829710455,0.28178492894724444,945.2254979497477,-0.029278094431756718
1988 7169,2025,16.130867611152535,5316.485870719468,0.5695436739521461,0.3200841135832524,1238.9264541614834,-0.01852179885280446
1992 7079,2025,16.184738977027678,5066.049509508276,0.5515612407245915,0.3235367077891749,1524.8136250499167,-0.04266921007791876
19951080515,2025,15.933091590715492,5325.211712352616,0.5595342028792026,0.2805755458592003,1280.3389633769962,-0.02574268331922558
19951080996,2025,16.564123814325573,4466.693696751532,0.6044286868003929,0.4785421296082651,671.8536943006393,-0.0036632794860080716
19951081068,1984,15.931782679626906,3532.1891770463376,0.5062524388181612,-0.5194714117741484,144.7457433136342,-0.12724945138618882
19951081084,1984,15.8075369670154,4040.9805241816002,0.5049553851775473,-0.35776841240400964,489.84691715084574,-0.10359693209278623
19961080302,1984,15.743743978030466,3880.361430975416,0.4962103511064797,-0.40216658864044064,109.76124999593094,-0.11477564745404956
19961080399,1984,15.333937689135697,3824.4198201713816,0.47063377175665727,-0.34099364517029274,-150.21382864740335,-0.10061947697489318
19961080536,1984,14.889482150525222,3693.154610782718,0.47364342303773316,-0.31590185143581534,-315.1791892131499,-0.0977376156509924
19951081068,1985,14.8257039650627,3871.1536706640927,0.5268970815057765,-1.6255501263383536,483.7102369313893,-0.10660480869857347
19951081084,1985,14.614612276779924,4272.752245927262,0.5176436990354245,-1.5506931026394852,721.6186388965067,-0.09090861823490906
19961080302,1985,14.582658434605264,4668.556499595901,0.5151481953479549,-1.5632521320656423,897.956318616416,-0.0958378032125744
19961080399,1985,14.20720167016704,4148.336336766034,0.49100726841037234,-1.4677296641389503,173.70268794724916,-0.08024598032117815
19961080536,1985,13.766094079806939,4106.935591345752,0.49629007382941526,-1.4392899221540976,98.60179134988294,-0.07509096485931027
19951081068,1986,14.384093587294899,2933.6566324675955,0.5723558622837613,-2.0671605041061554,-453.7868012651079,-0.06114602792058865
19951081084,1986,13.90480747204586,2986.429967589587,0.5358339740193756,-2.2604979073735514,-564.7036394411679,-0.07271834325095795
19961080302,1986,13.93925698460015,3136.476665302602,0.5468412360213426,-2.206653582070757,-634.123515676883,-0.06414476253918666
19961080399,1986,13.178605383362632,3390.1777226911527,0.5038508424639179,-2.4963259509433606,-584.455926127632,-0.06740240626763262
19961080536,1986,12.664896508267086,3379.517989927884,0.49875743649716675,-2.540487493693951,-628.8158100679842,-0.07262360219155876
19951081068,1987,16.299056639187597,4401.506261638606,0.5872826362096651,-0.15219745221345704,1014.0628279059024,-0.04621925399468485
19951081084,1987,15.935298632182239,3580.933131438748,0.5676467104257933,-0.23000674723717132,29.799524407993434,-0.040905606844540296
19961080302,1987,15.928590932099723,4423.197944387102,0.5681383260506321,-0.21731963457118297,652.5977634076171,-0.04284767250989718
19961080399,1987,15.302628653726497,3498.473419442909,0.5520202308854412,-0.37230268057949256,-476.1602293758759,-0.019233017846109358
19961080536,1987,14.804146068028897,3385.2956737472964,0.5584642773526567,-0.4012379339321384,-623.0381262485719,-0.012916761336068795
19951081068,1988,15.850489573547804,4626.914738444043,0.5795197287240887,-0.6007645178532499,1239.4713047113396,-0.05398216148026125
19951081084,1988,15.636346994257636,4812.626893952272,0.5672132579556725,-0.5289583851617767,1261.493286921518,-0.04133905931466109
19961080302,1988,15.454798655579054,5532.179730710936,0.5481938019470662,-0.691111911091852,1761.5795497314512,-0.06279219661346302
19961080399,1988,14.95160002680281,4061.436782978528,0.5344426095769013,-0.7233313075031823,86.80313415974263,-0.036810639154649216
19961080536,1988,14.605677235935806,3755.1045905621427,0.5508597350191166,-0.5997067660252302,-253.22920943372532,-0.02052130366960895
19951081068,1989,15.88429375524106,3820.1827585250285,0.5926766699734323,-0.566960336159994,432.7393247923251,-0.040825220230917725
19951081084,1989,15.934679465029971,3376.631859173243,0.6308111446085922,-0.23062591438943997,-174.50174785751187,0.022258827338258784
19961080302,1989,15.803995372938118,3633.15792395921,0.6173555481419136,-0.3419151937327882,-137.44225702027506,0.0063695495813843594
19961080399,1989,15.380063000022277,2797.5601546364396,0.5764788217458244,-0.29486833428371173,-1177.0734941823455,0.005225573014274029
19961080536,1989,15.002108599810493,2798.7066700901787,0.5847023528737277,-0.2032754021505442,-1209.6271299056898,0.013321314185002169
19951081068,1990,16.150194774848842,2836.964236103068,0.5813684799238046,-0.3010593165522124,-550.4791976296356,-0.05213341028054541
19951081084,1990,16.11057302215645,2965.666438727893,0.589358503689138,-0.05473235726295548,-585.4671683028618,-0.019193813581195533
19961080302,1990,16.007077063684903,3180.64555106319,0.5742595858051158,-0.13883350298600305,-589.9546299162953,-0.03672641275541344
19961080399,1990,15.502351999052516,3424.9166065824948,0.5680790496915283,-0.17257933525347494,-549.71704223629,-0.0031741990400220793
19961080536,1990,15.0245406139179,3290.65754467648,0.5750464139135053,-0.18084338804313685,-717.6762553193881,0.0036653752247797853
19951081068,1991,17.223998068381093,2757.9479190939046,0.7622004711659299,0.7727439769800384,-629.4955146387988,0.12869858096157993
19951081084,1991,16.657032533716364,2647.9960026327153,0.6850449553918714,0.49172715429695474,-903.1376043980392,0.07649263812153781
19961080302,1991,16.734812790414594,2916.0551960998155,0.6982045695408268,0.5889022237436876,-854.5449848796698,0.0872185709802975
19961080399,1991,16.024711698111346,3179.439904544645,0.6407408675715291,0.3497803638053562,-795.19374427414,0.06948761883997862
19961080536,1991,15.505274791630264,3236.6203556304395,0.6301572295750512,0.29989078966922483,-771.7134443654289,0.0587761908863256
19951081068,1992,13.88415118784144,3467.515038178476,0.5809937110864453,-2.567102903559615,80.07160444577266,-0.05250817911790473
19951081084,1992,13.790315310193646,3680.903386101933,0.5330177164638239,-2.374990069225764,129.76977907117833,-0.07553460080650967
19961080302,1992,13.682409651383125,3978.68876330665,0.5376083227471894,-2.4635009152877814,208.08858232716466,-0.07337767581333987
19961080399,1992,13.204978997542296,3427.208436539605,0.5079100907278603,-2.4699523367636944,-547.42521227918,-0.0633431580036901
19961080536,1992,12.716254739594048,3481.5476982796736,0.4970438333626828,-2.4891292623669905,-526.786101716195,-0.07433720532604267
19951081068,1993,16.423313913483582,4054.822588789797,0.5616888111965826,-0.027940177917471942,667.3791550570936,-0.07181307900776734
19951081084,1993,16.353574595449437,3507.0468808229066,0.5720651534208049,0.18826921603002575,-44.08672620784832,-0.03648716384952868
19961080302,1993,16.1993953856869,4046.796820576823,0.5552616063502024,0.053484819015992,276.1966395973377,-0.05572439221032688
19961080399,1993,16.07485975085315,4364.366952745729,0.5648283006109368,0.3999284165471601,389.73330392694476,-0.0064249481206136265
19961080536,1993,15.704093742588856,4506.916989336458,0.5778300320696801,0.4987097406278191,498.58318934058923,0.006448993380954603
19951081068,1994,15.601970090727889,3874.878940587191,0.5098786403004123,-0.8492840006731655,487.4355068544878,-0.1236232499039377
19951081084,1994,15.388415702630905,4163.468889367997,0.49774160694119574,-0.7768896767885065,612.3352823372419,-0.11081071032913774
19961080302,1994,15.2681661674942,4654.516236339955,0.4827056869298586,-0.8777443991767058,883.9160553604697,-0.12828031163067066
19961080399,1994,14.64030036542346,5397.307262204812,0.4628191785859034,-1.034630968882532,1422.6736133860272,-0.10843407014564709
19961080536,1994,14.175757171796736,5344.342226332165,0.47154228151370897,-1.0296268301643008,1336.0084263362974,-0.09983875717501657
19951081068,1995,17.685665039394223,2592.665533433429,0.7678064179324475,1.2344109479931689,-794.7779002992743,0.13430452772809753
19951081084,1995,17.5283967920957,2138.5375733468427,0.7803740050697179,1.3630914126762892,-1412.596033683912,0.1718216877993843
19961080302,1995,17.50880019422891,2601.3246764342703,0.7761560778584603,1.3628896275580047,-1169.275504545215,0.16517007929793104
19961080399,1995,16.84289045523266,3564.44879379986,0.69376642442821,1.1679591209266689,-410.1848550189248,0.12251317569665948
19961080536,1995,16.32645903833945,3275.9528369360514,0.6860768037716408,1.121075036378412,-732.3809630598167,0.11469576508291524
19951081068,1996,16.492925704734944,2939.4818045601455,0.6175187987841397,0.04167161333388947,-447.9616291725579,-0.01598309142021026
19951081084,1996,16.36061874393202,4098.715235716168,0.6159301770591613,0.19531336451261,547.5816286854127,0.0073778597888278005
19961080302,1996,16.320715453659318,4232.9582129076325,0.6121249118708865,0.17480488698841157,462.3580319281473,0.0011389133103572036
19961080399,1996,15.912968765479945,4766.720407779259,0.5860807554377703,0.2380374311739547,792.0867589604741,0.01482750670621979
19961080536,1996,15.468715232424314,4554.013800337774,0.5980619073408567,0.26333123046327594,545.6800003419056,0.02668086865213123
19951081068,1997,16.065968000716055,3646.415157533838,0.6073508481691269,-0.38528609068499975,258.97172380113443,-0.026151042035223115
19951081084,1997,15.578320594827815,3342.1639263180937,0.5734105746953289,-0.5869847845915946,-208.96968071266096,-0.03514174257500469
19961080302,1997,15.615440090842867,3694.75811655785,0.5754389959144826,-0.5304704758280394,-75.84206442163531,-0.03554700264604671
19961080399,1997,15.151657854582922,3674.2279186849664,0.5489292942274618,-0.5232734797230694,-300.4057301338188,-0.022323954504088576
19961080536,1997,14.71078720070952,3462.2985068179755,0.5588285001009948,-0.49459680125151795,-546.035293177893,-0.012552538587730597
19951081068,1998,16.67276853616687,2625.929393259419,0.6419997700673898,0.22151444476581617,-761.5140404732842,0.008497879863039848
19951081084,1998,16.13095371332821,3009.506426863754,0.5851995238035671,-0.03435166609120227,-541.6271801670007,-0.023352793466766414
19961080302,1998,16.291156394239806,3052.154117649032,0.6075722471326385,0.1452458275688997,-718.4460633304534,-0.0034137514278907988
19961080399,1998,15.972143848058833,3826.835157148496,0.5728143404136442,0.29721251375284286,-147.79849167028922,0.001561091682093803
19961080536,1998,15.527271059139574,4073.494096916858,0.5687147677539219,0.3218870571785349,65.16029692098972,-0.0026662709348036083
19951081068,1999,17.078023238804064,4721.394974406778,0.6226151900998905,0.6267691474030102,1333.9515406740743,-0.010886700104459468
19951081084,1999,16.793654268072824,4384.473286742471,0.6243665330271969,0.6283488886534142,833.3396797117166,0.01581421575686332
19961080302,1999,16.783504726575813,4422.172734182297,0.6197662804082986,0.6375941599049071,651.5725532028118,0.008780281847769356
19961080399,1999,16.17009521429092,4638.472868970806,0.566794107351372,0.4951638799849311,663.8392201520209,-0.0044591413801783695
19961080536,1999,15.669554138329117,4959.155143054073,0.5690233697821925,0.46417013636807947,950.8213430582048,-0.0023576689065329774
19951081068,2000,14.75377728144332,3316.793104523228,0.5155068695713068,-1.6974768099577346,-70.65032920947533,-0.11799502063304323
19951081084,2000,14.618817669728802,2906.1683308402994,0.5033636012070137,-1.54648770969061,-644.9652761904554,-0.10518871606331982
19961080302,2000,14.562900002797448,3150.429882930027,0.5106315356856292,-1.583010563873458,-620.1702980494583,-0.10035446287490002
19961080399,2000,14.19377051679539,3241.7198756846847,0.49786116806074426,-1.4811608175106001,-732.9137731341,-0.07339208067080616
19961080536,2000,13.7285490909667,3361.4238714184844,0.500683024578965,-1.4768349109943362,-646.9099285773838,-0.07069801410976051
19951081068,2001,16.9142166345016,2535.6538788454372,0.7021441769487888,0.4629625431005451,-851.7895548872661,0.06864228674443884
19951081084,2001,16.486180177930304,2775.539856225056,0.6483444598888289,0.32087479851089407,-775.5937508056984,0.03979214261849547
19961080302,2001,16.504774230459475,3100.3913338334996,0.6571403840792065,0.3588636637885685,-670.2088471459856,0.04615438551867723
19961080399,2001,16.060308261539664,3256.0392438265985,0.5861035838074398,0.3853769272336758,-718.5944049921865,0.014850335075889275
19961080536,2001,15.614006256420721,3419.537054677706,0.5794711979975957,0.4086222544596843,-588.7967453181627,0.008090159308870224
19951081068,2002,16.589488408185446,3151.958209581014,0.6916155450428382,0.13823431678439135,-235.48522415168918,0.05811365483848818
19951081084,2002,16.04402501092,3487.1044081987206,0.6307130525850669,-0.12128036849941297,-64.0291988320341,0.02216073531473349
19961080302,2002,16.08997138203057,3269.327950782415,0.6427936733210597,-0.0559391846403372,-501.27223019707026,0.03180767476053048
19961080399,2002,15.618771392199832,2955.319006011059,0.6135123064974879,-0.05615994210615892,-1019.3146428077259,0.04225905776593741
19961080536,2002,15.093199820558517,2987.9830822455724,0.6051906839798062,-0.11218418140251987,-1020.3507177502959,0.033809645291080666
19951081068,2003,16.186853400520704,5035.309775284009,0.5947273975919073,-0.26440069088035045,1647.866341551306,-0.0387744926124427
19951081084,2003,15.982167053655647,5115.431503714801,0.5696481467668811,-0.1831383257637637,1564.2978966840453,-0.03890417050345231
19961080302,2003,15.851879194508456,5915.815828850942,0.55944772209986,-0.29403137216245057,2145.215647871457,-0.05153827646066922
19961080399,2003,15.388705737246559,3971.2291052909572,0.5625100297326562,-0.28622559705943257,-3.4045435278272405,-0.008743218998894199
19961080536,2003,14.94215102861349,3804.660931761483,0.5669582154886679,-0.26323297334754747,-203.6728682343856,-0.004422823200057603
19951081068,2004,14.86950239789661,4320.173559990117,0.5342068834727838,-1.5817516935044438,932.7301262574133,-0.09929500673156622
19951081084,2004,14.62458132859902,3694.787160833012,0.501298091030272,-1.5407240508203917,143.65355380225708,-0.1072542262400616
19961080302,2004,14.58610555261805,4212.373408768663,0.5047366841622547,-1.5598050140528557,441.7732277891773,-0.10624931439827456
19961080399,2004,14.083850593536203,4746.210958157071,0.4633306255343519,-1.5910807407697876,771.5773093382863,-0.10792262319719857
19961080536,2004,13.61887668279364,4494.1083139743305,0.46393396169287704,-1.586507319167398,485.77451397846124,-0.10744707699584842
19951081068,2005,18.62634418183484,2487.5273574211965,0.8268733468011364,2.175090090433784,-899.9160763115069,0.19337145659678645
19951081084,2005,18.14217998243646,2659.0601832348816,0.7731499382426339,1.976874603017051,-892.073423795873,0.16459762097230032
19961080302,2005,18.227750997958026,2843.041826977707,0.7888802158286011,2.0818404312871195,-927.5583540017783,0.17789421726807186
19961080399,2005,17.62845466156131,3320.1230437804584,0.741852955980898,1.9535233272553203,-654.5106050383265,0.17059970724934756
19961080536,2005,17.02173569698903,3715.061792816544,0.724865170597975,1.8163516950279917,-293.27200717932436,0.15348413190924945
19951081068,2006,16.737300988902234,3363.3818059397954,0.7101923409498848,0.28604689750117984,-24.061627792907984,0.07669045074553482
19951081084,2006,16.49447160552861,3159.444741285479,0.6673520626652899,0.3291662261091996,-391.6888657452761,0.05879974539495627
19961080302,2006,16.469476954142294,3160.787644906165,0.6797711175554769,0.3235663874713879,-609.8125360733202,0.06878511899494766
19961080399,2006,16.005777244752185,3071.497352317516,0.6438640377156344,0.3308459104461959,-903.1362965012689,0.07261078898408384
19961080536,2006,15.540750001315244,3033.458227450812,0.6447660494651054,0.33536599935420813,-974.8755725450565,0.07338501077637985
19951081068,2007,16.144171036153637,3565.4672438270295,0.6350677489246241,-0.30708305524741775,178.0238100943261,0.0015658587202741492
19951081084,2007,15.803447020724837,3895.902396089868,0.6320643076538515,-0.36185835869457283,344.76878905911366,0.02351199038351795
19961080302,2007,15.82953126741495,3982.24069904451,0.6419652216183777,-0.3163792992559564,211.64051806502493,0.030979223057848393
19961080399,2007,15.277161858405593,4153.025773132267,0.5956847192181353,-0.39776947590039663,178.39212431348233,0.02443147048658484
19961080536,2007,14.767751491569928,4423.38710700714,0.5896271717961568,-0.43763251039110984,415.053307011272,0.018246133107431294
19951081068,2008,15.998871449456715,4606.858462589596,0.45659414392437797,-0.4523826419443395,1219.4150288568921,-0.17690774627997202
19951081084,2008,15.853756395576113,4311.7750885465,0.44013718887669934,-0.3115489838432986,760.6414815157453,-0.16841512839363423
19961080302,2008,15.803185661979342,4992.907420295093,0.43945486982684473,-0.3427249046915648,1222.307239315608,-0.17153112873368453
19961080399,2008,15.495837939943733,5342.576250721297,0.413362875396262,-0.17909339436225816,1367.9426019025113,-0.15789037333528846
19961080536,2008,15.057184419115492,5660.762251604004,0.41714803737402273,-0.14819958284554646,1652.4284516081357,-0.15423300131470277
19951081068,2009,15.630090387316727,3800.082646906386,0.541229293908829,-0.8211637040843272,412.6392131736825,-0.09227259629552098
19951081084,2009,15.348924620166404,4406.967580144016,0.5194598497114544,-0.8163807592530059,855.8339731132615,-0.08909246755887905
19961080302,2009,15.353705508467101,4197.238725274811,0.5260891781743346,-0.7922050582038054,426.638544295326,-0.08489682038619462
19961080399,2009,15.221229832107156,3799.0434177799457,0.5161275638319072,-0.453701502198835,-175.59023103883916,-0.0551256848996433
19961080536,2009,14.797379603265936,3573.072800567678,0.5248529898536656,-0.4080043986951027,-435.26099942819053,-0.04652804883505989
19951081068,2010,17.18499795112058,2328.2526030624063,0.7192471360011922,0.7337438597195245,-1059.1908306702971,0.08574524579684217
19951081084,2010,16.74042530833591,2926.2435246599307,0.6818176111905933,0.5751199289165033,-624.8900823708242,0.07326529392025966
19961080302,2010,16.786088092085265,2973.13120099248,0.6865058323343723,0.6401775254143587,-797.4689799870052,0.07551983377384308
19961080399,2010,16.17090138544399,3250.6280223430017,0.6172324334742204,0.4959700511379987,-724.0056264757834,0.04597918474266993
19961080536,2010,15.586204519788351,3474.5145951914624,0.6020507862438307,0.3808205178273133,-533.819204804406,0.03066974755510517
19951081068,2011,17.101705722532415,3187.3033496723087,0.7004431392950629,0.6504516311313608,-200.14008406039466,0.06694124909071286
19951081084,2011,16.69239695922969,4039.7601626884302,0.6243098038319504,0.5270915798102773,488.62655565767557,0.01575748656161691
19961080302,2011,16.69609261111941,4053.251582494429,0.6386337665269913,0.5501820444485048,282.6514015149437,0.027647767966462067
19961080399,2011,16.176785123930554,3630.0864630343694,0.6061710974841786,0.5018537896245612,-344.5471857844155,0.03491784875262827
19961080536,2011,15.735342732537925,3828.860039139001,0.6132106845215307,0.5299587305768879,-179.47376085686668,0.04182964583280518
19951081068,2012,17.423144774506056,2565.071611847312,0.7404664959154845,0.971890683105002,-822.3718218853915,0.10696460571113453
19951081084,2012,17.133908181678702,2621.2208628171716,0.7227933290817036,0.968602802259292,-929.9127442135831,0.11424101181136997
19961080302,2012,17.116099902166866,2993.956367667348,0.7231123281545355,0.9701893354959594,-776.6438133121374,0.11212632959400626
19961080399,2012,16.47113226554248,3700.9972873136926,0.6370133627649182,0.7962009312364877,-273.6363615050922,0.06576011403336773
19961080536,2012,15.974994768248933,3739.4891262503193,0.625537536239825,0.7696107662878974,-268.84467374554885,0.054156497551099525
19951081068,2013,16.1049554921579,3193.6477583002797,0.5818983277875376,-0.34629859924315554,-193.79567543242365,-0.05160356241681241
19951081084,2013,15.871089931977862,2875.43035792113,0.5917449801569817,-0.29421544744154754,-675.7032491096243,-0.01680733711335172
19961080302,2013,15.808074300185524,3481.3005572286,0.5806079924742097,-0.33783626648538245,-289.2996237508851,-0.030378006086319576
19961080399,2013,15.365678645076136,4227.478861142814,0.5549495387527374,-0.30925268922985577,252.84521232402886,-0.016303709978813027
19961080536,2013,14.94194148396101,4045.1650522946434,0.558363832534075,-0.26344251800002816,36.831252298775425,-0.013017206154650577
19951081068,2014,16.099950505685115,3947.858780372652,0.5775310781441116,-0.35130358571593945,560.4153466399484,-0.05597081206023835
19951081084,2014,16.22670659239043,3926.606623191091,0.5935534731396488,0.0614012129710164,375.4730161603365,-0.014998844130684742
19961080302,2014,16.13978788679924,3864.783563401314,0.5910461276182325,-0.006122679871666037,94.18338242182881,-0.019939870942296767
19961080399,2014,16.10952476925321,3840.4709541810453,0.5904078567474849,0.4345934349472182,-134.16269463773943,0.01915460801593437
19961080536,2014,15.72036933069646,4073.4493900533175,0.5964147071013105,0.5149853287354236,65.1155900574487,0.02503366841258499
19951081068,2015,16.002572231016302,2939.013350518337,0.536656530197799,-0.44868186038475244,-448.4300832143663,-0.09684536000655097
19951081084,2015,15.72900787551348,3954.32534343631,0.5225430953175099,-0.43629750390592936,403.19173640555584,-0.08600922195282362
19961080302,2015,15.690946183688425,3716.2478070202383,0.5218279757175175,-0.45496438298248165,-54.35237395924696,-0.08915802284301177
19961080399,2015,15.334238482263869,4045.6844897368023,0.4829484237165674,-0.3406928520421217,71.05084091801712,-0.08830482501498307
19961080536,2015,14.946491025114321,3900.274278310387,0.4893602402123066,-0.2588929768467163,-108.05952168548085,-0.08202079847641897
19951081068,2016,16.623809847624443,3245.8156690110586,0.6269050805114816,0.1725557562233888,-141.62776472164478,-0.006596809692868355
19951081084,2016,16.22016635182283,3172.333902522731,0.5887210339928133,0.054860972403418806,-378.79970450802386,-0.01983128327752024
19961080302,2016,16.20555095949038,3544.420215125861,0.588420562311484,0.05964039281947464,-226.17996585362425,-0.02256543624904528
19961080399,2016,15.580704218997033,4678.846524784006,0.5139469199957607,-0.09422711530895901,704.212875965221,-0.05730632873578971
19961080536,2016,15.128578318138322,4574.481440532686,0.5138533398495957,-0.07680568382271537,566.1476405368178,-0.05752769883912975
19951081068,2017,15.483689583211742,3416.037207838983,0.5844574958076282,-0.9675645081893123,28.593774106279398,-0.04904439439672181
19951081084,2017,15.148538801188721,3362.7651321347403,0.5600021652662565,-1.01676657823069,-188.3684748960142,-0.04855015200407711
19961080302,2017,15.08374301108762,3739.2289986805026,0.5588597723332713,-1.0621675555832866,-31.371182298982603,-0.05212622622725793
19961080399,2017,14.583146747081331,4177.293467739535,0.5363492896661575,-1.0917845872246597,202.65981892075015,-0.03490395906539304
19961080536,2017,14.092838133936358,4276.069435121444,0.5323680146616296,-1.1125458680246785,267.7356351255758,-0.03901302402709588
19951081068,2018,17.894655067333304,3684.0012237502647,0.7269028270439283,1.4434009759322493,296.5577900175613,0.09340093683957829
19951081084,2018,17.64630085309183,4744.52265462854,0.7129325644395753,1.4809954736724218,1193.3890475977864,0.10438024716924178
19961080302,2018,17.714305910856865,4130.054487481566,0.7363214333758081,1.5683953441859586,359.4543065020807,0.12533543481527887
19961080399,2018,16.92917311827601,4113.457110621163,0.6448655705282099,1.2542417839700226,138.82346180237866,0.07361232179665944
19961080536,2018,16.425306168591895,3954.360465153904,0.6486609805349797,1.2199221666308568,-53.97333484196433,0.0772799418462541
19951081068,2019,16.462524467965864,3485.943843550693,0.650925505716783,0.011270376564809226,98.50040981798975,0.01742361551243299
19951081084,2019,16.21054112201981,3719.869639533693,0.6417081673876809,0.045235742600397984,168.73603250293849,0.0331558501173474
19961080302,2019,16.101144153484427,4399.8769632873045,0.6242451883773003,-0.04476641318647978,629.2767823078193,0.013259189816770989
19961080399,2019,15.358063142042438,4690.263910814557,0.5291082479016258,-0.3168681922635538,715.6302619957714,-0.042145000829924686
19961080536,2019,14.80659016544451,4622.1499698323905,0.5232016070292239,-0.3987938365165274,613.8161698365218,-0.04817943165950158
19951081068,2020,17.576217152415893,2766.10021930604,0.6794126837706504,1.1249630610148387,-621.3432144266635,0.045910793566300456
19951081084,2020,17.360246285819958,3805.9371503633747,0.6637623498046323,1.1949409064005467,254.80354333261994,0.0552100325342988
19961080302,2020,17.351802382261894,3797.7740902867795,0.6642496764876649,1.205891815590988,27.173909307294252,0.0532636779271356
19961080399,2020,17.200117143609518,4187.990643732546,0.645711495784449,1.5251858093035264,213.35699491376155,0.07445824705289862
19961080536,2020,16.81711220621246,4393.403120831285,0.6636342036378943,1.6117282042514214,385.06932083541756,0.09225316494916878
19951081068,2021,17.572309617028736,3112.0674068033372,0.6656312278740983,1.121055525627682,-275.37602692936616,0.03212933766974835
19951081084,2021,17.462259304819764,3313.6024692226706,0.6650378620825408,1.2969539254003524,-237.53113780808408,0.05648554481220728
19961080302,2021,17.370065646240676,3572.560536481408,0.6556470345037454,1.224155079569769,-198.03964449807745,0.04466103594321613
19961080399,2021,16.837035634373073,3305.7191869790036,0.6435268592629169,1.1621043000670837,-668.9144618397817,0.07227361053136637
19961080536,2021,16.34042886454674,3421.6845367911287,0.6343901093570227,1.1350448625857044,-586.6492632047391,0.06300907066829713
19951081068,2022,16.611559901030205,3936.5619495100573,0.561615289465945,0.16030580962915053,549.1185157773539,-0.07188660073840503
19951081084,2022,16.31436322398004,3933.386642179251,0.5454877406863782,0.14905784456062832,382.25303514849685,-0.06306457658395534
19961080302,2022,16.25567186604377,4322.123546112259,0.5350691121690951,0.10976129937286316,551.5233651327735,-0.07591688639143412
19961080399,2022,15.958022640164804,4009.7811965344254,0.5137113765810981,0.28309130585881204,35.14754771564072,-0.05754187215045238
19961080536,2022,15.49510333310732,4089.370369919163,0.5200768873388626,0.28971933114628123,81.0365699232943,-0.05130415134986297
19951081068,2023,17.376817999024354,2774.0750052480153,0.7044755974168874,0.9255639076232995,-613.3684284846881,0.07097370721253737
19951081084,2023,17.338957597812385,4046.9366013663603,0.6778286666933232,1.1736522183929725,495.8029943356058,0.0692763494229897
19961080302,2023,17.383932575281165,3503.1272778732828,0.7063213364319243,1.2380220086102582,-267.47290310620247,0.09533533787139503
19961080399,2023,17.561866567676212,2872.9838232644647,0.7595747174568273,1.886935233370221,-1101.6498255543202,0.18832146872527677
19961080536,2023,17.084168670997666,3187.226554913567,0.7424350822013468,1.878784669036633,-821.1072450823016,0.1710540435126213
19951081068,2024,17.706176403985523,4737.345651683065,0.6434259747759933,1.254922312584469,1349.9022179503613,0.009924084571643288
19951081084,2024,17.65597626153394,4177.616389880503,0.6441957762724899,1.4906708821145271,626.4827828497488,0.03564345900215636
19961080302,2024,17.58893229166671,3726.641965058299,0.6390651938874293,1.443021724995802,-43.958215921186365,0.028079195326900064
19961080399,2024,17.539669614700784,4381.823183479869,0.6288069859995817,1.8647382803947927,407.18953466108394,0.05755373726803138
19961080536,2024,17.194249501290177,4296.253200040846,0.6405984989347187,1.9888654993291406,287.91940004497803,0.06921746024599323
19951081068,2025,16.914722662386737,3836.069039262515,0.6165757603255183,0.4634685709856825,448.62560552981176,-0.016926129878831686
19951081084,2025,16.678658664263324,4388.052207715914,0.6101946585226459,0.5133532848439101,836.9186006851586,0.0016423412523122718
19961080302,2025,16.623310751154804,4628.167850158793,0.605313537856604,0.47740018448389776,857.5676691793078,-0.005672460703925242
19961080399,2025,15.974960790573773,5127.359895884399,0.54473216039328,0.30002945626778343,1152.7262470656142,-0.026521088338270417
19961080536,2025,15.478864419633085,4872.204803662942,0.5450556337969557,0.2734804176720474,863.871003667073,-0.026325404891769932
19961080651,1984,14.94957787748699,3730.33025700114,0.4770092913105911,-0.3164913452074703,-246.65650334039947,-0.0975771600619834
19961080668,1984,14.923718077894591,3687.8179681252627,0.47414076305988645,-0.31907462428733346,-315.28171924084063,-0.0977904798633698
19971080207,1984,15.017332903062712,3537.9247409035884,0.4940884590913563,-0.23478062350218262,-57.28058457013463,-0.06865477655313997
19971080232,1984,15.46346101002919,3777.9257534528024,0.4763744352314784,-0.3269953525454793,-211.35962541646714,-0.10319053320178362
19981080225,1984,15.680248243349325,3725.9971686956032,0.49355549356565664,-0.34071751159597996,-29.481852471193672,-0.10677265392230884
19961080651,1985,13.850667167055475,3969.877634498438,0.5042717068720445,-1.4154020556389868,-7.1091258431019915,-0.07031474450052987
19961080668,1985,13.800548635012888,4110.565499703547,0.49609775248816135,-1.442244067169037,107.46581233744382,-0.07583349043509491
19971080207,1985,13.858195390920294,4012.130846256465,0.4823991148545612,-1.3939181356446007,416.9255207827414,-0.08034412078993503
19971080232,1985,14.291620124729532,4281.898913590114,0.4948729997602769,-1.4988362378451396,292.61353472084426,-0.08469196867298504
19981080225,1985,14.482068336361923,4257.210381029838,0.5036909919326324,-1.538897418583385,501.7313598630415,-0.096637155555333
19961080651,1986,12.761357018567526,3216.435532025484,0.5068464288798367,-2.504712204126935,-760.551228316056,-0.06774002249273779
19961080668,1986,12.698758123923085,3386.8334652254857,0.4990751854615282,-2.54403457825884,-616.2662221406176,-0.07285605746172807
19971080207,1986,12.635207769611053,3922.5700240012484,0.48166079721282423,-2.616905756953841,327.36469852752566,-0.08108243843167194
19971080232,1986,13.383472521052083,3461.5863127543516,0.5179734131227772,-2.406983841522586,-527.6990661149182,-0.06159155531048474
19981080225,1986,13.777250009752784,3256.4229566140734,0.5486484481942656,-2.2437157451925223,-499.0560645527231,-0.05167969929369989
19961080651,1987,14.83117829198427,3530.704484804773,0.5512604952471165,-0.4348909307101909,-446.282275536767,-0.02332595612545798
19961080668,1987,14.846237699536346,3369.9575175710556,0.5597940032136476,-0.3965550026455791,-633.1421697950477,-0.012137239709608671
19971080207,1987,14.958108089250125,3089.682864475346,0.5614521062116536,-0.29400543731476725,-505.52246099837737,-0.0012911294328425162
19971080232,1987,15.430073067717306,3651.47257365818,0.5523131087901766,-0.36038329485736487,-337.8128052110898,-0.027251859643085418
19981080225,1987,15.747084781014026,4109.502290183056,0.5606560990054202,-0.2738809739312824,354.02326901625906,-0.039672048482545325
19961080651,1988,14.685495270162415,3738.443344784332,0.5551096648924133,-0.5805739525320466,-238.54341555720794,-0.019476786480161067
19961080668,1988,14.635019549770675,3755.8629510452874,0.5506181970126802,-0.6077731524112497,-247.2367363208159,-0.021313045910576034
19971080207,1988,14.37982193560617,3863.4628552723275,0.525414980311618,-0.8722915909587239,268.2575297986037,-0.03732825533287808
19971080232,1988,15.062595929604614,4458.524845787807,0.5354681809458952,-0.7278604329700569,469.23946691853683,-0.04409678748736676
19981080225,1988,15.234703379143225,5140.72635883788,0.5327652867027988,-0.7862623758020801,1385.247337671083,-0.0675628607851667
19961080651,1989,15.105696396205756,2747.1406721994426,0.5954232519179834,-0.1603728264887028,-1229.8460881420974,0.02083680054540897
19961080668,1989,15.030637484011493,2803.7130089029815,0.5842438619949932,-0.21215521817043204,-1199.3866784631218,0.012312619071736974
19971080207,1989,14.696603130948724,3035.1827576906057,0.5441052322816425,-0.5555103956161722,-560.0225677831176,-0.018638003362853678
19971080232,1989,15.493234931960073,2894.2304127012194,0.586342386834021,-0.2972214306145951,-1095.0549661680507,0.00677741840075894
19981080225,1989,15.631668365507188,3116.2068667685135,0.5989284360021122,-0.38929738943811854,-639.2721543982831,-0.0013997114858532154
19961080651,1990,15.128906950743316,3153.067587778042,0.5801432567547379,-0.13716227195114392,-823.9191725634983,0.005556805382163477
19961080668,1990,15.058842837292218,3316.186719104717,0.5756369990549495,-0.18394986488970666,-686.9129682613861,0.0037057561316932164
19971080207,1990,15.043858641829617,3766.732390076871,0.5645391119728308,-0.20825488473527753,171.52706460314772,0.0017958763283345222
19971080232,1990,15.65028244690009,3321.3820258088863,0.5628539047111397,-0.14017391567458254,-667.9033530603837,-0.016711063722122235
19981080225,1990,15.876823381525325,3419.136791179371,0.5697921616234547,-0.14414237341998107,-336.34222998742575,-0.030535985864510774
19961080651,1991,15.570605752088033,3232.4833139263965,0.633192985908332,0.3045365293935728,-744.5034464151436,0.05860653453575741
19961080668,1991,15.542012462063155,3252.6751255103327,0.6309019832046405,0.29921975988123073,-750.4245618557707,0.05897074028138427
19971080207,1991,15.57228375274768,3521.684367716098,0.6243458640143726,0.3201702261827858,-73.52095775762473,0.06160262836987646
19971080232,1991,16.2041952989658,2942.939025409751,0.6548599314087864,0.4137389363911293,-1046.3463534595192,0.07529496297552446
19981080225,1991,16.61889117855702,2953.158768656633,0.6904723557482797,0.5979254236117131,-802.3202525101634,0.09014420826031422
19961080651,1992,12.772458797952448,3450.504943394276,0.49408920882931345,-2.493610424742014,-526.4818169472642,-0.08049724254326107
19961080668,1992,12.751744704315627,3476.1117574211085,0.4984140226368931,-2.491047997866298,-526.9879299449949,-0.07351722028636315
19971080207,1992,12.619750155914984,3537.523501859932,0.49575125415900373,-2.632363370649911,-57.681823613791096,-0.06699198148549242
19971080232,1992,13.367923768851872,3530.2337318862146,0.5170548526550457,-2.4225325937227966,-459.051646983055,-0.06251011577821629
19981080225,1992,13.566460912789454,3757.713754520373,0.5460454469622087,-2.454504842155853,2.2347333535764426,-0.054282700525756705
19961080651,1993,15.800633780161547,4321.57143902365,0.582335750012689,0.5345645574670864,344.5846786821098,0.007749298640114511
19961080668,1993,15.734687859079145,4505.3796279091,0.5781148397699988,0.4918951568972201,502.2799405429969,0.006183596846742523
19971080207,1993,15.516218624773481,4160.189752551076,0.553115976629417,0.26410509820858646,564.9844270773524,-0.009627259015079185
19971080232,1993,16.146676576221154,4132.100160653983,0.5614072471465344,0.3562202136464821,142.8147817847126,-0.018157721286727612
19981080225,1993,16.15795556798908,3777.339849485018,0.5527933186688702,0.13698981304377067,21.860828318221344,-0.047534828819095314
19961080651,1994,14.252096230050824,5423.990430538802,0.4759272168967769,-1.0139729926436363,1447.0036701972615,-0.09865923447579758
19961080668,1994,14.209837787738763,5332.859370340852,0.47144547396016356,-1.0329549144431613,1329.759682974749,-0.10048576896309269
19971080207,1994,14.191555641443294,4148.678693309571,0.46455548450767525,-1.0605578851216033,553.4733678358476,-0.09818775113682099
19971080232,1994,14.79186187559561,4937.409308492765,0.4634705777176031,-0.9985944869790612,948.1239296234955,-0.1160943907156589
19981080225,1994,15.020877995851958,4465.890089319761,0.4649817977723487,-1.0000877590933506,710.4110681529638,-0.1353463497156167
19961080651,1995,16.36980775197347,3321.4679703961524,0.6868430587549025,1.103738529279013,-655.5187899453872,0.11225660738232802
19961080668,1995,16.36816369485166,3276.061787168256,0.6871887753523946,1.125370992669735,-727.0379001978472,0.11525753242913839
19971080207,1995,16.474875639844196,3119.918487121343,0.6761019374042974,1.222762113279302,-475.28683835238087,0.11335870175980113
19971080232,1995,16.9844161927561,3565.6601585211356,0.712295293774348,1.1939598301814287,-423.6252203481338,0.13273032534108611
19981080225,1995,17.28528630691261,2877.979852895565,0.7465580622319437,1.2643205519673015,-877.4991682712318,0.1462299147439782
19961080651,1996,15.51575055329698,4565.262026193759,0.6040520454464063,0.24968133060252135,588.2752658522181,0.029465594073831914
19961080668,1996,15.506816067902946,4542.862086969634,0.5979067116177357,0.26402336572102136,539.7623996035309,0.02597546869447942
19971080207,1996,15.564416622552608,3991.7001883556545,0.5659951024244554,0.31230309598771194,396.49486288193117,0.003251866779959205
19971080232,1996,16.00616101714819,4873.248825893404,0.5890143178483213,0.2157046545735199,883.9634470241328,0.009449349415059314
19981080225,1996,16.22171904461014,4184.46275199891,0.6065122139967944,0.2007532896648312,428.98373083211357,0.006184066508828961
19961080651,1997,14.722548475127338,3284.1234064769287,0.5572813697605989,-0.5435207475671238,-692.8633538646118,-0.017305081611975616
19961080668,1997,14.753682950614177,3478.3177499767676,0.5598694413874066,-0.4891097515677476,-524.7819373893358,-0.012061801535849681
19971080207,1997,14.910970349491224,4068.6129875076695,0.5496740328121426,-0.34114317707366937,473.40766203394656,-0.013069202832353612
19971080232,1997,15.228297062330366,3622.5301627748836,0.5479160263975185,-0.5621593002443036,-366.7552160943863,-0.03164894203574352
19981080225,1997,15.494445759675521,3717.442226679444,0.5611706554573938,-0.5265199952697848,-38.03679448735246,-0.03915749203057169
19961080651,1998,15.535793969251142,4092.042256718112,0.5640351938531318,0.26972474655668144,115.05549637657214,-0.010551257519442591
19961080668,1998,15.570054329305492,4050.033096609248,0.570377219174356,0.3272616271235673,46.933409243144524,-0.001554023748900235
19971080207,1998,15.720311419402071,3013.95661490403,0.5805226725032676,0.4681978928371782,-581.2487105696925,0.01777943685877138
19971080232,1998,16.012276107722123,3518.8754964415893,0.5772237778656588,0.22181974514745087,-470.4098824276803,-0.002341190567603201
19981080225,1998,16.237713762437927,3102.007985300167,0.6042224570767579,0.21674800749262182,-653.4710358666293,0.003894309588792428
19961080651,1999,15.759463243899177,5014.059907983958,0.5752242680001609,0.4933940212047158,1037.0731476424176,0.0006378166275865071
19961080668,1999,15.707393886732063,4925.9849653057445,0.5694297838477766,0.46460118455013877,922.8852779396411,-0.0025014590754796062
19971080207,1999,15.944827333464936,4184.058117107991,0.5867061782008525,0.6927138069000421,588.8527916342681,0.023962942556356233
19971080232,1999,16.295082901682242,4880.659663507865,0.5746692859394925,0.504626539107571,891.374284638594,-0.0048956824937694925
19981080225,1999,16.56938740960131,4690.791688527881,0.5926978414078103,0.5484216546559997,935.3126673610841,-0.007630306080155206
19961080651,2000,13.79820804457736,3241.5605376301273,0.5020750423826622,-1.4678611781171018,-735.4262227114126,-0.07251140898991215
19961080668,2000,13.767168748551569,3360.7681262133583,0.5014815038432374,-1.4756239536303557,-642.331561152745,-0.07044973908001884
19971080207,2000,13.747531131796572,3023.6549573798115,0.5018685518992307,-1.5045823947683235,-571.5503680939117,-0.060874683745265466
19971080232,2000,14.266117468633759,3118.0372335594507,0.49261383497287,-1.5243388939409097,-871.2481453098194,-0.08695113346039206
19981080225,2000,14.449612547720394,3047.340844295561,0.5097502150792297,-1.5713532072249141,-708.1381768712358,-0.0905779324087357
19961080651,2001,15.70734319134035,3203.218237035139,0.5861789476428708,0.44127396864589025,-773.7685233064008,0.011592496270296437
19961080668,2001,15.648635862875722,3420.9913852663476,0.5801174920146809,0.4058431606937969,-582.1083020997557,0.008186249091424624
19971080207,2001,15.554076801676516,3243.7728560118567,0.57198677334904,0.3019632751116207,-351.4324694618664,0.009243537704543787
19971080232,2001,16.187303089616265,3383.5392147311463,0.6013444906970343,0.3968467270415953,-605.7461641381236,0.02177952226377239
19981080225,2001,16.403141908599604,3123.0099053229965,0.6421525457708537,0.3821761536542956,-632.4691158437997,0.041824398282888205
19961080651,2002,15.158007889899693,3053.7382710047928,0.6146970535419092,-0.10806133279476776,-923.2484893367472,0.04011060216933482
19961080668,2002,15.132645571059072,2984.377059272763,0.6054515981302462,-0.11014713112285257,-1018.7226280933405,0.03352035520698993
19971080207,2002,15.15398045415466,2999.3340801795994,0.5858440164517494,-0.09813307241023633,-595.8712452941239,0.02310078080725321
19971080232,2002,15.77257567196599,3035.4496656089677,0.6326304986640935,-0.017880690608679757,-953.8357132603021,0.053065530230831465
19981080225,2002,16.053021039159095,2963.7957416901463,0.6529594560475959,0.03205528421378658,-791.6832794766501,0.052631308559630434
19961080651,2003,15.00830858479377,3939.6205309019256,0.5690655033962027,-0.2577606379006912,-37.36622943961402,-0.005520947976371704
19961080668,2003,14.977446202264332,3801.9629451618366,0.5673944934076857,-0.26534649991759274,-201.13674220426674,-0.004536749515570593
19971080207,2003,14.905089362454639,3618.2429121320097,0.5371854409408434,-0.34702416411025483,23.037586658286884,-0.02555779470365279
19971080232,2003,15.500549735238287,4372.196805139852,0.5624251441884173,-0.28990662733638295,382.9114262705818,-0.017139824244844597
19981080225,2003,15.698717907584642,4595.726653974883,0.5620559462475047,-0.3222478473606664,840.2476328080867,-0.03827220124046071
19961080651,2004,13.691728394273435,4639.907713886688,0.46864504303000976,-1.5743408284210265,662.9209535451469,-0.10594140834256466
19961080668,2004,13.654234055505299,4492.425935622641,0.46404068811286814,-1.588558646676626,489.32624825653784,-0.10789055481038812
19971080207,2004,13.577491738838587,3960.3075008769492,0.4540522710599547,-1.6746217877263085,365.10217540322594,-0.10869096458454154
19971080232,2004,14.202661771047593,5136.033142130076,0.4674916958342066,-1.5877945915270777,1146.7477632608068,-0.1120732725990554
19981080225,2004,14.418073375853464,4734.876305758599,0.48466863757188194,-1.6028923790918428,979.3972845918028,-0.11565950991608347
19961080651,2005,17.070152563288616,3710.189868144072,0.7353697858298229,1.8040833405941552,-266.79689219746797,0.1607833344572484
19961080668,2005,17.06458898765453,3704.364441342033,0.7250626317779721,1.8217962854726064,-298.7352460240704,0.1531313888547159
19971080207,2005,17.150008076445904,3777.166716557215,0.6927010409399585,1.8978945498810078,181.96139108349146,0.1299578052954624
19971080232,2005,17.83062665265207,2934.7810630244167,0.7771458952850998,2.0401702900774,-1054.504315844853,0.1975809268518379
19981080225,2005,18.146909026004156,2841.0834755126957,0.794180856105521,2.125943271058851,-914.395545654101,0.19385270861755569
19961080651,2006,15.66520077802137,2987.530593125345,0.6578140435262704,0.39913155532690864,-989.4561672161949,0.08322759215369599
19961080668,2006,15.573813457765482,3027.813692687275,0.6447646152371721,0.33102075558355715,-975.2859946788285,0.07283337231391585
19971080207,2006,15.42619447091607,3039.89486831126,0.6160866153857831,0.1740809443511743,-555.3104571624633,0.053343379741286986
19971080232,2006,16.132847836509168,3184.443804230076,0.650124448228551,0.3423914739344977,-804.8415746391946,0.07055947979528907
19981080225,2006,16.329344782724384,3510.870695645047,0.6716049775574386,0.3083790277790783,-244.60832552174972,0.07127683006947313
19961080651,2007,14.824589542720663,4475.835876911029,0.5936743901496083,-0.44147967997379883,498.84911656948907,0.01908793877703392
19961080668,2007,14.807793906115137,4392.63315293853,0.5905170743968063,-0.4349987960667878,389.5334655724264,0.018585831473550085
19971080207,2007,14.941929092913506,3341.997275459829,0.5999772511703897,-0.3101844336513881,-253.208050013894,0.0372340155258934
19971080232,2007,15.42932377641812,4013.946273988164,0.6136370321124694,-0.36113258615655086,24.660895118893965,0.03407206367920756
19981080225,2007,15.736418902970005,3721.2706153238037,0.6436772109449854,-0.284546851975302,-34.208405842992875,0.04334906345701999
19961080651,2008,15.08396825652194,5627.514670538519,0.41405375348709383,-0.1821009661725217,1650.5279101969788,-0.16053269788548058
19961080668,2008,15.095001820550465,5608.535351726029,0.4178560839938174,-0.14779088163145992,1605.4356643599258,-0.15407515892943885
19971080207,2008,15.183631615979644,4113.607376669902,0.430051575430957,-0.06848191058525148,518.4020511961787,-0.13269166021353923
19971080232,2008,15.564015321789531,5792.392495327251,0.4142850934413153,-0.22644104078513635,1803.1071164579812,-0.16527987499194666
19981080225,2008,15.704888251259094,5084.532805040039,0.4263084210580951,-0.3160775036862146,1329.053783873243,-0.17401972642987037
19961080651,2009,14.841216654017387,3506.869657933722,0.5217196126075645,-0.4248525686770737,-470.11710240781804,-0.05286683876501
19961080668,2009,14.836049541528723,3576.771780513237,0.5257339101784068,-0.4067431606532015,-426.32790685286636,-0.046197332744849495
19971080207,2009,14.967294642615066,3327.1514250986966,0.5195623276484665,-0.28481888394983,-268.0539003750265,-0.04318090799602971
19971080232,2009,15.250508527501621,3998.296910366354,0.5131767042193808,-0.5399478350730474,9.011531497083682,-0.06638826421388118
19981080225,2009,15.345507494301456,3916.3033311869353,0.5236203328322426,-0.6754582606438512,160.824310020139,-0.07670781465572282
19961080651,2010,15.612873503090704,3523.321718671337,0.6039342861205846,0.34680428039624156,-453.6650416702032,0.0293478347480101
19961080668,2010,15.632137967538142,3450.250531309262,0.603342607718825,0.3893452653562175,-552.8491560568414,0.03141136479556872
19971080207,2010,15.704590479781379,2500.905491420088,0.5888961636643285,0.4524769532164813,-1094.2998340536355,0.026152928019832187
19971080232,2010,16.309682303201722,3363.979036021324,0.6316558442995316,0.5192259406270502,-625.3063428479456,0.052090875866269676
19981080225,2010,16.669965565466985,2778.2789844576114,0.6735382284892085,0.6489998105216787,-977.2000367091854,0.07321008100124307
19961080651,2011,15.766051991780637,3750.539798027328,0.6060950297633172,0.499982769086176,-226.44696231421221,0.031508578390742704
19961080668,2011,15.773886782881164,3832.1117230862887,0.614380995181501,0.5310940806992388,-170.9879642798146,0.042449752258244766
19971080207,2011,15.658590363920434,2940.1697482101963,0.6054261176220506,0.40647683735553797,-655.0355772635269,0.04268288197755433
19971080232,2011,16.25650621604118,3698.666684385752,0.5985886493369644,0.46604985346651073,-290.6186944835178,0.019023680903702538
19981080225,2011,16.566152649007716,3495.7222622439217,0.6438381666825357,0.5451868940624107,-259.7567589228747,0.04351001919457017
19961080651,2012,16.06589627473255,3829.457172374756,0.6286243214344962,0.7998270520380909,-147.52958796678422,0.05403787006192164
19961080668,2012,16.010805411960803,3724.9098328832097,0.6265281993285364,0.768012709778878,-278.1898544828937,0.05459695640528017
19971080207,2012,16.095972294660687,3387.0376095301754,0.6267565184224468,0.8438587680957931,-208.1677159435476,0.06401328277795058
19971080232,2012,16.60713456819527,3976.84769992032,0.652402442769543,0.8166782056206007,-12.437678948949769,0.07283747433628093
19981080225,2012,16.98304624941424,3109.636267953446,0.7081530188048867,0.9620804944689326,-645.8427532133505,0.1078248713169212
19961080651,2013,14.996589076000737,4050.30246210364,0.5628793911119062,-0.2694801466937239,73.31570176210016,-0.011707060260668168
19961080668,2013,14.97657555980959,4072.939169789528,0.5585401052326183,-0.2662171423723354,69.83948242342467,-0.013391137690637933
19971080207,2013,14.985589376992193,3533.2153668246865,0.5516551573261277,-0.26652414957270115,-61.989958649036254,-0.011088078318368477
19971080232,2013,15.466422893734645,3955.298285241463,0.5618819360758979,-0.32403346884002426,-33.98709362780733,-0.017683032357364046
19981080225,2013,15.646591251381503,3632.6312905416526,0.5594190140683634,-0.3743745035638058,-122.84773062514401,-0.04090913341960202
19961080651,2014,15.797252574865364,3737.30301273218,0.6030436504972289,0.5311833521709044,-239.68374760935967,0.028457199124654494
19961080668,2014,15.753254011402987,4078.080530959877,0.5966125749685703,0.5104613092210624,74.98084359377344,0.024681332045314086
19971080207,2014,15.531866772845346,4035.688484402828,0.5602513054329519,0.2797532462804503,440.48315892910523,-0.0024919302115444424
19971080232,2014,16.161477923738786,3874.2437984158714,0.590847829817298,0.3710215611641152,-115.04158045339831,0.011282861384035918
19981080225,2014,16.1250322200634,3572.9887600904385,0.5862783632695189,0.10406646511809196,-182.4902610763584,-0.01404978421844666
19961080651,2015,15.006818331842886,3949.061057293705,0.4956219372914071,-0.25925089085157577,-27.92570304783567,-0.07896451408116732
19961080668,2015,14.980153752755427,3904.6024519446405,0.48941505612641567,-0.26263894942649735,-98.49723542146285,-0.08251618679684058
19971080207,2015,15.076227799760222,3973.90828629983,0.49324499592928295,-0.1758857268046732,378.7029608261062,-0.06949823971521324
19971080232,2015,15.408386966746377,4032.9090521798025,0.48888464728693876,-0.3820693958282915,43.623673310532546,-0.09068032114632321
19981080225,2015,15.576225205102558,3582.16643457403,0.5045659936300967,-0.4447405498427499,-173.3125865927667,-0.09576215385786874
19961080651,2016,15.193127032293807,4384.853015664698,0.5186745072787677,-0.07294219040065321,407.8662553231584,-0.05591194409380678
19961080668,2016,15.163388935033822,4575.858278024675,0.5143500534092017,-0.07940376714810249,572.7585906585718,-0.057581189514054554
19971080207,2016,15.178497019638725,3517.7585971567087,0.5222733029765231,-0.07361650692616838,-77.44672831701422,-0.04046993266797316
19971080232,2016,15.724643849234248,4840.42159282161,0.5241033948541296,-0.06581251334042182,851.1362139523411,-0.05546157357913229
19981080225,2016,16.040310235261543,4647.262327639188,0.562890449664213,0.01934448031623714,891.7833064723916,-0.0374376978237524
19961080651,2017,14.197727492235742,4195.7121161715095,0.5380671476339801,-1.0683417304587184,218.72535582996943,-0.036519303738594355
19961080668,2017,14.127116892994309,4268.528471139163,0.5329792533420817,-1.115675809187616,265.4287837730599,-0.03895198958117452
19971080207,2017,14.002083696866361,4492.332052945126,0.520236709452627,-1.250029829698532,897.1267274714028,-0.04250652619186924
19971080232,2017,14.746874903295048,3954.0424602678163,0.5476961046518601,-1.0435814592796215,-35.24291860145388,-0.03186886378140181
19981080225,2017,14.94246266452588,4122.703702972587,0.5552312321717829,-1.078503090419425,367.22468180579114,-0.04509691531618251
19961080651,2018,16.46796218208647,4045.208913467676,0.6461453419150912,1.2018929593920058,68.22215312613662,0.07155889054251677
19961080668,2018,16.46346734088405,3958.8417882172776,0.6494066752129024,1.2206746387021266,-44.2578991488258,0.07747543228964615
19971080207,2018,16.42671099775994,3314.1954769024387,0.6400737062118667,1.174597471195047,-281.00984857128464,0.07733047056737043
19971080232,2018,17.120157299068538,4069.4340991049485,0.6657148863736124,1.3297009364938674,80.14872023567864,0.0861499179403504
19981080225,2018,17.45441202357198,4008.8676177452185,0.7043502414781715,1.4334462686266765,253.38859657842164,0.10402209399020594
19961080651,2019,14.853991576208603,4542.093112259816,0.5258205822158648,-0.4120776464858583,565.1063519182758,-0.04876586915670964
19961080668,2019,14.848619597891116,4627.293525203775,0.5238503098654802,-0.3941731042908092,624.1938378376717,-0.048080933057776054
19971080207,2019,14.995893419551836,3813.013658474551,0.5329647244502072,-0.2562201070130601,217.80833300082801,-0.02977851119428909
19971080232,2019,15.530381194627871,4806.883907095993,0.5502920250678031,-0.2600751679467982,817.5985282267226,-0.029272943365458843
19981080225,2019,15.902350670767957,4466.99879514618,0.594275938271371,-0.11861508417734955,711.5197739793832,-0.0060522092165944535
19961080651,2020,16.875904192440792,4210.258779716182,0.6724130728582617,1.609834969746333,233.27201937464133,0.09782662148568723
19961080668,2020,16.85260291583296,4388.644880470323,0.6624631152673013,1.609810213651036,385.54519310421983,0.09053187234404503
19971080207,2020,16.784946647744068,4156.482312934594,0.6344340009146145,1.5328331211791724,561.276987460871,0.07169076527011832
19971080232,2020,17.208602106710543,4133.061608935871,0.6520951440675317,1.4181457441358738,143.77623006660073,0.07253017563426965
19981080225,2020,17.264050739194158,4181.516850505182,0.6408710295710565,1.2430849842488518,426.0378293383861,0.040542882083091036
19961080651,2021,16.441547721365257,3307.4932778179323,0.6408347869427268,1.1754784986707987,-669.4934825236078,0.06624833557015238
19961080668,2021,16.37346326993861,3427.384530931679,0.6346388283093173,1.1306705677566864,-575.7151564344244,0.06270758538606103
19971080207,2021,16.167170787839858,3501.4599496968026,0.6083087853882988,0.9150572612749628,-93.74537577692102,0.04556554974380251
19971080232,2021,16.975527305433623,3287.2513890311757,0.6525204018442761,1.185070942858955,-702.0339898380943,0.07295543341101403
19981080225,2021,17.21792486843985,3383.7281708151327,0.6559615004531192,1.1969591134945476,-371.75085035166376,0.055633352965153655
19961080651,2022,15.565319312828182,4200.022552307625,0.5289218365715335,0.29925009013372195,223.0357919660851,-0.045664614801040906
19961080668,2022,15.53212220288708,4072.5524825564817,0.5196899284407739,0.28932950070515595,69.45279519037831,-0.05224131448248237
19971080207,2022,15.66828488792666,4064.7031489317815,0.51551791995771,0.4161713613617665,469.49782345805806,-0.04722531568678628
19971080232,2022,15.972692336875639,4088.8645032370778,0.5096519477068994,0.1822359743009681,99.57912436780822,-0.06991302072636263
19981080225,2022,16.104129861799947,4442.419207731123,0.509701013794982,0.08316410685463965,686.9401865643259,-0.09062713369298347
19961080651,2023,17.07942924223087,3139.947427481239,0.7334318871531071,1.8133600195364064,-837.0393328603009,0.15884543578053276
19961080668,2023,17.130772900235854,3159.392524555152,0.7450063362470521,1.8879801980539295,-843.7071628109516,0.1730750933237959
19971080207,2023,16.92266707467718,2906.0439219400646,0.7008193590562402,1.6705535481122857,-689.1614035336587,0.13807612341174388
19971080232,2023,17.51337885372881,3198.3767560707893,0.749016127758356,1.7229224911541392,-790.9086227984811,0.169451159325094
19981080225,2023,17.502323126370616,2935.968430709058,0.744126545229815,1.4813573714253077,-819.5105904577389,0.14379839774184955
19961080651,2024,17.25993475430257,4410.797383782121,0.6444233957966782,1.9938655316081109,433.81062344058097,0.06983694442410376
19961080668,2024,17.227889881963335,4288.5342118857825,0.6404284016491769,1.9850971797814108,285.43452451967914,0.06849715872592066
19971080207,2024,17.268218719825356,3421.0524131359884,0.652977140833786,2.016105193260461,-174.15291233773465,0.09023390518928977
19971080232,2024,17.511322309682182,4121.085759452271,0.6268656808283639,1.7208659471075138,131.80038058300119,0.04730071239510194
19981080225,2024,17.565981343095828,3857.8935042930607,0.6371556530082596,1.5450155881505183,102.41448312626378,0.0368275055202941
19961080651,2025,15.536662589639855,4776.664451889379,0.5516870043354751,0.27059336694539377,799.6776915478381,-0.022899447037099386
19961080668,2025,15.517226342187428,4872.096241645199,0.5448708811961718,0.27443364000550297,868.996554279096,-0.02706036172708448
19971080207,2025,15.636574547346338,4375.275316674156,0.5408839771740109,0.3844610207814435,780.069991200433,-0.02185925847048529
19971080232,2025,16.096597654967756,5435.773630309173,0.5580174605756089,0.30614129239308596,1446.4882514399035,-0.02154750785765319
19981080225,2025,16.446203023416025,4595.991359396073,0.5858659619088454,0.4252372684707153,840.5123382292767,-0.014462185579120072
19991080950,1984,16.284879019640528,4331.252045626559,0.5018834876115416,-0.5837133905161878,993.2590234172371,-0.13432598001998908
20011080405,1984,15.680886023056132,2818.761304338891,0.562632521629175,-0.14701715767286908,-553.7647096050742,-0.055865558533070916
20051080355,1984,15.742418601086765,4041.989655448449,0.5037092106997235,-0.28667273068390303,31.040275822257982,-0.08940349036360057
20051080374,1984,15.170582286171308,3857.5604211490545,0.48419204337154864,-0.29776345585625613,-139.74439880579342,-0.09134801780215401
20051080583,1984,15.944879797691337,3885.9378490575687,0.49653889385601807,-0.4617978828540718,243.41696338651568,-0.12236062851511714
19991080950,1985,15.19148765646895,3273.7537625461428,0.5408965923649607,-1.6771047536877646,-64.23925966317938,-0.09531287526656995
20011080405,1985,14.345979726026618,3279.8255594973375,0.5282110751043729,-1.4819234547023836,-92.70045444662811,-0.09028700505787295
20051080355,1985,14.49300978087768,4766.8950988091965,0.5063218034051481,-1.53608155089299,755.9457191830058,-0.08679089765817603
20051080374,1985,14.047375089949485,4163.557155880293,0.5076639947890267,-1.4209706520780778,166.25233592544564,-0.06787606638467607
20051080583,1985,14.808755209826062,4426.723758321636,0.5153993086724953,-1.5979224707193465,784.202872650583,-0.1035002136986399
19991080950,1986,14.838188957822524,3186.173989004878,0.5498339810229556,-2.030403452334191,-151.81903320444417,-0.08637548660857508
20011080405,1986,13.51592569166913,3563.4871158147735,0.5438100930518567,-2.311977489059872,190.96110187080754,-0.07468798711038922
20051080355,1986,13.617129548697886,3334.745552165132,0.5204974251636482,-2.4119617830727837,-676.203827461059,-0.07261527589967587
20051080374,1986,13.003435999828856,3219.6961519266047,0.509896305352892,-2.464909742198708,-777.6086680282427,-0.06564375582081075
20051080583,1986,14.23633460583897,2903.1595709326557,0.5560613089240711,-2.170343074706438,-739.361314738397,-0.06283821344706397
19991080950,1987,16.785176890829348,4354.405816382969,0.5767635920667878,-0.08341551932736735,1016.4127941736465,-0.05944587556474279
20011080405,1987,15.608970163870577,3628.4179650736887,0.5913130864164725,-0.2189330168584256,255.89195112972308,-0.027184993745773472
20051080355,1987,15.685015742291203,3605.683689779014,0.5599792665096472,-0.34407558947946626,-405.26568984717704,-0.03313343455367678
20051080374,1987,15.026198283209338,3755.5787833028076,0.5458192199310264,-0.4421474588182257,-241.7260366520399,-0.029720841242676203
20051080583,1987,16.17679214569683,4419.750540003576,0.5704344411896675,-0.22988553484858124,777.2296543325232,-0.04846508118146778
19991080950,1988,16.57865756352743,4570.139811140848,0.6201857949256799,-0.28993484662928637,1232.1467889315259,-0.0160236727058507
20011080405,1988,14.93857804680793,4232.344084496352,0.5597266032940837,-0.8893251339210728,859.8180705523864,-0.0587714768681622
20051080355,1988,15.38667339610596,4778.785376369177,0.5491268395209746,-0.6424179356647078,767.8359967429869,-0.043985861542349465
20051080374,1988,14.91250957184947,3822.597239231123,0.5567839799793275,-0.5558361701780967,-174.7075807237251,-0.018756081194375225
20051080583,1988,15.70026301738724,5368.465667677242,0.5512756292121335,-0.7064146631581698,1725.9447820061894,-0.06762389315900164
19991080950,1989,16.47330335810568,2650.587274834528,0.6137597950151812,-0.3952890520510337,-687.4057473747939,-0.022449672616349448
20011080405,1989,15.074502300870638,3421.807875377451,0.5702511448288263,-0.7534008798583625,49.28186143348557,-0.04824693533341954
20051080355,1989,15.812762321251025,3533.6393538415577,0.6144724504131366,-0.216329010519643,-477.3100257846331,0.021359749349812527
20051080374,1989,15.299016850236548,2774.467135660365,0.5980706887467684,-0.16932889179101657,-1222.8376842944826,0.022530627573065728
20051080583,1989,15.980390448270823,3689.1394197940194,0.608852336634508,-0.42628723227458654,46.618534122966906,-0.010047185736627122
19991080950,1990,16.505620181042218,2967.914929144154,0.5862384545707143,-0.3629722291144972,-370.0780930651681,-0.049971013060816305
20011080405,1990,15.518369747014466,3690.2018842871685,0.5855520726217144,-0.3095334337145358,317.6758703432032,-0.03294600754053149
20051080355,1990,16.007358945855774,3610.5827547883687,0.5885202080748044,-0.021732385914894792,-400.36662483782186,-0.004592492988519714
20051080374,1990,15.389790845953922,3160.6852008924584,0.5790774930411189,-0.0785548960736417,-836.619619062389,0.003537431867416121
20051080583,1990,16.20197034319818,3005.498805535639,0.5761514357724598,-0.20470733734722693,-637.022080135414,-0.04274808659867535
19991080950,1991,17.53032555649247,3711.9564080097653,0.7427098451578882,0.6617331463357559,373.9633858004431,0.10650037752635755
20011080405,1991,16.431172618313155,2607.8441262352844,0.7071169467020673,0.6032694375841542,-764.6818877086813,0.08861886653982144
20051080355,1991,16.37550717981925,3241.4024013098783,0.6435408492123336,0.3464158480485816,-769.5469783163121,0.05042814814900945
20051080374,1991,15.777913057907794,3075.557759501872,0.6356099257693402,0.3095673158802294,-921.7470604529752,0.06006986459563742
20051080583,1991,17.080062058582424,2772.9451287199217,0.7265853026510882,0.6733843780370127,-869.575756951131,0.10768578027995312
19991080950,1992,14.157504653930687,3689.3974885728085,0.5387781873040041,-2.7110877562260285,351.40446636348634,-0.09743128032752657
20011080405,1992,13.11807712241648,3375.895508106661,0.5592746053239476,-2.7098260583125215,3.3694941626957498,-0.059223474838298304
20051080355,1992,13.608707095651463,3979.1489629044586,0.5084222533355182,-2.4203842361192054,-31.800416721731935,-0.08469044772780589
20051080374,1992,12.969451834637207,3772.466377281758,0.48652671577871387,-2.498893907390358,-224.83844267308987,-0.08901334539498877
20051080583,1992,13.902824315241585,3739.028168577875,0.5496393065586553,-2.503853365303822,96.5072829068219,-0.0692602158124798
19991080950,1993,16.814143248571895,3656.120744984186,0.5654071645849037,-0.05444916158482016,318.12772277486374,-0.07080230304662694
20011080405,1993,15.938268411332295,3658.689657366113,0.5905507926517244,0.11036523060329154,286.1636434221476,-0.027947287510521595
20051080355,1993,16.440278640077548,3703.0147841150592,0.5840702831492581,0.4111873083068779,-307.9345955111319,-0.009042417914065879
20051080374,1993,16.004259551504422,4031.8705483931667,0.5793872052462957,0.5359138094768588,34.5657284383188,0.0038471440725930867
20051080583,1993,16.369032936741235,4238.540802019238,0.5453653992131262,-0.037644743804174964,596.0199163481844,-0.07353412315800886
19991080950,1994,16.204544535927198,3526.0477470655724,0.5334047926636214,-0.6640478742295173,188.05472485625023,-0.10280467496790924
20011080405,1994,14.755511250242533,4663.59405726686,0.4955862566494101,-1.0723919304864669,1291.0680433228943,-0.12291182351283579
20051080355,1994,15.12610512133,4786.279348760792,0.48348574986767584,-0.9029862104406692,775.3299691346011,-0.10962695119564818
20051080374,1994,14.487516116543112,5041.759728645234,0.4762025839592455,-0.9808296254844543,1044.4549086903862,-0.0993374772144572
20051080583,1994,15.514196210207025,4543.091861732409,0.48771971946259074,-0.8924814703383838,900.5709760613554,-0.1311798029085445
19991080950,1995,18.136845760069036,2674.969878877274,0.7641184731738103,1.268253349912321,-663.0231433320482,0.12790900554227969
20011080405,1995,17.122589185963516,2827.5611722445205,0.7415759125247459,1.2946860052345137,-544.9648416994447,0.12307783236249999
20051080355,1995,17.283281975283952,3041.0878759722627,0.7411482868922498,1.2541906435132808,-969.8615036539281,0.1480355858289256
20051080374,1995,16.61775467084803,3189.191839071683,0.6936013829781337,1.1494089288204652,-808.1129808831646,0.11806132180443102
20051080583,1995,17.688859055929175,2648.3877663608423,0.7641679110360146,1.2821813753837665,-994.1331193102104,0.14526838866487937
19991080950,1996,16.835451463340007,2207.2992384836284,0.6106526023160724,-0.033140946816708095,-1130.6937837256937,-0.0255568653154582
20011080405,1996,15.988431512215318,3354.491709833861,0.6001495305047302,0.16052833148631743,-18.034304110104276,-0.01834854965751568
20051080355,1996,16.276460345970094,4703.353976829701,0.6100121509426683,0.2473690141994219,692.4045972035104,0.016899449879344143
20051080374,1996,15.703276948790652,4673.718040327748,0.6030319241385167,0.2349312067630883,676.4132203729006,0.02749186296481401
20051080583,1996,16.530284067052598,4045.240900911443,0.6139389355392496,0.12360638650718914,402.7200152403898,-0.004960586831885516
19991080950,1997,16.717057434026742,3297.989964775397,0.6691549963391035,-0.15153497612997313,-40.00305743392528,0.032945528707572835
20011080405,1997,15.564811576161445,3453.7595233988304,0.6048039934064032,-0.263091604567555,81.23350945486452,-0.013694086755842678
20051080355,1997,15.421780257754897,3615.118079177691,0.5629804305313778,-0.6073110740157711,-395.83130044849986,-0.03013227053194639
20051080374,1997,14.845391581162172,3336.8887131583224,0.5511168354635435,-0.6229541608653942,-660.4161067965246,-0.024423225710159247
20051080583,1997,15.899941475264711,3616.5386399168497,0.5856671967339007,-0.5067362052806961,-25.982245754203316,-0.03323232563723441
19991080950,1998,16.958294535374307,2411.2998483829033,0.6284247739526028,0.0897021252175918,-926.6931738264188,-0.0077846936789278676
20011080405,1998,16.088506701833392,2992.5269609443676,0.6066019059439781,0.26060352110438956,-379.99905299959784,-0.011896174218267755
20051080355,1998,16.07032323781996,3195.863156136771,0.5787388567858356,0.04123190604929129,-815.08622348942,-0.01437384427748852
20051080374,1998,15.646232431660557,3665.5472599468962,0.5636287455565201,0.17788668963299253,-331.75756000795167,-0.011911315617182488
20051080583,1998,16.580996281628487,2956.474311414096,0.6220062664484028,0.17431860108307642,-686.0465742569568,0.0031067440772677133
19991080950,1999,17.50035644475969,3944.51091871035,0.6204728705097882,0.6317640346029734,606.5178965010277,-0.01573659712174247
20011080405,1999,16.538021328138296,4104.666667658805,0.6267546892259974,0.7101181474092934,732.1406537148392,0.008256609063751436
20051080355,1999,16.611599454710838,5330.858987527972,0.6076340573370657,0.5825081229401698,1319.909607901781,0.014521356273741454
20051080374,1999,16.012593975896444,5036.808411594449,0.5859878845891618,0.5442482338688757,1039.5035916396018,0.010447823415459212
20051080583,1999,16.993578741285553,4492.2564282976555,0.6117526004702387,0.5869010607401448,849.7355426266031,-0.007146921900896467
19991080950,2000,15.220880216792011,3111.7245004339084,0.5302538764556665,-1.647712193364704,-226.26852177541377,-0.10595559117586417
20011080405,2000,14.228934203714573,2769.0009926893376,0.5319137495327004,-1.5989689770144284,-603.5250212546276,-0.08658433062954549
20051080355,2000,14.560035969861675,3268.936722842826,0.5086964160067702,-1.4690553619089926,-742.0126567833653,-0.08441628505655391
20051080374,2000,14.045539092188303,3397.664327995287,0.5028443941453302,-1.4228066498392622,-599.6404919595607,-0.07269566702837248
20051080583,2000,14.81344368008603,3209.742973972013,0.517935051739038,-1.5932340004593775,-432.77791169903986,-0.10096447063209713
19991080950,2001,17.443664770541034,2372.8732177095253,0.7365662627380155,0.5750723603843184,-965.1198044997968,0.10035679510648488
20011080405,2001,16.225199896125975,3152.420950343374,0.6614627628473085,0.39729671539697503,-220.10506360059117,0.04296468268506266
20051080355,2001,16.398751151504175,3296.55845268087,0.6144483114698268,0.36965981973350637,-714.390926945321,0.021335610406502642
20051080374,2001,15.886000099458602,3511.936215445562,0.583519574746434,0.41765435743103874,-485.3686045092853,0.007979513572731358
20051080583,2001,16.815750544543462,2842.961462426085,0.6803131669001551,0.40907286399805337,-799.5594232449682,0.061413644529019956
19991080950,2002,16.98906788480457,3523.9956240423885,0.677964419881475,0.12047547464785424,186.00260183306636,0.04175495224994441
20011080405,2002,15.912265902901652,2980.899811220007,0.6491435331159047,0.08436272217265046,-391.6262027239586,0.0306454529536588
20051080355,2002,15.935466240531216,3688.6241436155333,0.6361357549457518,-0.09362509123945273,-322.3252360106569,0.04302305388242764
20051080374,2002,15.37463025742685,3304.049173078772,0.6236273156782094,-0.09371548460071545,-693.2556468760753,0.04808725450450672
20051080583,2002,16.410830424949182,3008.2520461507384,0.6599471202477869,0.004152744403773926,-634.2688395203145,0.041047597876651694
19991080950,2003,16.730465231080018,4480.110038554745,0.6122161160753914,-0.13812717907669736,1142.117016345423,-0.023993351556139242
20011080405,2003,15.434858405993205,4230.83032219219,0.5760987991572025,-0.39304477473579524,858.3043082482238,-0.04239928100504342
20051080355,2003,15.819131523476335,4472.6105149904,0.5735613220499811,-0.20995980829433591,461.661135364209,-0.019551379013342928
20051080374,2003,15.227904372837266,4374.868117606717,0.5644734297885386,-0.24044136919029763,377.56329765186916,-0.011066631385164038
20051080583,2003,16.11340384644588,5822.607244314222,0.5696944108567812,-0.29327383409952795,2180.086358643169,-0.04920511151435395
19991080950,2004,15.3305761212888,3612.3893403451534,0.549107932762939,-1.5380162888679152,274.3963181358313,-0.08710153486859162
20011080405,2004,14.043627147858862,4213.275434418608,0.4966337081322342,-1.78427603287014,840.749420474642,-0.12186437203001181
20051080355,2004,14.494777891524585,4662.298103246347,0.48680459451476793,-1.534313440246086,651.3487236201556,-0.10630810654855612
20051080374,2004,13.886599070507582,4935.355597492644,0.4699715351263225,-1.5817466715199833,938.0507775377964,-0.10556852604738019
20051080583,2004,14.858603743309024,4211.0581457172,0.5143323536349181,-1.5480739372363854,568.5372600461479,-0.10456716873621703
19991080950,2005,19.12676258225372,2672.3531819948325,0.8622075529525394,2.258170172097003,-665.6398402144896,0.22599808532100873
20011080405,2005,17.900838150264025,2495.494762442387,0.7970209619042613,2.0729349695350257,-877.0312515015783,0.17852288174201547
20051080355,2005,17.946968147873726,2835.270255293492,0.7621678043696147,1.9178768161030597,-1175.6791243326986,0.16905510330629064
20051080374,2005,17.28100907228997,3418.422833650685,0.7378833014555872,1.8126633302624062,-578.8819863041622,0.16234324028188465
20051080583,2005,18.51313254545279,2732.4366702106804,0.7983334611792025,2.1064548649073838,-910.0842154603727,0.17943393880806716
19991080950,2006,17.144864571612857,4007.917912787022,0.6911458125264508,0.2762721614561414,669.9248905776999,0.054936344894920164
20011080405,2006,16.051725512886982,3344.716459312361,0.6915345369077915,0.22382233215798308,-27.809554631604136,0.07303645674554562
20051080355,2006,16.418947314448214,2925.610517779147,0.6603662182282736,0.3898559826775462,-1085.3388618470442,0.0672535171649495
20051080374,2006,15.943774076821187,2856.7059921456594,0.6633397213307344,0.4754283347936218,-1140.5988278091882,0.08779966015703171
20051080583,2006,16.71869605612642,3299.8035369804534,0.6885920471969493,0.3120183755810091,-342.71734869059947,0.06969252482581421
19991080950,2007,16.56551529566451,3930.788912623271,0.6027737350488538,-0.3030771144922042,592.7958904139487,-0.03343573258267685
20011080405,2007,15.636430480975491,3232.781458148504,0.6488675367742487,-0.19147269975351003,-139.7445557954617,0.03036945661200278
20051080355,2007,15.651366992618742,4151.413510262944,0.6299120807679295,-0.3777243391519257,140.46413063675365,0.036799379704605444
20051080374,2007,15.058501560100638,4306.900043896481,0.6034148410642945,-0.4098441819269277,309.5952239416339,0.02787477989059194
20051080583,2007,16.136198512367606,3768.769891308935,0.6548764373622057,-0.2704791681778032,126.24900563788214,0.035976914991070544
19991080950,2008,16.347805014900587,5255.452113720391,0.4581427752350835,-0.5207873952561286,1917.459091511069,-0.17806669239644712
20011080405,2008,15.530579655412337,3946.994492968037,0.4639767675608735,-0.29732352531666234,574.4684790240716,-0.15452131260137236
20051080355,2008,15.820670415967394,4487.620120120659,0.4347984150592207,-0.20842091580327426,476.6707404944674,-0.15831428600410336
20051080374,2008,15.288719976121143,5129.795458103333,0.4200062111005899,-0.17962576590642293,1132.4906381484852,-0.15553385007311274
20051080583,2008,16.05176083569367,4750.023876025377,0.44834689513793946,-0.3549168448517391,1107.5029903543243,-0.17055262723319567
19991080950,2009,15.891627800982974,3272.700935266922,0.5429844163336226,-0.9769646091737414,-65.29208694240015,-0.09322505129790803
20011080405,2009,15.200023997578683,3248.6819494267406,0.5283530402562985,-0.6278791831503187,-123.84406451722498,-0.09014503990594742
20051080355,2009,15.404994401916428,4086.3720055214335,0.5218079745160636,-0.6240969298542411,75.42262589524242,-0.07130472654726044
20051080374,2009,14.981419219970746,3621.595215909193,0.5121165459948526,-0.48692652205681886,-375.7096040456544,-0.06342351517885013
20051080583,2009,15.58922841905973,4086.619067349636,0.5247927100331835,-0.8174492614856802,444.0981816785837,-0.09410681233795175
19991080950,2010,17.66444856394895,2269.819450327173,0.7309035682286712,0.7958561537922364,-1068.1735718821492,0.09469410059714056
20011080405,2010,16.430954003449244,2352.8232898050696,0.6564604396240651,0.603050822720243,-1019.7027241388959,0.03796235946181914
20051080355,2010,16.485791191924235,3872.419144824229,0.642483660708239,0.45669986015356856,-138.53023480196245,0.04937095964491502
20051080374,2010,15.813090009827546,3611.859974474624,0.6026012829211436,0.3447442677999818,-385.4448454802236,0.027061221747440932
20051080583,2010,17.112546640663375,2658.9473898689193,0.7051009887449754,0.7058689601179671,-983.5734958021333,0.08620146637384014
19991080950,2011,17.55739862193235,3599.222619383088,0.6914919148066104,0.6888062117756348,261.2295971737658,0.055282447175079796
20011080405,2011,16.328561014368937,2284.213497910451,0.6840140247105649,0.5006578336399331,-1088.3125160335144,0.065515944548319
20051080355,2011,16.525135202453946,3974.698060281791,0.6044323928459157,0.496043870683278,-36.25131934439975,0.011319691782591549
20051080374,2011,15.931090382009316,3655.435689984313,0.592163359129968,0.46274463998175014,-341.86912997053463,0.016623297956265274
20051080583,2011,16.993827668710637,3771.1801606596337,0.6575669810792233,0.5871499881652282,128.65927498858082,0.03866745870808806
19991080950,2012,17.761219389542305,2710.707681435675,0.7399613280330566,0.8926269793855894,-627.285340773647,0.10375186040152595
20011080405,2012,16.84768880945476,3171.2333838103523,0.707303527703018,1.01978562872576,-201.29263013361347,0.0888054475407721
20051080355,2012,16.805584281884574,3833.647217162779,0.6545796618593578,0.7764929501139043,-177.3021624634122,0.061466960796033726
20051080374,2012,16.237496528072654,4003.19777253601,0.6230281841359631,0.7691507860450891,5.89295258116279,0.047488122962260314
20051080583,2012,17.408510941583785,2816.0321775724206,0.7389608580822086,1.0018332610383747,-826.4887080986321,0.12006133571107352
19991080950,2013,16.455155758235776,3089.341960112428,0.5766894835417514,-0.41343665192093937,-248.6510620968943,-0.05951998408977921
20011080405,2013,15.590465687092982,2953.354279086168,0.6147036066655832,-0.23743749363601904,-419.1717348577977,-0.003794473496662731
20051080355,2013,15.699413244428674,3776.068246084957,0.5778879202081371,-0.3296780873419915,-234.88113354123402,-0.015224780855187008
20051080374,2013,15.195519669297834,4195.35175797609,0.568630113154409,-0.2728260727297305,198.04693802124265,-0.006909948019293584
20051080583,2013,16.045144669445268,3508.0684397761743,0.577313879179288,-0.36153301110014247,-134.4524458948784,-0.041585643191847196
19991080950,2014,16.328992448336862,3672.2108775114143,0.5710916525863062,-0.539599961819853,334.2178553020922,-0.0651178150452244
20011080405,2014,15.694614263893905,3369.592972470832,0.5871156335518033,-0.13328891683509525,-2.933041473133169,-0.03138244661044257
20051080355,2014,16.306148198261365,3893.911662365177,0.5967720506541568,0.2770568664906953,-117.03771726101351,0.0036593495908327812
20051080374,2014,15.931630759308344,3741.1131145169456,0.5941423066767925,0.4632850172807805,-256.19170543790136,0.018602245503089757
20051080583,2014,16.293454313969296,3817.6883881314784,0.5863049199233551,-0.11322336657611225,175.16750246042542,-0.03259460244777998
19991080950,2015,16.385781017248178,2997.1123419198307,0.5436926562284136,-0.4828113929085376,-340.88068028949147,-0.09251681140311707
20011080405,2015,15.657654307084405,3320.2297511317242,0.5573798172066814,-0.17024887364459693,-52.29626281224091,-0.06111826295556455
20051080355,2015,15.630179149670704,4937.258964374785,0.5092351670927182,-0.39891218209996515,926.3095847485939,-0.0838775339706058
20051080374,2015,15.179196190764955,4442.212823206476,0.4982510949673758,-0.28914955126260955,444.9080032516277,-0.0772889662063269
20051080583,2015,15.928858384763593,3456.7922159971927,0.5222194450626175,-0.4778192957818138,-185.7286696738603,-0.09668007730851752
19991080950,2016,17.166608760667884,2988.6828016598843,0.6646976352469004,0.29801635051116904,-349.3102205494379,0.028488167615369764
20011080405,2016,15.901535435920756,3680.9116317689245,0.5944819235677051,0.07363225519175742,308.3856178249588,-0.02401615659454089
20051080355,2016,16.01566361014205,4614.905482086189,0.5582696492560696,-0.013427721628620442,603.9561024599992,-0.03484305180725447
20051080374,2016,15.433123317110407,4304.936070192339,0.529378619081019,-0.03522242491715751,307.6312502374914,-0.04616144209268361
20051080583,2016,16.49549787954433,3471.828957853961,0.5988825662661292,0.08882019899892203,-170.69192781709185,-0.020016956105005968
19991080950,2017,15.98786739542868,2986.8449339614217,0.570337070389831,-0.8807250147280357,-351.14808824790043,-0.06587239724169969
20011080405,2017,14.687368322455372,4430.301078033537,0.564635183676933,-1.1405348582736312,1057.7750640895717,-0.053862896485312846
20051080355,2017,15.02349413704375,3872.368788923247,0.5576414794327629,-1.005597194726918,-138.58059070294345,-0.03547122163056123
20051080374,2017,14.469590002142887,4180.545353551299,0.5421790299512774,-0.9987557398846768,183.24053359645134,-0.03336103122242525
20051080583,2017,15.371898248921275,3714.102708590043,0.5665474850542591,-1.0347794316241332,71.58182291899024,-0.05235203731687605
19991080950,2018,18.270607746511303,4102.354630462678,0.720199535221216,1.4020153363545873,764.3616082533558,0.08399006758968541
20011080405,2018,17.100302853791636,3243.207681869319,0.7161098876894679,1.2723996730626355,-129.31833207464615,0.09761180752722212
20051080355,2018,17.428656956769416,4288.613219690673,0.6962521920552305,1.399565624998749,277.6638400644814,0.10313949099190642
20051080374,2018,16.705412221715086,4210.108834847661,0.6527640891843008,1.2370664796875241,212.80401489281306,0.07722402801059818
20051080583,2018,17.999924826506867,3741.170853263396,0.7521985811016122,1.5932471459614588,98.64996759234283,0.13329905873047693
19991080950,2019,16.99935608877655,3550.289146542262,0.6729847178654889,0.13076367861983584,212.29612433294005,0.03677525023395822
20011080405,2019,15.830709760085426,3448.220392939658,0.6321983740642239,0.002806579356424995,75.69437899569266,0.013700293901977875
20051080355,2019,15.86838732226459,5217.033244609544,0.5885475919250968,-0.16070400950607913,1206.0838649833545,-0.004565109138227348
20051080374,2019,15.093168008500257,4696.476534172605,0.5377455167000106,-0.3751777335273089,699.1717142177577,-0.03779454447369211
20051080583,2019,16.37440279578243,4069.007994149447,0.6299869082310202,-0.03227488476298009,426.4871084783942,0.011087385859885102
19991080950,2020,17.83458339165952,2813.306207623768,0.6677478607858477,0.9659909815028058,-524.6868145855542,0.03153839315431706
20011080405,2020,17.057367903944414,4267.566443276095,0.663119957285501,1.2294647232154137,895.0404293321296,0.04462187712325505
20051080355,2020,17.419133300136277,4576.1154392941335,0.6585474558798566,1.3900419683656091,565.166059667943,0.06543475481653252
20051080374,2020,17.022568205404998,4196.805019941616,0.6690281653984563,1.5542224633774304,199.50019998676822,0.09348810422475362
20051080583,2020,17.595440296504826,3466.0283618632707,0.6678967660079408,1.1887626159594165,-176.4925238077817,0.04899724363680562
19991080950,2021,18.01687465750655,3099.539465077189,0.6558046144601131,1.148282247349833,-238.45355713213303,0.019595146828582433
20011080405,2021,16.845969438322506,2909.82309678442,0.6706100900506555,1.0180662575935067,-462.7029171595451,0.05211200988840966
20051080355,2021,17.283461575500457,4109.592822393577,0.6466309591603966,1.2543702437297894,98.64344276738672,0.05351825809707254
20051080374,2021,16.683143162658276,3681.728376217154,0.6374374073856007,1.2147974206307102,-315.5764437376933,0.061897346211898074
20051080583,2021,17.589451714759896,3481.5143437399206,0.6569527870327139,1.1827740342144855,-161.00654193113206,0.03805326466157881
19991080950,2022,17.057767583321834,3458.933160599251,0.5897357461213821,0.18917517316511834,120.94013838992896,-0.0464737215101485
20011080405,2022,16.227769364251078,3591.973468309819,0.573908504237756,0.39986618352207753,219.44745436585373,-0.044589575924489935
20051080355,2022,16.247460917535847,4570.725961961196,0.5344752395572768,0.21836958576517496,559.7765823350052,-0.058637461506047296
20051080374,2022,15.768151980966786,4399.948949474772,0.5323287790447537,0.2998062389392209,402.6441295199239,-0.043211282128948966
20051080583,2022,16.496413439137964,4174.688637060353,0.534966953790776,0.08973575859255536,532.167751389301,-0.08393256858035916
19991080950,2023,17.621277068317795,3049.7681145070246,0.687049747579496,0.7526846581610798,-288.2249077022975,0.05084027994796536
20011080405,2023,16.90845278587896,3042.6609563155225,0.7104152752982272,1.0805496051499581,-329.8650576284429,0.09191719513598125
20051080355,2023,17.460084400084895,3517.5265333957063,0.6755588436756471,1.4309930683142265,-493.42284623048477,0.08244614261232312
20051080374,2023,17.12620704595598,3122.0074196977666,0.6946101622326384,1.6578613039284147,-875.2974002570808,0.11907010105893577
20051080583,2023,17.61835536956789,3106.9383208095687,0.7184171093390757,1.2116776890224825,-535.582564861484,0.09951758696794062
19991080950,2024,18.065827389039896,3126.4931661604364,0.6676296879442456,1.1972349788831806,-211.4998560488857,0.031420220312714964
20011080405,2024,17.562970530929228,3303.989624874643,0.7069806588761829,1.7350673502002287,-68.53638906932201,0.08848257871393697
20051080355,2024,17.754847272544307,4442.744196973098,0.6433934194387467,1.7257559407736387,431.7948173469069,0.05028071837542268
20051080374,2024,17.426131326426663,4270.988857221457,0.6455232969567352,1.9577855843990966,273.6840372666093,0.06998323578303249
20051080583,2024,17.76409494335527,3664.5724230119727,0.6298701319242165,1.3574172628098633,22.051537340920287,0.01097060955308131
19991080950,2025,17.429927492832803,3563.730868704301,0.6408997946173053,0.5613350826760879,225.73784649497884,0.004690326985774651
20011080405,2025,16.17717412911755,4976.419520136895,0.5789792925137933,0.34927094838854933,1603.8935061929296,-0.03951878764845266
20051080355,2025,16.427953924495434,5127.623073225733,0.5839087701233808,0.39886259272476743,1116.6736935995414,-0.009203930939943317
20051080374,2025,15.788284744870866,4884.370506263954,0.5613742735711317,0.319939002843301,887.0656863091064,-0.014165787602571091
20051080583,2025,16.885842409456448,4434.906861472559,0.6087599184263118,0.4791647289110375,792.3859758015068,-0.010139603944823366
20051080653,1984,15.164050761296306,3856.4968483379084,0.46610189228182397,-0.29921099140730134,-11.822427780032188,-0.08966345164517023
20051080691,1984,15.72752513839429,3641.178956573326,0.493306436531379,-0.3545268800523497,-122.54289926481383,-0.11045842248993053
20051080695,1984,15.753334241699667,4018.339398828342,0.5031611135797356,-0.29578276136908194,-1.2741226811350874,-0.09252089269443065
20051080742,1984,15.771177953913593,4052.1496941100745,0.5027094213364866,-0.2773637292465949,33.38906712999324,-0.08519864320806081
20051080768,1984,15.74370328792628,3426.424964959541,0.5141221496668908,-0.4057321327320196,43.599830917223244,-0.11404530029789905
20051080653,1985,13.95117589048653,4006.019041736209,0.475325156401921,-1.5120858622170765,137.6997656182689,-0.08044018752507325
20051080691,1985,14.533153025769991,4390.167869307558,0.507202533531045,-1.5488989926766477,626.4460134694184,-0.0965623254902645
20051080695,1985,14.511525183938401,4725.074263233236,0.5071721040420534,-1.5375918191303493,705.4607417237585,-0.08850990223211284
20051080742,1985,14.519763032940887,4790.88485736694,0.5038253287366924,-1.5287786502193015,772.1242303868589,-0.08408273580785497
20051080768,1985,14.570328448475266,3747.2547584428994,0.520956550601942,-1.579106972183034,364.4296244005818,-0.10721089936284789
20051080653,1986,12.98121769190446,3505.114679212155,0.48565096221424187,-2.4820440607991476,-363.204596905786,-0.07011438171275239
20051080691,1986,13.822148358533934,3091.1089627712845,0.5497682418958013,-2.2599036599127067,-672.6128930668557,-0.0539966171255082
20051080695,1986,13.640584098411573,3425.825770019695,0.5244817300955169,-2.408532904657177,-593.787751489782,-0.07120027617864927
20051080742,1986,13.61871007421746,3297.1824570889153,0.5133051598936628,-2.4298316089427274,-721.578169891166,-0.0746029046508846
20051080768,1986,14.020805260755026,3097.681178278712,0.5738922087460233,-2.128630159903274,-285.1439557636054,-0.05427524121876659
20051080653,1987,15.189923403621522,3247.667687574038,0.5531868509401925,-0.27333834908208465,-620.6515885439023,-0.002578492986801677
20051080691,1987,15.820594530520234,3869.162079306249,0.5691992342163645,-0.2614574879264045,105.4402234681085,-0.034565624804944996
20051080695,1987,15.6982752122741,3598.6405859763536,0.5617299783474509,-0.3508417907946509,-420.97293553312346,-0.03395202792671537
20051080742,1987,15.697584365070725,3603.804806917214,0.5560532110045481,-0.3509573180894634,-414.95582006286713,-0.031854853539999284
20051080768,1987,15.96007445791497,3956.223397254252,0.585549851756936,-0.18936096274332925,573.3982632119346,-0.042617598207853935
20051080653,1988,14.734565565456702,4064.716991132433,0.5179191448342365,-0.7286961872469048,196.39771501449252,-0.03784619909275769
20051080691,1988,15.338129806979282,5099.088024425062,0.5398438820570644,-0.743922211467357,1335.3661685869222,-0.06392097696424527
20051080695,1988,15.390362565457265,4726.156676640025,0.5498380953717322,-0.6587544376114854,706.5431551305481,-0.045843910902434
20051080742,1988,15.439513329492115,4756.371272494448,0.5491721842648196,-0.609028353668073,737.6106455143668,-0.03873588027972785
20051080768,1988,15.337018495366237,5146.608086069477,0.5485069522083273,-0.8124169252920623,1763.7829520271598,-0.07966049775646256
20051080653,1989,15.094880446184451,2843.9645370898147,0.5539660973056746,-0.3683813065191571,-1024.354739028126,-0.001799246621319616
20051080691,1989,15.738387592518391,3251.0586270615604,0.6072222870593837,-0.343664425928246,-512.6632287765797,0.003457428038074306
20051080695,1989,15.825156012929668,3446.082305298863,0.6164620215008512,-0.22396099013907886,-573.5312162106137,0.02078001522668481
20051080742,1989,15.853197669982933,3628.096231400981,0.6112109334784528,-0.19534401317725525,-390.6643955791001,0.02330286893390532
20051080768,1989,15.482047307664118,3671.469421267524,0.5723096361699423,-0.6673881129941819,288.6442872252064,-0.055857813794847555
20051080653,1990,15.238027295906415,3560.451713962221,0.5635096949064784,-0.22523445679719242,-307.86756215571944,0.007744350979484138
20051080691,1990,15.96286991921026,3253.1061046720242,0.5779410525966484,-0.11918209923638064,-510.61575116611533,-0.02582380642466107
20051080695,1990,16.020171655481597,3558.28467270275,0.5904818025319137,-0.028945347587154308,-461.32884880672714,-0.005200203742252493
20051080742,1990,16.038335024792218,3655.602286100457,0.5848024454875389,-0.010206658367970078,-363.1583408796241,-0.0031056190570085684
20051080768,1990,15.857154374882839,3290.4443931729297,0.5697902915926396,-0.29228104577546077,-92.38074086938786,-0.058377158372150295
20051080653,1991,15.795574719379438,3482.1966515706004,0.6155822873777785,0.3323129666758318,-386.1226245473401,0.05981694345078431
20051080691,1991,16.586474656828386,3024.9752512309333,0.6744583464766671,0.5044226383817474,-738.7466046072071,0.07069348745535771
20051080695,1991,16.39654803231297,3244.8231819902185,0.6472962797066282,0.34743102924422253,-774.7903395192589,0.05161427343246188
20051080742,1991,16.375863267373347,3266.313389078615,0.6355271963306958,0.32732158421315916,-752.4472379014665,0.047619131786148405
20051080768,1991,16.89615789911022,2630.9196447440363,0.7454799654357585,0.7467224784519217,-751.9054892982813,0.11731251547096855
20051080653,1992,12.94906076700656,3476.8317540468483,0.4914082224451202,-2.514200985697046,-391.48752207109214,-0.06435712148187407
20051080691,1992,13.64064981027503,3763.5056738193957,0.5392628622634132,-2.4414022081716076,-0.21618201874480286,-0.06450199675789632
20051080695,1992,13.625083169475586,3944.5229888990234,0.5123130327093631,-2.4240338335931613,-75.09053261045379,-0.08336897356480304
20051080742,1992,13.633930930538497,3963.92821040115,0.5013054912934097,-2.414610752621691,-54.832416578931316,-0.08660257325113774
20051080768,1992,13.621534601847372,3467.6118864130103,0.5945332326878433,-2.5279008188109273,84.78675237069274,-0.0336342172769466
20051080653,1993,15.843220351913773,4323.573676023075,0.5592215320490499,0.3799585992101657,455.2543999051342,0.0034561881220556497
20051080691,1993,16.256462814496928,3695.8816591497125,0.5647201475477938,0.17441079605028875,-67.84019668842757,-0.03904471147351581
20051080695,1993,16.45878950347118,3710.1497971123927,0.5857655948320432,0.4096725004024305,-309.46372439708415,-0.009916411442123149
20051080742,1993,16.48184928202977,3738.2201612773897,0.5800176616703712,0.4333075988695825,-280.54046570269156,-0.007890402874176305
20051080768,1993,16.186979596511208,3669.6059559318783,0.5692322868316589,0.03754417585290781,286.7808218895607,-0.05893516313313096
20051080653,1994,14.295495330803009,5056.235611141261,0.44750611986036415,-1.1677664219006,1187.91633502332,-0.10825922406663013
20051080691,1994,15.113604954245014,4594.622134645729,0.47162920060215385,-0.9684470642016242,830.9002788075887,-0.13213565841915567
20051080695,1994,15.129713637413118,4798.091014365678,0.48285492525937607,-0.9194033656556309,778.4774928562017,-0.11282708101479025
20051080742,1994,15.158206468388698,4817.072595884351,0.48249705777572116,-0.8903352147714898,798.3119689042701,-0.10541100676882631
20051080768,1994,15.155491730786764,3952.5937078942343,0.4891480386775725,-0.9939436898715357,569.7685738519167,-0.1390194112872174
20051080653,1995,16.664826416000484,3418.0103912479863,0.6765934467928755,1.2015646632968762,-450.3088848699543,0.12082810286588128
20051080691,1995,17.371815484272712,2707.5265989552654,0.7606784539155804,1.2897634658260724,-1056.1952568828747,0.15691359489427079
20051080695,1995,17.30907700154161,3094.578238705678,0.7461726512066897,1.2599599984728604,-925.0352828037992,0.15049064493252348
20051080742,1995,17.289802515333974,3011.3578484307445,0.7318135437616197,1.2412608321737864,-1007.4027785493367,0.1439054792170723
20051080768,1995,17.439642054792785,2956.7712339486397,0.7723550938251554,1.2902066341344849,-426.05390009367784,0.14418764386036553
20051080653,1996,15.656319974707984,4305.340324849992,0.5641947289551531,0.19305822200437694,437.0210487320507,0.008429385028158886
20051080691,1996,16.292471066534848,4490.482511566848,0.6111337854886315,0.21041904808821008,726.7606557287079,0.007368926467321957
20051080695,1996,16.295609481362302,4766.814458754876,0.6130478062121862,0.2464924782935522,747.2009372453987,0.01736579993802001
20051080742,1996,16.30437926140388,4630.96761931034,0.6071942130481938,0.2558375782436926,612.2069923302583,0.019286148503646294
20051080768,1996,16.22238516323813,3167.116754169783,0.6119246234514684,0.07294974257983,-215.7083798725348,-0.01624282651332154
20051080653,1997,14.99357026296097,3864.023227425276,0.5404453233688392,-0.4696914897426349,-4.296048692664223,-0.015320020558155043
20051080691,1997,15.535940767831855,3643.31524304887,0.5667167793063866,-0.5461112506147833,-120.40661278927004,-0.03704807971492289
20051080695,1997,15.450426168974674,3607.989754126865,0.5656914770259939,-0.5986908340940745,-411.62376738261156,-0.029990529248172384
20051080742,1997,15.384356566442989,3647.4201561060086,0.5531557634005451,-0.6641851167171993,-371.3404708740727,-0.03475230114400241
20051080768,1997,15.756211929044866,3623.6559518721238,0.5973915986253387,-0.3932234916134334,240.83081782980616,-0.030775851339451155
20051080653,1998,15.935101332099459,3592.0526279043893,0.5758095289409202,0.4718395793958503,-276.26664821355115,0.02004418501392596
20051080691,1998,16.244604998510255,3084.841305154297,0.6015403615686105,0.16255298006361585,-678.8805506838431,-0.0022244974526990924
20051080695,1998,16.10838669951729,3233.6635106996423,0.5816314002372222,0.05926969644853957,-785.9500108098345,-0.014050606036944177
20051080742,1998,16.071435139144683,3208.408062731458,0.5721514826769374,0.022893455984494437,-810.3525642486234,-0.015756581867610087
20051080768,1998,16.365891731649242,2953.5746410615575,0.6222936943274816,0.2164563109909423,-429.2504929807601,-0.005873755637308298
20051080653,1999,16.039462912966837,4460.816388106856,0.5565237388760678,0.5762011602632302,592.4971119889149,0.0007583949490735081
20051080691,1999,16.645166186088534,4736.428591712037,0.6042888455965792,0.5631141676418968,972.7067358738966,0.0005239865752697711
20051080695,1999,16.625254435770053,5390.564077922657,0.607407571271578,0.5761374327013051,1370.9505564131798,0.011725564997411671
20051080742,1999,16.641343232859754,5306.66953850907,0.6054779792987485,0.5928015496995656,1287.9089115289885,0.01756991475420111
20051080768,1999,16.759797433493816,4173.190267425,0.6164359368098586,0.610362012835516,790.365133382682,-0.011731513154931261
20051080653,2000,14.004623136089508,3228.6987175389077,0.4911665128056201,-1.4586386166140979,-639.620558579033,-0.06459883112137413
20051080691,2000,14.541899633637978,2896.0048168724343,0.5142958294591101,-1.5401523848086618,-867.7170389657058,-0.08946902956219945
20051080695,2000,14.575661218356542,3249.7588705584362,0.5100058713145048,-1.4734557847122076,-769.8546509510411,-0.0856761349596615
20051080742,2000,14.608094324581884,3318.8494619740113,0.5068348565439618,-1.4404473585783037,-699.91116500607,-0.0810732080005857
20051080768,2000,14.434689907405698,3276.879818999575,0.5120278329000867,-1.714745513252602,-105.94531504274255,-0.11613961706470322
20051080653,2001,15.837932436775858,3299.10521609367,0.5664410565624147,0.37467068407225135,-569.2140600242706,0.010675712635420477
20051080691,2001,16.449927360884846,3042.9056944054005,0.640255665057714,0.3678753424382085,-720.8161614327394,0.03649080603640457
20051080695,2001,16.423080662704876,3323.15048514932,0.6164527308643235,0.3739636596361297,-696.4630363601572,0.020770724590157184
20051080742,2001,16.424558997499787,3340.8716124521334,0.6077877576309791,0.37601731433959884,-677.8890145279479,0.019879693086431782
20051080768,2001,16.583882869499348,3037.692363284691,0.6822224678058296,0.43444744884104836,-345.13277075762653,0.05405501784103972
20051080653,2002,15.37310405383231,2961.2608974451073,0.5858594092339258,-0.09015769887129553,-907.0583786728333,0.030094065306931556
20051080691,2002,16.082239377671414,2986.0887612470356,0.6528176502464337,0.0001873592247747524,-777.6330945911045,0.049052791225124105
20051080695,2002,15.961552751245774,3632.937148220647,0.6399926012091555,-0.08756425182297368,-386.6763732888302,0.044310594934989206
20051080742,2002,15.945325138257942,3764.8169818588462,0.6315590632234459,-0.10321654490224574,-253.94364512123502,0.043650998678898434
20051080768,2002,16.307454681396507,2709.6503666856256,0.6902893546871579,0.15801926073820738,-673.174767356692,0.062121904722368004
20051080653,2003,15.182633961598734,3769.2054669800527,0.5418661872388797,-0.28062779110487335,-99.11380913788825,-0.013899156688114554
20051080691,2003,15.753259208236917,4570.4632078780005,0.5606608870960804,-0.3287928102097221,806.7413520398607,-0.04310397192522911
20051080695,2003,15.826298315176713,4445.83515246193,0.5753245003620338,-0.22281868789203643,426.2216309524528,-0.020357505912132517
20051080742,2003,15.85889293007233,4469.927307701188,0.5710371215640433,-0.18964875308785878,451.16668072110633,-0.016870942980504067
20051080768,2003,15.802696357948207,4849.986199772435,0.5846392348635854,-0.3467390627100926,1467.1610657301171,-0.043528215101204526
20051080653,2004,13.713451408235557,4446.644396873929,0.44174045852151766,-1.7498103444680495,578.3251207559883,-0.1140248854054766
20051080691,2004,14.494014264074526,4589.919930293251,0.48793750714525846,-1.5880377543721118,826.1980744551108,-0.11582735187605113
20051080695,2004,14.49887726281927,4794.99823775633,0.4863241152281044,-1.5502397402494779,775.3847162468526,-0.10935789104606193
20051080742,2004,14.53220001027205,4537.445565034041,0.4846468257077643,-1.5163416728881387,518.6849380539593,-0.10326123883678318
20051080768,2004,14.491375451848171,4540.160308871755,0.5080671141737136,-1.6580599688101287,1157.3351748294372,-0.12010033579107626
20051080653,2005,17.413479070536095,3561.4046127621978,0.7085273667406102,1.9502173178324917,-306.91466335574273,0.15276202281361592
20051080691,2005,18.17985446994434,2793.088517313825,0.7949152262509287,2.0978024514977016,-970.633338524315,0.1911503672296192
20051080695,2005,17.985395246546975,2870.862904163876,0.7712840838898879,1.9362782434782277,-1148.7506173456009,0.17560207761572166
20051080742,2005,17.93255402247115,2836.3978229531417,0.750946891748297,1.8840123393109636,-1182.3628040269396,0.16303882720374963
20051080768,2005,18.329634595953905,2502.700915566958,0.8340100269736531,2.1801991752956056,-880.1242184753596,0.20584257700886321
20051080653,2006,15.850029245470386,2793.4091554448573,0.6315970844994303,0.3867674927667792,-1074.9101206730832,0.07583174057243601
20051080691,2006,16.41714962761186,3391.0693001171667,0.6713842393867164,0.3350976091652195,-372.6525557209734,0.06761938036540696
20051080695,2006,16.441596421890335,2939.0380880344132,0.6647238505243397,0.39247941882158593,-1080.5754334750638,0.06904184425017343
20051080742,2006,16.45407928798511,2948.764946421804,0.6553798098859357,0.4055376048249215,-1069.9956805582774,0.06747174534138833
20051080768,2006,16.429498042231046,3112.0793233795184,0.7123752301839672,0.2800626215727462,-270.74581066279916,0.0842077802191773
20051080653,2007,15.165437946308757,3820.575472200352,0.5860469168419049,-0.2978238063948506,-47.7438039175883,0.030281572914910727
20051080691,2007,15.785064649812275,3740.641669183119,0.6503105776219592,-0.2969873686343642,-23.080186655020498,0.046545718600649634
20051080695,2007,15.675020160184792,4126.399064507165,0.6345746319511962,-0.3740968428839568,106.78554299768834,0.03889262567703004
20051080742,2007,15.658836280435764,4249.132593906566,0.6218058389374503,-0.3897054027244238,230.37196692648513,0.03389777439290298
20051080768,2007,15.852713127412699,3404.350125975057,0.6424266825394199,-0.29672229324560107,21.52499193273934,0.01425923257463002
20051080653,2008,15.307220417086661,4700.858385358192,0.4047409600105482,-0.15604133561694658,832.539109240251,-0.15102438391644601
20051080691,2008,15.771556624813362,5348.7288194684825,0.42941912248485004,-0.31049539363327716,1585.006963630342,-0.1743457365364595
20051080695,2008,15.821758875326637,4628.871778110542,0.4337203334161786,-0.22735812774211187,609.2582566010649,-0.16196167285798763
20051080742,2008,15.860886883390151,4264.223677600537,0.4348666266311912,-0.18765479977003707,245.4630506204553,-0.15304143791335628
20051080768,2008,15.6891224543254,4622.636664221797,0.4393468779639895,-0.4603129663329,1239.8115301794796,-0.18882057200080038
20051080653,2009,15.03379501837092,3460.9222169899863,0.5074514729323728,-0.4294667343326877,-407.39705912795426,-0.04831387099462138
20051080691,2009,15.424694997446597,3860.122039268424,0.5323345177131467,-0.6573570210000408,96.4001834302841,-0.07143034130816293
20051080695,2009,15.433676500662065,4089.175264255956,0.5243571101185577,-0.6154405024066824,69.56174274647918,-0.07132489615560851
20051080742,2009,15.422862763335786,3955.8937918767433,0.5166251779866532,-0.6256789198244022,-62.86683510333796,-0.07128288655789417
20051080768,2009,15.36421770842179,3639.5599158853393,0.5288561588124492,-0.7852177122365092,256.73478184302166,-0.09931129115234072
20051080653,2010,16.061741052049243,2986.134182168605,0.6047076226481694,0.5984792993456362,-882.1850939493357,0.04894227872117511
20051080691,2010,16.709845451686704,2976.741008533453,0.67633572082944,0.6277934332400648,-786.980847304687,0.0725708618081306
20051080695,2010,16.518755109107428,3916.0422754717133,0.6468976070931008,0.4696381060386791,-103.57124603776346,0.05121560081893459
20051080742,2010,16.48632409468945,3876.3249774882347,0.6349732382039286,0.43778241152926256,-142.43564949184656,0.04706517365938112
20051080768,2010,16.857987506147765,2320.230657928601,0.701601785251153,0.7085520854894654,-1062.5944761137166,0.07343433528636312
20051080653,2011,15.973509311919937,3572.964680294217,0.6015330031308667,0.5102475592163314,-295.3545958237234,0.045767659203872435
20051080691,2011,16.59451271462558,3804.7275763487332,0.6304684490803868,0.5124606961789411,41.00572051059301,0.026703590059077298
20051080695,2011,16.542496079905707,3895.403483095516,0.6075854126310315,0.49337907683695953,-124.21003841396093,0.011903406356865157
20051080742,2011,16.548617520539665,3978.215206711045,0.598654944459257,0.5000758373794767,-40.545420269036185,0.010746879914709684
20051080768,2011,16.791927536674166,2682.8039086595686,0.7085386465338849,0.6424921160158661,-700.021225382749,0.08037119656909497
20051080653,2012,16.31469529225905,3560.759091530163,0.6159109243888731,0.8514335395554412,-307.56018458777777,0.060145580461878845
20051080691,2012,17.00623426207024,3078.934601069322,0.7054143677106068,0.9241822436236025,-684.7872547688181,0.10164950868929737
20051080695,2012,16.83254964840838,3804.712904529874,0.6590389828278942,0.7834326453396309,-214.9006169796032,0.06335697655372793
20051080742,2012,16.80574232460799,3853.541436787278,0.6416871619449638,0.7572006414478025,-165.21919019280313,0.05377909740041631
20051080768,2012,17.181577356310868,2813.50882462743,0.7400858978987241,1.032141935652568,-569.3163094148877,0.11191844793393424
20051080653,2013,15.234612878705676,4451.052287935946,0.5468147839865619,-0.22864887399793207,582.7330118180055,-0.008950559940432371
20051080691,2013,15.70598872594788,3515.5030262757596,0.5644400437369689,-0.37606329249875853,-248.21882956238096,-0.03932481528434067
20051080695,2013,15.710691932305854,3808.028927075962,0.5793959715774918,-0.33842507076289435,-211.58459443351506,-0.016286034696674487
20051080742,2013,15.731653861723089,3838.188397894477,0.5750966985829801,-0.31688782143709915,-180.57222908560425,-0.0128113659615674
20051080768,2013,15.822794387651527,3054.013245004093,0.5868411325340392,-0.32664103300677283,-328.81188903822476,-0.04132631743075066
20051080653,2014,15.829154064019146,3904.9575108472163,0.5687383472210827,0.365892311315538,36.638234729275396,0.012973003294088513
20051080691,2014,16.259690124401146,3555.153040896865,0.6002185604051298,0.17763810595450738,-208.56881494127492,-0.003546298616179759
20051080695,2014,16.34855611022459,3913.4629160104146,0.6027264688492537,0.29943910715583744,-106.15060549906201,0.007044462575087452
20051080742,2014,16.327150778839552,3892.398087989303,0.5910181383798366,0.2786090956793643,-126.36253899077838,0.003110073835289162
20051080768,2014,15.94007731727936,3532.930770639094,0.5868158740831124,-0.20935810337893912,150.10563659677655,-0.04135157588167748
20051080653,2015,15.149298075594396,4109.633844748311,0.4680488398657876,-0.31396367710921175,241.31456863037081,-0.08771650406120664
20051080691,2015,15.647884996386562,3501.4925419780525,0.5157096901308565,-0.43416702206007807,-262.2293138600876,-0.08805516889045299
20051080695,2015,15.640099141895718,4835.961033136776,0.5088635699462132,-0.4090178611730304,816.3475116272986,-0.08681843632795314
20051080742,2015,15.674280047762238,5165.361711518755,0.506969729028467,-0.37426163539795,1146.601084538674,-0.08093833551608043
20051080768,2015,15.744571318142675,3001.1531466114434,0.5296931466272153,-0.4048641025156243,-381.6719874308742,-0.09847430333757456
20051080653,2016,15.36373680940779,4330.504102584876,0.5011556849761023,-0.09952494329581843,462.184826466936,-0.05460965895089192
20051080691,2016,16.089792183401507,4527.39770786065,0.566823987414125,0.007740164954869991,763.6758520225103,-0.03694087160718453
20051080695,2016,16.02065577150188,4742.352599272602,0.5564448244453102,-0.028461231566867452,722.7390777631241,-0.03923718182885614
20051080742,2016,16.041536226134383,4577.083830546321,0.5558929052640346,-0.0070054570258051285,558.32320356624,-0.032015159280512795
20051080768,2016,16.252563952017567,3926.871441129329,0.6024427364670032,0.10312853135926758,544.0463070870114,-0.02572471349778671
20051080653,2017,14.350287319523755,4346.322616018824,0.5248390507950698,-1.1129744331798532,478.00333990088376,-0.030926293131924534
20051080691,2017,15.031245700172757,3888.5344220917327,0.5635826181757053,-1.050806318273883,124.8125662535928,-0.04018224084560424
20051080695,2017,15.041012048404058,3875.679487462703,0.5595799745213733,-1.0081049546646939,-143.93403404677355,-0.036102031752792925
20051080742,2017,15.068366574550055,3860.9683079616134,0.5553572785559682,-0.9801751086101333,-157.79231901846788,-0.03255078598857919
20051080768,2017,15.066461216194057,4069.742524434716,0.5706946753351217,-1.082974204464243,686.9173903923984,-0.057472774629668155
20051080653,2018,16.57358806596018,4044.219515633348,0.6214781821275775,1.1103263132565737,175.90023951540707,0.06571283820058328
20051080691,2018,17.530605128191524,4210.725276210508,0.7116727373585793,1.4485531097448856,447.0034203723684,0.10790787833726972
20051080695,2018,17.448736827761007,4274.777434881372,0.6999856538189656,1.3996198246922569,255.16391337189455,0.10430364754479932
20051080742,2018,17.42305410633918,4266.351435899587,0.6876398287802822,1.3745124231789916,247.5908089195059,0.09973176423573471
20051080768,2018,17.611768617491805,3296.546854644866,0.7451057244018346,1.4623331968335052,-86.27827939745157,0.11693827443704474
20051080653,2019,15.064652501442586,4484.437721776324,0.5081761464512154,-0.3986092512610199,616.1184456583834,-0.047589197475778756
20051080691,2019,15.96343852103046,4783.380293537885,0.5993283179022475,-0.11861349741617981,1019.6584376997456,-0.00443654111906198
20051080695,2019,15.873173377546722,5155.249496569137,0.5877170549223305,-0.175943625522028,1135.6359750596591,-0.007964951351835788
20051080742,2019,15.8859165011973,5261.827509790372,0.5831488377342453,-0.16262518196288767,1243.0668828102903,-0.004759226810302053
20051080768,2019,16.156385392728055,3288.9775409695617,0.6408176627586526,0.006949972069755006,-93.8475930727559,0.012650212793862692
20051080653,2020,16.928238448083132,4237.427539996872,0.6188353781651268,1.4649766953795234,369.1082638789315,0.06307003423813247
20051080691,2020,17.335471792267153,4108.454455011028,0.6501912726672303,1.253419773820518,344.7325991728876,0.04642641364592086
20051080695,2020,17.454978500248355,4474.5110719826125,0.6632841002526618,1.4058614971796086,454.8975504731363,0.06760209397849552
20051080742,2020,17.42415115660515,4715.876563307333,0.656172816286494,1.3756094734449604,697.1159363272513,0.06826475174194668
20051080768,2020,17.367570682193957,3207.2390605178357,0.6793307654769674,1.2181352615356573,-175.5860735244819,0.051163315512177454
20051080653,2021,16.585352946127255,3540.128843902486,0.6191737134283949,1.122091193423648,-328.1904322154541,0.06340836950140064
20051080691,2021,17.287478593006266,3565.294936571238,0.6531573265805797,1.2054265745596262,-198.42691926690213,0.04939246755927018
20051080695,2021,17.301447832889732,4108.4780069825,0.650526426152906,1.252330829820983,88.86448547302265,0.054844419878739815
20051080742,2021,17.304405971195422,4167.405838884381,0.6427371089430913,1.2558642880352338,148.64521190430014,0.05482904439854386
20051080768,2021,17.240472971874738,3013.0798023119246,0.6648290372287448,1.0910375512164379,-369.745331730393,0.03666158726395485
20051080653,2022,15.771547996486332,4042.068621723532,0.5023764566508123,0.3082862437827232,173.74934560559134,-0.05338888727618195
20051080691,2022,16.174467834067276,4379.870459085881,0.5177535717218349,0.0924158156206379,616.1486032477411,-0.08601128729947467
20051080695,2022,16.26041260254157,4531.546969634416,0.5334914436774433,0.21129559947282345,511.93344812493956,-0.062190562596722995
20051080742,2022,16.28501739225527,4663.647111464222,0.5369166404274809,0.23647570909508175,644.8864844841405,-0.050991424117066586
20051080768,2022,16.33345719213071,3997.8421823642448,0.5471838618984491,0.18402177147240906,615.0170483219272,-0.08098358806634076
20051080653,2023,17.38755980494624,2838.5506868077277,0.7347597696036131,1.9242980522426338,-1029.7685893102132,0.1789944256766189
20051080691,2023,17.554512715915592,3086.958655976827,0.7350485782911103,1.4724606974689536,-676.763199861313,0.13128371926980073
20051080695,2023,17.521954320998557,3505.7370093036225,0.6879181499052202,1.472837317929805,-513.8765122058542,0.09223614363105405
20051080742,2023,17.46040697235992,3456.629728011613,0.6644503889198703,1.4118652891997314,-562.130898968468,0.07654232437532293
20051080768,2023,17.212828918125354,2746.418776035135,0.7202553857307457,1.0633934974670538,-636.4063580071825,0.09208793576595575
20051080653,2024,17.446678560110076,4060.035411940281,0.6257911109164501,1.983416807406468,191.7161358223398,0.07002576698945592
20051080691,2024,17.656006832399253,4001.427381259056,0.6425541341387544,1.5739548139526132,237.7055254209158,0.038789275117444955
20051080695,2024,17.780803679515916,4442.200471923002,0.6447874970412778,1.7316866764471668,422.58695041352524,0.04910549076711155
20051080742,2024,17.79384854081752,4379.744782072159,0.642547912167991,1.745306857657333,360.9841550920778,0.05463984762344354
20051080768,2024,17.5862113620924,4454.5982656596625,0.6635262089883831,1.4367759414340995,1071.773131617345,0.0353587590235932
20051080653,2025,15.779054553077216,4843.309599095238,0.525397216836811,0.3157928003736081,974.9903229772974,-0.03036812709018329
20051080691,2025,16.528213260024064,4546.276365910652,0.5959845998560895,0.4461612415774259,782.5545100725116,-0.007780259165219998
20051080695,2025,16.43932557169912,5154.5865156413565,0.58440092281924,0.3902085686303686,1134.9729941318792,-0.011281083454926228
20051080742,2025,16.446920034159803,5134.467574961168,0.5825447530062332,0.3983783509996144,1115.7069479810866,-0.005363311538314153
20051080768,2025,16.521763288801992,4021.0064139288484,0.5876667950760014,0.37232786814369234,638.1812798865308,-0.04050065488878851
20051080797,1984,15.910948461726093,3969.8693907584934,0.5106728486028349,-0.34797907566680664,353.32533205718164,-0.09916342152487645
20051081299,1984,16.272307546587967,4295.416514086344,0.504688986651253,-0.5921414610268521,1007.9909596050311,-0.13412841158340738
20061080486,1984,15.53882394293083,3887.3587767731337,0.4754752235752047,-0.31872232582718235,-37.08548305138576,-0.10106410498765675
20071080193,1984,15.951451654103337,4000.4036326996584,0.4968940542689871,-0.36725921393524463,363.3184395903583,-0.10565988741276097
20071080254,1984,15.974909478367818,3869.7415598955213,0.4995502987966553,-0.3753789925655124,216.4822112960214,-0.10703757856426993
20051080797,1985,14.732733269014261,4338.184870149156,0.5222795598704694,-1.5261942683786387,721.6408114478445,-0.08755671025724199
20051081299,1985,15.158699393617951,3173.3000849589316,0.5364070268827001,-1.7057496139968684,-114.12546952238154,-0.10241037135196018
20061080486,1985,14.341202188851197,4318.376928459069,0.4895422555986451,-1.516344079906817,393.93266863454943,-0.08699707296421635
20071080193,1985,14.751880241456035,4181.838933453648,0.5095169023817931,-1.566830626582546,544.7537403443474,-0.09303703929995483
20071080254,1985,14.773571018270372,4116.1317189262345,0.5121571528775019,-1.5767174526629608,462.87237032673397,-0.09443072448342339
20051080797,1986,13.969523345560276,3063.717080778865,0.534467221988759,-2.289404191832624,-552.826977922447,-0.0753690481389524
20051081299,1986,14.858758690046272,3149.6662502507247,0.5513917102677222,-2.005690317568547,-137.75930423058844,-0.08742568796693817
20061080486,1986,13.50998413445295,3511.908528185872,0.5168129989565975,-2.3475621343050626,-412.53573163864746,-0.05972632960626396
20071080193,1986,14.150934411896195,3154.3803904394645,0.5278857837499719,-2.167776456142388,-482.70480266983617,-0.07466815793177616
20071080254,1986,14.186594119195101,3206.052664565901,0.5287595013270145,-2.1636943517382337,-447.20668403359997,-0.0778283760339107
20051080797,1987,16.017122868524098,3624.2783243947265,0.5697324709314507,-0.24180466886880225,7.734265693414727,-0.040103799196260614
20051081299,1987,16.79761125592222,4292.244793585742,0.5850180829245026,-0.06683775169259931,1004.8192391044286,-0.05379931531015769
20061080486,1987,15.511185545437604,3951.8392184742333,0.5366043265908557,-0.3463607233204087,27.394958649713388,-0.039935001972005765
20071080193,1987,16.16070763131848,4149.630942487342,0.5584983283195551,-0.1580032367201011,512.5457493780416,-0.04405561336219275
20071080254,1987,16.19065577063139,4228.48148236483,0.5598824062688255,-0.15963270030194363,575.2221337653309,-0.04670547109209964
20051080797,1988,15.750728052940929,4779.489481588257,0.5728197086838371,-0.5081994844519713,1162.9454228869454,-0.03701656144387422
20051081299,1988,16.614539158862613,4291.690921177519,0.6262554770541408,-0.2499098487522069,1004.265366696206,-0.012561921180519575
20061080486,1988,15.044031063301013,4749.148591225398,0.5131929467431905,-0.8135152054569997,824.7043314008789,-0.06334638181967096
20071080193,1988,15.90810684146307,4929.952613324432,0.5810281106109264,-0.41060402657551204,1292.8674202151312,-0.02152583107082164
20071080254,1988,15.967370215611343,4722.861433521942,0.5899404026281845,-0.38291825532198953,1069.6020849224415,-0.016647474732740725
20051080797,1989,16.045661862691247,3547.694372154787,0.6346246275341493,-0.21326567470165259,-68.84968654652494,0.024788357406437922
20051081299,1989,16.43428066364237,2677.6327603981044,0.6043407420329029,-0.43016834397245063,-609.7927940832087,-0.03447665620175744
20061080486,1989,15.506216663415929,2921.807120956495,0.5789616696065878,-0.35132960534208485,-1002.6371388680244,0.0024223410437263396
20071080193,1989,16.117309309046803,3033.798999859091,0.6280323492192138,-0.20140155899177725,-603.2861932502088,0.0254784075374658
20071080254,1989,16.149099982730952,2948.6332599357074,0.630914379143662,-0.20118848820237975,-704.6260886637934,0.02432650178273688
20051080797,1990,16.212937146338902,3073.5406423882346,0.5953332291411064,-0.045990391053997826,-543.0034163130772,-0.014503040986604931
20051081299,1990,16.480826639092527,2962.374551683734,0.5838084458939201,-0.3836223685222926,-325.05100279757926,-0.055008952340740214
20061080486,1990,15.717886159869215,3513.981921203504,0.5549603583725802,-0.13966010888879546,-410.4623386210155,-0.021578970190281262
20071080193,1990,16.172919393873663,3247.5010673761167,0.5684395759471905,-0.14579147416491708,-389.58412573318395,-0.034114365734557534
20071080254,1990,16.180021327981738,3402.890469125072,0.5689288392241846,-0.17026714295159814,-250.36887947442847,-0.037659038136740486
20051080797,1991,16.729480617633783,2752.7992931612707,0.6841260302614418,0.47055308024088305,-863.744765540041,0.07428976013373045
20051081299,1991,17.535617923736595,3910.287902825413,0.7457438032514367,0.6711689161217755,622.8623483440997,0.10692640501677642
20061080486,1991,16.388025857953064,2713.044612468121,0.6551394897040589,0.530479589195049,-1211.3996473563984,0.07860016114119742
20071080193,1991,17.01614454589397,2753.777796622182,0.7202150848428495,0.6974336778553852,-883.307396487118,0.11766114316110152
20071080254,1991,17.062874411181866,2867.7848229196793,0.7303290386009426,0.7125859402485316,-785.4745256798207,0.12374116124001754
20051080797,1992,13.904623617642187,3628.5562551032626,0.5350393891838536,-2.3543039197507127,12.01219640195086,-0.07479688094385772
20051081299,1992,14.121174582882247,3583.5691046353304,0.5379742608520317,-2.743274424732572,296.14355015401725,-0.10084313738262862
20061080486,1992,13.412017823371363,3672.775646859022,0.5234233977545432,-2.4455284453866515,-251.66861296549718,-0.05311593080831838
20071080193,1992,13.92995899738219,3765.4728202476413,0.5267228122473776,-2.3887518706563897,128.38762713834083,-0.07583112943437036
20071080254,1992,13.961137066236383,3784.849247018689,0.5304196324063621,-2.38915140469695,131.58989841918822,-0.07616824495456305
20051080797,1993,16.490251788540206,3566.1829779702784,0.5792526034661428,0.23132425114730637,-50.361080731033326,-0.03058366666156853
20051081299,1993,16.80002820526346,3619.7681776094796,0.5646100070019472,-0.0644208023513606,332.34262312816645,-0.07420739123271314
20061080486,1993,16.094826099285203,3809.3228352848055,0.5443362410133401,0.2372798305271882,-115.12142453971401,-0.03220308754952132
20071080193,1993,16.361854915384388,3863.8999101157624,0.5434882917566227,0.04314404734580902,226.8147170064621,-0.059065649925125314
20071080254,1993,16.37399681084867,3904.7810957877723,0.5444264526660388,0.023708339915332898,251.5217471882728,-0.06216142469488621
20051080797,1994,15.490630466350638,4125.85074216619,0.502384094576027,-0.7682970710422623,509.306683464878,-0.1074521755516844
20051081299,1994,16.21146627647289,3379.388749082832,0.5387898557194777,-0.652982731141929,91.96319460151881,-0.10002754251518264
20061080486,1994,14.837206730220654,4654.312269469052,0.4493402675661901,-1.0203395385373601,729.8680096445315,-0.1271990609966714
20071080193,1994,15.589498975876948,4326.818646459366,0.4914943907191818,-0.7292118921616334,689.7334533500657,-0.1110595509625662
20071080254,1994,15.628115234831625,4423.166855191159,0.4949408026599631,-0.7221732361017098,769.9075065916575,-0.11164707470096205
20051080797,1995,17.598030054396474,2224.3957825850166,0.7769511500097207,1.3391025170035746,-1392.1482761162952,0.16711487988200935
20051081299,1995,18.15091745957085,2782.6692041854776,0.7711564475950956,1.2864684519560292,-504.75635029583555,0.13233904936043528
20061080486,1995,17.1221264864051,3288.245257447235,0.7247578549988766,1.264580217647087,-636.1990023772851,0.14821852643601507
20071080193,1995,17.698672577410264,2282.0978205705946,0.7720423771925886,1.3799617093716825,-1354.9873725387056,0.16948843551084056
20071080254,1995,17.71573139893557,2385.5682441859526,0.7714041043227491,1.365442928002239,-1267.6911044135477,0.16481622696182385
20051080797,1996,16.45922545281013,4116.1972977623545,0.6188659850321365,0.20029791541723085,499.65323906104277,0.009029714904425168
20051081299,1996,16.82435279514482,2096.9852827891914,0.6106132540317797,-0.040096212470000836,-1190.4402716921218,-0.028204144202880643
20061080486,1996,16.057264932825966,4595.275139923414,0.5808551028240292,0.19971866406795208,670.8308800988945,0.004315774261167684
20071080193,1996,16.45949251177441,4064.092541074729,0.6024810277034262,0.14078164373583,427.0073479654284,-7.291397832185892e-05
20071080254,1996,16.47319405014591,4020.108993903393,0.6035156856694379,0.12290557921257556,366.8496453038928,-0.0030721916914872387
20051080797,1997,15.650852865412617,3507.8432777073517,0.5729233972774321,-0.6080746719802832,-108.70078099396005,-0.03691287285027922
20051081299,1997,16.754237574425304,3133.98753880675,0.6795655385774229,-0.11021143318951587,-153.4380156745633,0.04074814034276253
20061080486,1997,15.301745818594249,3814.067318506194,0.5373347311693274,-0.5558004501637656,-110.3769413183249,-0.039204597393533984
20071080193,1997,15.811370876707668,3517.883941115863,0.5828199507464583,-0.5073399913309135,-119.20125199343762,-0.019733990935289575
20071080254,1997,15.85510150134284,3533.71014294826,0.5900761689685392,-0.4951869695904966,-119.54920565124067,-0.016511708392385867
20051080797,1998,16.196420101497495,3093.93075519575,0.5846857079600428,-0.0625074358954052,-522.6133035055618,-0.025150562167668533
20051081299,1998,16.94140814214518,2447.18941246493,0.625025404321112,0.07695913453035885,-840.2361420163834,-0.01379199391354835
20061080486,1998,16.071783658732553,3238.296267961694,0.5737453199013757,0.2142373899745413,-686.1479918628255,-0.002794008661485754
20071080193,1998,16.26081446977266,3420.253303287162,0.5595960400354288,-0.05789639826592055,-216.8318898221384,-0.04295790164631914
20071080254,1998,16.28292545443383,3422.7317444006553,0.5603165796260623,-0.06736301649950335,-230.52760419884476,-0.04627129773486293
20051080797,1999,16.89499649655994,4486.306313093721,0.6296658537986864,0.6360689591670408,869.762254392409,0.019829583670975093
20051081299,1999,17.49397163667544,3936.73670817536,0.6215724259239782,0.6295226290606202,649.3111536940469,-0.017244972310682116
20061080486,1999,16.379481324458492,5055.506268743395,0.5686955878122921,0.52193505570048,1131.0620089188753,-0.007843740750569457
20071080193,1999,17.02206099664745,4480.258194115885,0.6178290148137164,0.7033501286088671,843.1730010065852,0.015275073131968584
20071080254,1999,17.054946645618912,4494.832144375316,0.6205357332608773,0.7046581746855818,841.5727957758154,0.013947855899951967
20051080797,2000,14.740388468037509,2861.4793521178826,0.5073760711122284,-1.5185390693553913,-755.0647065834291,-0.10246019901548298
20051081299,2000,15.209518832054698,3243.3822498483523,0.5318348715845279,-1.6549301755601213,-44.043304632960826,-0.10698252665013241
20061080486,2000,14.28447785888896,3073.2148849977116,0.48579877964630436,-1.5730684098690522,-851.2293748268075,-0.09074054891655706
20071080193,2000,14.697193751253483,3100.596567082078,0.48662761490249146,-1.621517116785098,-536.4886260272227,-0.11592632677925653
20071080254,2000,14.72589042943816,3085.2859973673703,0.49133661734979506,-1.6243980414951755,-567.9733512321297,-0.11525126001113017
20051080797,2001,16.579674981988035,2906.9864702449877,0.6486224631249918,0.3207474445951348,-709.5575884563241,0.03878619299728048
20051081299,2001,17.43397875661435,2396.6405632944543,0.7350013305421712,0.5695297489995319,-890.7849911868589,0.09618393230751088
20061080486,2001,16.23435264559761,3620.689307324751,0.6124118272110691,0.3768063768395993,-303.7549524997684,0.035872498648207685
20071080193,2001,16.710320238047252,2888.6201728202454,0.6742394979377037,0.3916093700086708,-748.465020289055,0.07168555625595571
20071080254,2001,16.754865743533284,2878.348599450695,0.6832377228733442,0.4045772725999503,-774.9107491488052,0.0766498455124191
20051080797,2002,16.14517104660257,3531.4583919265237,0.636279891087336,-0.11375649079032968,-85.08566677478802,0.026443620959624603
20051081299,2002,16.99307143722757,3518.3004076846805,0.680683970234966,0.12862242961275072,230.87485320336737,0.041866572000305635
20061080486,2002,15.8781288633485,3201.8346138366433,0.6329222403307647,0.020582594590489053,-722.6096459878768,0.0563829117679032
20071080193,2002,16.227601906663782,3407.4929348165074,0.6309827585828308,-0.09110896137480105,-229.59225829279288,0.028428816901082767
20071080254,2002,16.267916009475986,3408.839278737413,0.6364905005547733,-0.08237246145734338,-244.42006986208702,0.029902623193848114
20051080797,2003,16.08865579522177,4970.7272476688795,0.5746180552265504,-0.17027174217113128,1354.1831889675677,-0.03521821490116095
20051081299,2003,16.733655865987146,4428.626047930198,0.6154796770707266,-0.13079314162767375,1141.200493448885,-0.023337721163933733
20061080486,2003,15.560484726947292,4529.871400034504,0.5548319642036217,-0.29706154181071986,605.4271402099848,-0.021707364359239836
20071080193,2003,16.124390311109256,5293.730870880128,0.5569370012896758,-0.19432055692932546,1656.6456777708281,-0.045616940392072036
20071080254,2003,16.159474382700292,5266.343240611404,0.5611531756265092,-0.19081408823304075,1613.0838920119027,-0.045434701734415835
20051080797,2004,14.72967085492786,3775.19964361597,0.5027974178469895,-1.5292566824650393,158.65558491465845,-0.10703885228072185
20051081299,2004,15.300242533200048,3570.9038994278403,0.5497874710662356,-1.564206474414771,283.47834494652716,-0.08902992716842473
20061080486,2004,14.255281206490347,4993.839900289067,0.46436837526975044,-1.602265062267666,1069.3956404645478,-0.112170953293111
20071080193,2004,14.771523548816488,3883.3966399941464,0.4941459141861404,-1.5471873192220955,246.31144688484645,-0.10840802749560763
20071080254,2004,14.8095853426023,3922.5364163701597,0.4978837614138483,-1.5407031283310326,269.27706777065896,-0.10870411594707691
20051080797,2005,18.20998534465184,2690.8219680258403,0.7718457725857357,1.951057807258941,-925.7220906754715,0.16200950245802437
20051081299,2005,19.12767457132759,2640.090934007741,0.8720039841166413,2.263225563712769,-647.3346204735722,0.23318658588198093
20061080486,2005,18.012059832310364,2821.431362076975,0.78532673551116,2.15451356355235,-1103.0128977475445,0.20878740694829848
20071080193,2005,18.390051439534073,2664.365020474534,0.7789289721093725,2.0713405714954902,-972.7201726347662,0.17637503042762456
20071080254,2005,18.433395202930058,2611.068031478111,0.7862133194822715,2.0831067319967267,-1042.1913171213885,0.17962544212134615
20051080797,2006,16.60438410993936,3247.9359965009708,0.6674116418156923,0.34545657254646045,-368.608062200341,0.05757537168798099
20051081299,2006,17.11797902756848,3891.35727669877,0.6851581555925509,0.2535300199536614,603.9317222174568,0.04634075735789056
20061080486,2006,16.152993145265444,3337.585423438074,0.6389552482911237,0.29544687650743034,-586.8588363864454,0.062415919728262326
20071080193,2006,16.643434574460592,3168.332360964295,0.662248915345951,0.3247237064220117,-468.7528321450054,0.059694973664202976
20071080254,2006,16.675563089465907,3178.578777348242,0.6674931886404171,0.3252746185325751,-474.6805712512584,0.06090531127949182
20051080797,2007,15.8844018728837,3868.8908878705347,0.6343431306366962,-0.3745256645091999,252.34682916922293,0.024506860508984873
20051081299,2007,16.57191602596339,3899.7722648075664,0.600567361856774,-0.29253298165142994,612.3467103262533,-0.038250036377886376
20061080486,2007,15.516942492222459,3994.2446047804206,0.6107959155326828,-0.34060377653555446,69.8003449559006,0.034256586969821236
20071080193,2007,16.036912216426146,4070.884018102658,0.6213630620127674,-0.2817986516124385,433.7988249933576,0.018809120331019405
20071080254,2007,16.081987202015707,4043.530231504788,0.627445663729735,-0.2683012689176278,390.2708829052864,0.02085778636880984
20051080797,2008,15.967426844610713,4264.322235743318,0.4446844921798863,-0.2915006927821864,647.7781770420061,-0.16515177794782504
20051081299,2008,16.3234475647194,5104.933026741061,0.4568320837485829,-0.5410014428954177,1817.5074722597483,-0.1819853144860774
20061080486,2008,15.597140598573574,5323.75486438236,0.4081015208674401,-0.2604056701844369,1399.3106045578406,-0.1684378076954214
20071080193,2008,15.92585362043624,4513.560210990071,0.4363350735468639,-0.3928572476023429,876.4750178807707,-0.16621886813488407
20071080254,2008,15.953453611090982,4489.2886248392915,0.44040434404854484,-0.3968348598423538,836.029276239791,-0.16618353331238034
20051080797,2009,15.441483793396912,4569.675219841311,0.5184712602589622,-0.8174437439959874,953.1311611399997,-0.09136500986874918
20051081299,2009,15.86995501310929,3034.841237254451,0.5473383021701372,-0.9944939945055289,-252.58431722686237,-0.09147909606452309
20061080486,2009,15.24095528201784,4305.5152198672395,0.5037974688429245,-0.6165909867401732,381.07096004271995,-0.07274185971993691
20071080193,2009,15.380342569464307,4792.791985938279,0.4946147592560084,-0.938368298574273,1155.7067928289794,-0.10793918242573958
20071080254,2009,15.401810763498599,4840.773733358036,0.4963479251355111,-0.9484777074347338,1187.5143847585352,-0.110239952225414
20051080797,2010,16.803874090443514,2944.779009320751,0.6787749842226993,0.5449465530506146,-671.7650493805609,0.06893871409498797
20051081299,2010,17.653910711537264,2244.9001602316052,0.7306938300030914,0.789461703922445,-1042.525394249708,0.09187643176843108
20061080486,2010,16.435282463405464,3176.3601526850607,0.6322396912076224,0.5777361946474499,-748.0841071394583,0.05570036264476089
20071080193,2010,16.935100963024603,2854.7005814975473,0.6718634615774789,0.6163900949860206,-782.384611611753,0.06930951989573096
20071080254,2010,16.97204050872669,2835.2053981950685,0.6760709263195325,0.621752037793354,-818.0539504044315,0.0694830489586074
20051080797,2011,16.774283953680538,3958.1432894975455,0.621732693758908,0.5153564162876378,341.59923079623377,0.011896423631196695
20051081299,2011,17.559875410881602,3342.084973415783,0.7032904213424525,0.695426403266783,54.65941893447007,0.06447302310779213
20061080486,2011,16.3578260803223,3529.453485792926,0.611660780104168,0.5002798115642891,-394.9907740315934,0.03512145154130653
20071080193,2011,16.855678636754472,3988.818253291969,0.6240978164202772,0.5369677687158929,351.7330601826685,0.021543874738529187
20071080254,2011,16.89041843818265,4025.667873032625,0.6289066340871579,0.5401299672493172,372.4085244331238,0.022318756726232656
20051080797,2012,17.20673357092818,2660.47347075823,0.7182569691860994,0.9478060335352794,-956.0705879430816,0.10842069905838803
20051081299,2012,17.69776140295943,2813.8699281919307,0.7277353678804845,0.8333123953446098,-473.5556262893824,0.08891796964582421
20061080486,2012,16.768715285149206,3586.7808952141113,0.6745397893463084,0.911169016391195,-337.66336461040817,0.09800046078344697
20071080193,2012,17.36224771800358,2724.2158550163235,0.7376778731786005,1.0435368499649984,-912.8693380929767,0.13512393149685245
20071080254,2012,17.40718426303829,2715.247843977375,0.7464821858466322,1.0568957921049538,-938.0115046221254,0.13989430848570694
20051080797,2013,15.963224782805526,2997.37816789267,0.5920881000799726,-0.2957027545873743,-619.165890808642,-0.017748170047738765
20051081299,2013,16.444158815301023,3130.874235379373,0.5762979261322454,-0.4202901923137965,-156.55131910193995,-0.06251947210241493
20061080486,2013,15.489088439112136,3808.5173765671007,0.5438619997121461,-0.3684578296458771,-115.92688325741885,-0.03267732885071532
20071080193,2013,16.02784447454287,3118.931603701452,0.5836336976061438,-0.2908663934957111,-518.1535894078488,-0.018920244075604123
20071080254,2013,16.06145816084491,3179.8015278628427,0.5862035713901005,-0.2888303100884226,-473.4578207366574,-0.020384305970824725
20051080797,2014,16.324508575771176,4016.061606567117,0.5937493207515467,0.06558103837827645,399.5175478658052,-0.016086949376164617
20051081299,2014,16.31535949430605,3599.491961981865,0.5772192496986448,-0.5490895133087683,312.06640750055203,-0.06159814853601553
20061080486,2014,16.07562369692155,3738.675526316973,0.569354165875524,0.21807742816353728,-185.76873350754653,-0.0071851626873375
20071080193,2014,16.197863414280256,3782.4133209869387,0.571732634129,-0.12084745375832115,145.32812787763896,-0.03082130755274796
20071080254,2014,16.19597521828396,3741.7246765517757,0.5728239813821483,-0.15431325264937287,88.46532795227593,-0.03376389597877694
20051080797,2015,15.834734397003615,4213.208883764139,0.5251458686053622,-0.4241931403892849,596.6648250628268,-0.08469040152234919
20051081299,2015,16.395216698577485,3003.683514656416,0.5453688735653505,-0.46923230903733426,-283.74203982489735,-0.09344852466930986
20061080486,2015,15.454044151306169,4057.7437035235675,0.48577884542570354,-0.40350211745184233,133.29944369904803,-0.09076048313715797
20071080193,2015,15.859441733831494,3243.6796163354143,0.5146262705346155,-0.459269134207088,-393.405576773886,-0.08792767114713249
20071080254,2015,15.891323134489582,3188.0353922094273,0.5168159321483068,-0.4589653364437509,-465.22395639007306,-0.08977194521261839
20051080797,2016,16.29781311698582,3325.762294988813,0.5882066144361897,0.038885579592921715,-290.78176371249856,-0.021629655691521643
20051081299,2016,17.195070603965007,2906.149228859427,0.6714852733130469,0.33062159635018773,-381.2763256218864,0.03266787507838653
20061080486,2016,15.81397497868195,4809.785412598135,0.5269119992510892,-0.043571290076063536,885.3411527736152,-0.04962732931177223
20071080193,2016,16.375364247130705,3365.8754144819673,0.5856980788825453,0.056653379092120586,-271.2097786273328,-0.016855862799202655
20071080254,2016,16.415300970041713,3411.993506275563,0.5916841766067472,0.06501249910838323,-241.26584232393745,-0.014903700754177865
20051080797,2017,15.249712638578558,3464.2261745379274,0.5605124522872116,-1.0092148988143421,-152.3178841633844,-0.04932381784049977
20051081299,2017,16.008062955607556,2890.5027875647847,0.5766304739149911,-0.856386052007263,-396.9227669165284,-0.06218692431966921
20061080486,2017,14.805755791318626,4011.920135837883,0.5392818363825697,-1.051790477439388,87.47587601336372,-0.03725749218029177
20071080193,2017,15.299328537933885,3558.4473517666256,0.5377150732612134,-1.0193823301046965,-78.63784134267436,-0.06483886842053449
20071080254,2017,15.342093035996013,3618.558187972935,0.5404288827402561,-1.0081954349373217,-34.701160626565816,-0.06615899462066906
20051080797,2018,17.720815442956052,4930.1847457958775,0.7123217767192034,1.4618879055631524,1313.6406870945657,0.10248550659149203
20051081299,2018,18.29439111239668,3799.20486417398,0.7335090801033928,1.429942104781862,511.77930969266663,0.09469168186873245
20061080486,2018,17.23340142291527,4015.4482022000857,0.6670818260133012,1.3758551541572588,91.00394237556665,0.0905424974504398
20071080193,2018,17.803926830266636,5133.720915822673,0.7041067018716083,1.485215962228053,1496.635722713373,0.10155276018986033
20071080254,2018,17.82870038875927,5271.309939447442,0.7055415246932782,1.4784119178259332,1618.0505908479415,0.09895364733235311
20051080797,2019,16.324619512972674,3634.7087052983156,0.6464527275274178,0.06569197557977446,18.164646597003866,0.036616457399706426
20051081299,2019,17.030405291958175,3395.7054856565705,0.6860416978360341,0.16595628434335552,108.27993117525739,0.047224299601373754
20061080486,2019,15.699077450019763,4500.683331951212,0.5636674472890504,-0.15846881873824978,576.239072126692,-0.01287188127381116
20071080193,2019,16.383081060341727,3607.4880378737894,0.6428788730319052,0.06437019230314585,-29.597155235511398,0.04032493135015712
20071080254,2019,16.41990249412974,3555.703845725793,0.6476935819983894,0.06961402319640742,-97.55550287370686,0.04110570463746415
20051080797,2020,17.461751466557644,4161.835304316568,0.6675021888161783,1.2028239291647438,545.2912456152562,0.05766591868846693
20051081299,2020,17.824643506865584,2876.869506057787,0.6665115479924771,0.9601944992507647,-410.55604842352614,0.02769414975781681
20061080486,2020,17.19630292007892,4455.132374357867,0.626863407827486,1.3387566513209066,530.6881145333474,0.05032407926462446
20071080193,2020,17.403955381985675,3475.939086832203,0.6494752107315964,1.0852445139470952,-161.14610627709732,0.04692126904984835
20071080254,2020,17.41229316518031,3492.406044937799,0.6510145065794842,1.062004694246977,-160.85330366170163,0.04442662921855905
20051080797,2021,17.572533412601672,3354.9245528801953,0.6699881391902613,1.313605875208772,-261.6195058211165,0.06015186906254999
20051081299,2021,18.01245447379955,3057.1546943783437,0.6579990584105002,1.1480054661847312,-230.27086010296944,0.019181660175839887
20061080486,2021,17.06496002888336,3173.219106674162,0.6421467348240564,1.2074137601253456,-751.2251531503573,0.06560740626119496
20071080193,2021,17.681736297213742,2803.0251890007426,0.6713878326436272,1.3630254291751638,-834.0600041085578,0.06883389096187928
20071080254,2021,17.73084104949582,2703.196985707908,0.6788977400897636,1.3805525785624828,-950.0623628915927,0.07230986272883844
20051080797,2022,16.420224416428766,4090.5979414991334,0.5510897419131973,0.16129687903586643,474.05388279782164,-0.05874652821451409
20051081299,2022,17.048524737703644,3536.009716760297,0.5917707498601319,0.18407573008882494,248.58416227898397,-0.04704664837452843
20061080486,2022,16.005834697225843,4340.645525116403,0.4940164580975471,0.14828842846783083,416.20126529188394,-0.08252287046531444
20071080193,2022,16.449249112695057,3907.4186823117893,0.5418308754879239,0.130538244656475,270.33348920248915,-0.06072306619382417
20071080254,2022,16.480208680252225,3824.1491919374935,0.5461633326334856,0.12992020931889386,170.88984333799354,-0.06042454472743948
20051080797,2023,17.42480843861898,4240.588131405239,0.6732057420014406,1.1658809012260818,624.0440727039277,0.06336947187372921
20051081299,2023,17.60977238364842,3067.407549403434,0.6967818718977353,0.7453233760335998,-220.01800507787902,0.057964473663075
20061080486,2023,17.478727391008057,3156.185592159455,0.734235541247253,1.621181122250045,-768.2586676650643,0.15769621268439152
20071080193,2023,17.29722062304821,4361.990035725415,0.6494975911368766,0.9785097550096313,724.9048426161145,0.04694364945512855
20071080254,2023,17.3004794358436,4494.939653597026,0.6506199702850926,0.9501909649102597,841.6803049975264,0.04403209292416722
20051080797,2024,17.78419702502265,4395.178739872428,0.6526841311972966,1.5252694876297497,778.6346811711164,0.04284786106958527
20051081299,2024,18.08375491819521,3006.0921357540806,0.6752492140558982,1.2193059105803918,-281.3334187272326,0.03643181582123789
20061080486,2024,17.48201210795974,3823.3092314718683,0.6119134543322103,1.6244658392017253,-101.13502835265119,0.03537412576934881
20071080193,2024,17.586598400573358,3942.2200893240783,0.6141650913000807,1.2678875325347763,305.1348962147781,0.01161114961833274
20071080254,2024,17.58401907674098,3846.1282880268877,0.6137553794863604,1.2337306058076438,192.86893942738817,0.007167502125435319
20051080797,2025,16.772501018081925,4452.375925339443,0.6144160758453783,0.5135734806890255,835.831866638131,0.004579805717666918
20051081299,2025,17.420828831714175,3549.0197829973517,0.6398127667669301,0.5563798240993556,261.5942285160386,0.0009953685322697803
20061080486,2025,16.20879970467611,5237.322417728286,0.550587448854836,0.3512534359180969,1312.878157903768,-0.025951879708025462
20071080193,2025,16.852714053025444,4186.64533819475,0.6009512896266874,0.5340031849868636,549.5601450854501,-0.0016026520550604976
20071080254,2025,16.89527659180417,4056.9635065335733,0.6063391343741479,0.5449881208708358,403.70415793407267,-0.00024874298677741584
20071080461,1984,15.07390731636455,3490.1728518382897,0.47681540776322073,-0.3179486681681715,-408.8349840938676,-0.08953711491698622
20071080492,1984,15.777647459334231,3691.4759789824425,0.4889263143933489,-0.3487036691195815,-140.45627817187085,-0.10835723721924626
20071080506,1984,15.758473656070244,3986.643709135539,0.5032544534512496,-0.2992047463365482,-48.33061808845076,-0.09320947440169161
20071080572,1984,15.614237991277719,4082.0788942974,0.5013557896974838,-0.29429502901826154,161.7355957395871,-0.09209117483269835
20091080312,1984,15.034641955555344,3553.2731150042205,0.4787776245305713,-0.32301089061058086,-375.0728162857854,-0.0923072765240292
20071080461,1985,13.947727690341992,4053.584961211146,0.48849000860926184,-1.444128294190729,154.57712527898852,-0.07786251407094516
20071080492,1985,14.58354079066845,4378.139693358129,0.5017570785249559,-1.5428103377853635,546.2074362038157,-0.09552647308763917
20071080506,1985,14.520961621878836,4671.944154139215,0.5075412012718613,-1.5367167805279562,636.9698269152259,-0.08892272658108001
20071080572,1985,14.373628062096202,4676.361838656625,0.5078712529715622,-1.5349049581997782,756.0185400988121,-0.08557571155861998
20091080312,1985,13.915191234367512,4060.2511077403633,0.49416105086528606,-1.4424616117984126,131.90517645035743,-0.07692385018931447
20071080461,1986,12.823446166457794,3418.834688640622,0.4946275606075686,-2.5684098180749264,-480.1731472915352,-0.07172496207263838
20071080492,1986,13.825762111553246,3240.623406866056,0.5406688859683191,-2.3005890169005685,-591.3088502882568,-0.05661466564427606
20071080506,1986,13.638498733354698,3483.3489548205944,0.5249266785058176,-2.4191796690520975,-551.6253724033958,-0.07153724934712369
20071080572,1986,13.530859254754148,3109.8076296369113,0.5210480184580547,-2.3776737655418323,-810.5356689209016,-0.07239894607212749
20091080312,1986,12.787719960143647,3447.54855477759,0.49732353104869553,-2.5699328860222774,-480.79737651241567,-0.07376137000590499
20071080461,1987,15.043654880431575,3097.366283386254,0.5646193729289265,-0.3482011041011462,-801.6415525459032,-0.0017331497512804346
20071080492,1987,15.839609193110832,3772.677277186194,0.5647445178230414,-0.28674193534298276,-59.25497996811953,-0.03253903378955383
20071080506,1987,15.69567346652897,3598.4875467981306,0.5629262294811607,-0.3620049358778254,-436.48678042585993,-0.03353769837178069
20071080572,1987,15.584280116316222,3638.570172450745,0.5566387241250588,-0.32425290397975814,-281.77312610706804,-0.03680824040512343
20091080312,1987,14.98727579255035,3140.7775270931957,0.5664625144426203,-0.3703770536155755,-787.5684041968102,-0.004622386611980223
20071080461,1988,14.749522977174802,3607.4755804141887,0.5432244765305697,-0.64233300735792,-291.5322555179685,-0.02312804614963726
20071080492,1988,15.37863142455835,4906.871737678898,0.5368676817816518,-0.7477197038954646,1074.9394805245847,-0.06041586983094324
20071080506,1988,15.401416963407069,4665.09194418388,0.551945355136193,-0.6562614389997251,630.1176169598895,-0.04451857271674839
20071080572,1988,15.291528728042863,4848.533956100596,0.5478214208607904,-0.6170042922531174,928.1906575427829,-0.045625543669391755
20091080312,1988,14.73937286017599,3624.455017735613,0.5501346045820695,-0.6182799859899344,-303.8909135543927,-0.020950296472530994
20071080461,1989,15.116586778244578,2946.2311806331227,0.5694583251210857,-0.2752692062881443,-952.7766552990349,0.0031058024408787688
20071080492,1989,15.809983673648603,3150.7680992614623,0.6053999303381815,-0.3163674548052118,-681.1641578928509,0.00811637872558632
20071080506,1989,15.838728613457016,3446.2818957712448,0.6182740319579767,-0.21894978894977812,-588.6924314527453,0.02181010410503528
20071080572,1989,15.688834417039118,3678.1794057712104,0.6133721251855855,-0.2196986032568624,-242.16389278660245,0.019925160655403285
20091080312,1989,15.114922611955308,2897.672926217332,0.5787089910276662,-0.242730234210617,-1030.6730050726737,0.007624089973065629
20071080461,1990,15.191714898169362,3624.859810337494,0.5755193712147793,-0.2001410863633601,-274.14802559466335,0.00916684853457228
20071080492,1990,16.010821437835716,3289.3414807003687,0.5756722373352523,-0.11552969061809826,-542.5907764539446,-0.02161131427734278
20071080506,1990,16.02893668152198,3541.731170105377,0.591924586671099,-0.028741720884814054,-493.2431571186141,-0.004539341181842282
20071080572,1990,15.893002356653653,3573.012509845267,0.5883732169728078,-0.015530663642326914,-347.3307887125461,-0.005073747557374442
20091080312,1990,15.154096602011464,3516.4885069207053,0.578837799459766,-0.20355624415446094,-411.8574243693006,0.007752898405165465
20071080461,1991,15.668568711119612,3543.6459607241927,0.6224582866636452,0.27671272658689305,-355.3618752079647,0.05610576398343832
20071080492,1991,16.593924189304985,3019.109492557956,0.6644479073066629,0.467573060851171,-812.8227645963577,0.06716435569406776
20071080506,1991,16.393246554746447,3275.639222530598,0.6475989137892866,0.33556815233965237,-759.3351046933923,0.051134985936345155
20071080572,1991,16.285912484708035,3141.7488345363117,0.6486751569279692,0.37737946441205494,-778.5944640215012,0.05522819239778698
20091080312,1991,15.632893809719405,3441.7643846430756,0.6267713539826176,0.2752409635534807,-486.5815466469303,0.055686452928017105
20071080461,1992,12.863458795593582,3431.384793955696,0.4966506210665046,-2.528397188939139,-467.62304197646125,-0.06970190161370232
20071080492,1992,13.696888473068483,3721.0770559880757,0.5330359722284781,-2.429462655385331,-110.85520116623763,-0.06424757938411696
20071080506,1992,13.630650674978568,3907.3749582127593,0.5126802262164957,-2.4270277274282273,-127.59936901123123,-0.08378370163644565
20071080572,1992,13.502244484942935,3997.2655594732487,0.5091082931975282,-2.4062885353530454,76.9222609154358,-0.08433867133265405
20091080312,1992,12.834828589619065,3439.2696096014106,0.49901274835879417,-2.52282425654686,-489.07632168859527,-0.07207215269580636
20071080461,1993,15.857387983626248,4402.633138451314,0.577380838971428,0.4655319990935276,503.62530251915695,0.01102831629122103
20071080492,1993,16.356591872892537,3689.5556461378546,0.5647323367047375,0.23024074443872244,-142.3766110164587,-0.03255121490785759
20071080506,1993,16.48042163667021,3740.337098908837,0.5867751192067613,0.42274323426341587,-294.6372283151536,-0.00968880864618006
20071080572,1993,16.284172333150707,3658.1698837536933,0.5824360739852038,0.3756393128547266,-262.1734148041196,-0.011010890544978391
20091080312,1993,15.840262757176959,4441.695842410958,0.5823275083921344,0.4826099110110338,513.3499111209521,0.011242607337533905
20071080461,1994,14.342863763357721,4874.369374891071,0.4660847196267128,-1.048992221174999,975.3615389589137,-0.10026780305349424
20071080492,1994,15.150115108489999,4571.287600738256,0.4683016073575863,-0.9762360199638156,739.3553435839423,-0.12898194425500878
20071080506,1994,15.126821548569596,4830.010885150235,0.4827824452492744,-0.9308568538371955,795.0365579262445,-0.11368148260366703
20071080572,1994,15.047568306024573,4705.823363219647,0.4835965081789495,-0.8609647142714074,785.4800646618341,-0.1098504563512327
20091080312,1994,14.312317584217453,4935.277044256477,0.4715379157098367,-1.0453352619484715,1006.9311129664711,-0.0995469853447638
20071080461,1995,16.557068093157074,3165.265009636752,0.6827332305148778,1.1652121086243543,-733.7428262954058,0.11638070783467079
20071080492,1995,17.419505760635175,2904.090769487194,0.7578707560417572,1.2931546321813607,-927.8414876671194,0.16058720442916208
20071080506,1995,17.31430610537441,3141.6953111422354,0.7464796897720611,1.2566277029676178,-893.2790160817548,0.15001576191911975
20071080572,1995,17.179488104668224,2812.8224079410948,0.7445567149123287,1.2709550843722432,-1107.5208906167181,0.15110975038214647
20091080312,1995,16.503592745463095,3139.0702919016994,0.6871730066083509,1.1459398992971703,-789.2756393883064,0.11608810555375038
20071080461,1996,15.65170822143555,3993.6697806944658,0.5873291887356988,0.25985223690282966,94.6619447623084,0.02097666605549183
20071080492,1996,16.33152110887613,4663.399216666093,0.604175074838891,0.20516998042231724,831.4669595117795,0.006891523226295826
20071080506,1996,16.30937027047374,4780.140650185179,0.616104610386657,0.25169186806694216,745.1663229611881,0.01964068253371571
20071080572,1996,16.13310311358913,4503.592756058296,0.6057893576567165,0.22457009329314914,583.249457500483,0.01234239312653429
20091080312,1996,15.636033685656571,4117.28959851267,0.5962327054763995,0.2783808394906462,188.94366722266386,0.02514780442179898
20071080461,1997,14.952406047968491,3497.4086815289193,0.5610569705102557,-0.439449936564231,-401.59915440323783,-0.0052955521699512564
20071080492,1997,15.558670097848646,3656.850604630662,0.5599203309574217,-0.5676810306051667,-175.08165252365086,-0.037363220655173446
20071080506,1997,15.453691060701331,3597.714447951678,0.5664498500618088,-0.603987341705465,-437.259879272312,-0.030014077791132462
20071080572,1997,15.317872474504554,3732.8555735867753,0.5641625312947961,-0.590660545791426,-187.48772497103755,-0.029284433235386098
20091080312,1997,14.914630888510487,3494.1176868152156,0.5654143083404571,-0.4430219576554375,-434.22824447479024,-0.005670592714143385
20071080461,1998,15.786171856479408,3731.1480756975543,0.5734566608400943,0.3943158719466874,-167.85976023460293,0.007104138159887234
20071080492,1998,16.27489981305773,3094.551515685005,0.5909092548593465,0.1485486846039148,-737.3807414693083,-0.006374296753248659
20071080506,1998,16.12579930645199,3249.0525504406573,0.5827504891935297,0.06812090404519523,-785.9217767833334,-0.01371343865941167
20071080572,1998,15.900503972647869,3289.535395254923,0.5753636313392619,-0.008029047648111742,-630.8079033028898,-0.01808333319092026
20091080312,1998,15.735973536449933,3836.0059684268963,0.5748118210842115,0.37832069028400817,-92.33996286310958,0.0037269200296109473
20071080461,1999,15.877749494653981,4710.008392710208,0.5680304736377235,0.48589351012126214,811.0005567780505,0.0016779509575165499
20071080492,1999,16.668990831789785,4917.597661161764,0.5953499131978204,0.5426397033359702,1085.665404007451,-0.0019336384147747574
20071080506,1999,16.62912647136747,5463.6224743192215,0.6068075651895943,0.5714480689606782,1428.6481470952315,0.010343637336653
20071080572,1999,16.510319328308128,4970.667346049069,0.6119783635598972,0.6017863080121479,1050.3240474912564,0.018531399029715012
20091080312,1999,15.83762168055,4861.024516303061,0.5714237176178579,0.479968834384076,932.6785850130555,0.0003388165632574047
20071080461,2000,13.935021915067257,3283.7665992615684,0.5013876210340082,-1.4568340694654633,-615.2412366705888,-0.06496490164619871
20071080492,2000,14.584238866446682,2940.4751748138983,0.5064779883514797,-1.542112262007132,-891.4570823404155,-0.09080556326111544
20071080506,2000,14.593650641175875,3257.712897047914,0.5110284325792744,-1.4640277612309187,-777.2614301760764,-0.08543549527366699
20071080572,2000,14.42454303382101,3143.1963228447303,0.5056884513613452,-1.4839899864749704,-777.1469757130826,-0.08775851316883698
20091080312,2000,13.901582315693759,3321.8178040174707,0.5046343391518587,-1.4560705304721662,-606.5281272725351,-0.06645056190274179
20071080461,2001,15.764933487988912,3465.3222820760448,0.5716491172126225,0.37307750345619145,-433.6855538561125,0.005296594532415562
20071080492,2001,16.49344446900963,3124.077697893768,0.6292744561923163,0.367093340555817,-707.8545592605459,0.03199090457972111
20071080506,2001,16.43767615557631,3391.705569868972,0.615461003327274,0.37999775316951634,-643.2687573550184,0.018997075474332603
20071080572,2001,16.265023713872097,3257.534347385331,0.6203746336183533,0.3564906935761165,-662.808951172482,0.026927669088171124
20091080312,2001,15.744215148428225,3480.2362601311643,0.5757088580616663,0.38656230226230015,-448.1096711588416,0.004623957007065749
20071080461,2002,15.270593869858924,3029.9311216243473,0.5916526116492065,-0.12126211467379791,-869.07671430781,0.025300088968999525
20071080492,2002,16.12598057622499,3044.3064310842124,0.6492763186483884,-0.00037055222882465,-787.625826070101,0.05199276703579331
20071080506,2002,15.9688716262829,3623.4709600583974,0.6424189967174653,-0.08880677612389296,-411.5033671655931,0.045955068864523836
20071080572,2002,15.808712536355756,3690.6061983921495,0.6318472583792215,-0.09982048394022414,-229.73710016566338,0.03840029384903931
20091080312,2002,15.229793194757008,3019.111844829556,0.5982326971341411,-0.12785965140891697,-909.2340864604498,0.027147796079540543
20071080461,2003,15.127707385556144,3815.490914991575,0.5637323054677483,-0.2641485989765761,-83.51692094058248,-0.002620217212458605
20071080492,2003,15.824834428317317,4482.1158619769685,0.5638230354693752,-0.30151670013649756,650.1836048226552,-0.03346051614322004
20071080506,2003,15.829840428478231,4414.370609587116,0.5765221442948326,-0.22783797392856486,379.3962823631252,-0.019941783558108783
20071080572,2003,15.720392661163771,4632.631847186463,0.5708237150435904,-0.18814035913220906,712.2885486286505,-0.02262324948659178
20091080312,2003,15.09103528174802,3800.7465223953895,0.5687244928235825,-0.2666175644179045,-127.59940889461632,-0.0023604082310180186
20071080461,2004,13.765767105305278,4513.65851173211,0.4541472194974291,-1.6260888792274437,614.6506757999529,-0.11220530318277792
20071080492,2004,14.537987514164172,4730.010930961334,0.4806530324087387,-1.5883636142896427,898.0786738070211,-0.11663051920385645
20071080506,2004,14.501235260006885,4866.746518060313,0.4858825771417024,-1.5564431423999077,831.7721908363229,-0.1105813507112389
20071080572,2004,14.388373760555112,4394.748924579808,0.48848615761483,-1.5201592597408684,474.405626021995,-0.1049608069153522
20091080312,2004,13.745620491193733,4465.660429839381,0.45984549074520864,-1.6120323549721913,537.3144985493755,-0.11123941030939188
20071080461,2005,17.201981188364112,3813.6430447989474,0.7012241231685805,1.8101252038313898,-85.36479113320988,0.13487160048837354
20071080492,2005,18.224455984087996,2793.4383708120654,0.7949957215893212,2.0981048556341815,-1038.493886342248,0.19771216997672608
20071080506,2005,17.99005602997376,2907.9980270907367,0.7753729344043412,1.9323776275669675,-1126.9763001332535,0.17890900655139974
20071080572,2005,17.831932702271843,2746.493279940761,0.7570017088791918,1.9233996819758623,-1173.8500186170518,0.16355474434900963
20091080312,2005,17.15736154058709,3815.6767115065227,0.7107789399792793,1.7997086944211649,-112.66921978348319,0.1396940389246788
20071080461,2006,15.685592712181213,2850.9231176707362,0.631214692660843,0.2937367276484929,-1048.0847182614207,0.06486216998063599
20071080492,2006,16.46703599017603,3293.75162591991,0.6643904107511023,0.3406848617222149,-538.1806312344032,0.0671068591385072
20071080506,2006,16.463735040392613,2940.9296187251607,0.668076578452653,0.406056637985817,-1094.04470849883,0.0716126505997116
20071080572,2006,16.27647936724236,2961.4590901119727,0.6567534829442927,0.36794634694637907,-958.8842084458402,0.0633065184141105
20091080312,2006,15.66206233259561,2878.1489200128335,0.6377184260188566,0.30440948642968557,-1050.1970112771724,0.06663352496425612
20071080461,2007,14.987666575574641,4031.2206858139675,0.5888660132494773,-0.4041894089580804,132.2128498818106,0.022513490569270322
20071080492,2007,15.809451143292451,3823.5517344894697,0.6413186437110446,-0.31689998516136514,-8.38052266484317,0.044035092098449524
20071080506,2007,15.679886565583077,4144.186410473692,0.6354790310514619,-0.3777918368237172,109.2120832497021,0.039015103198520557
20071080572,2007,15.532174178137325,4014.6431287742103,0.6279856209215041,-0.37635884215865545,94.29983021639737,0.03453865639132192
20091080312,2007,14.937238857711577,4173.795901051804,0.5912382509400046,-0.42041398845434763,245.44996976179846,0.02015334988540407
20071080461,2008,15.277599842421695,4777.924255030964,0.4187828446434583,-0.11425614211102737,878.9164190988064,-0.1475696780367487
20071080492,2008,15.821800057784413,5556.312165251736,0.42257434490794893,-0.30455107066939924,1724.3799080974222,-0.1747092067046462
20071080506,2008,15.823466652754565,4625.725924531732,0.43373588941593033,-0.23421174965223032,590.7515973077416,-0.16272803843701103
20071080572,2008,15.706945604517841,4306.863464909408,0.43501221851686717,-0.201587415778139,386.52016635159544,-0.15843474601331503
20091080312,2008,15.228974873086713,5068.802735331271,0.4205343732004223,-0.12867797307921158,1140.456804041265,-0.15055052785417822
20071080461,2009,15.00406635302854,3475.262411224355,0.5249014617551545,-0.387789631504182,-423.7454247078018,-0.04145106092505253
20071080492,2009,15.506184376149974,4003.346379045407,0.527939509867142,-0.6201667523038399,171.4141218910937,-0.06934404174545317
20071080506,2009,15.45118787112262,4017.3201839959247,0.5249958113799907,-0.6064905312841748,-17.654143228065287,-0.07146811647295069
20071080572,2009,15.237690944948099,4252.603676766167,0.5183614305548992,-0.6708420753478812,332.26037820835427,-0.07508553397528295
20091080312,2009,14.970329538981161,3506.9067810103397,0.5294097727314854,-0.38732330718476327,-421.43915027966614,-0.04167512832311515
20071080461,2010,15.815799239522619,3153.111561584885,0.5974378624717134,0.42394325498989777,-745.8962743472722,0.031085339791506444
20071080492,2010,16.747901313892314,3160.7645444990844,0.6689103878009837,0.6215501854384994,-671.1677126552289,0.07162683618838855
20071080506,2010,16.524155183642304,4002.27791811852,0.6471863487224991,0.4664767812355086,-32.69640910547031,0.05072242086955781
20071080572,2010,16.38000262163689,3539.7334049874694,0.6485516346610102,0.4714696013409103,-380.6098935703435,0.05510467013082798
20091080312,2010,15.757947346784078,3277.448665113166,0.60029671811725,0.40029450061815375,-650.8972661768398,0.029211817062649525
20071080461,2011,15.92235140961725,4005.224062426439,0.6112734871078175,0.5304954250845283,106.21622649428187,0.04492096442761052
20071080492,2011,16.616474461209975,3835.4827168569477,0.6185730906287038,0.49012333275616093,3.550459702634385,0.02128953901610861
20071080506,2011,16.551718721018798,3818.0235303276972,0.6091230032272633,0.4940403186120043,-216.95079689629318,0.012659075374321906
20071080572,2011,16.39985449970635,4023.0323693886908,0.6010556431065915,0.4913214794103702,102.68907083087788,0.0076086785764093445
20091080312,2011,15.896335690263413,3977.476862555793,0.6165628651708879,0.5386828440974885,49.13093126578724,0.04547796411628735
20071080461,2012,16.13367183519447,3611.9050686516666,0.616843215664963,0.7418158506617509,-287.1027672804903,0.0504906929847561
20071080492,2012,17.023772950103336,3346.7351470101185,0.6924362795478023,0.8974218216495212,-485.1971101441949,0.09515272793520715
20071080506,2012,16.833720216380126,3788.805716068901,0.6568993031806369,0.7760418139733325,-246.1686111550897,0.06043537532769558
20071080572,2012,16.72103879624524,3588.5113935876198,0.6648597509807416,0.8125057759492584,-331.83190497019314,0.07141278645055937
20091080312,2012,16.101633685568117,3663.337823185653,0.6218458570949758,0.7439808394021927,-265.0081081043527,0.05076095604037523
20071080461,2013,15.122817563319586,4458.291949900662,0.5509248231223579,-0.269038421213135,559.2841139685048,-0.015427699557849098
20071080492,2013,15.751986972145417,3579.6803952761497,0.5626042548552742,-0.37436415630839726,-252.25186187816405,-0.03467929675732096
20071080506,2013,15.715434897937122,3878.3357604164735,0.5803076267362127,-0.34224350446967144,-156.63856680751675,-0.016156301116728614
20071080572,2013,15.606910386292839,3567.1836000036947,0.5784575221979537,-0.3016226340031416,-353.1596985541182,-0.014989442332228542
20091080312,2013,15.093924051091335,4302.854543748175,0.5565052438283565,-0.2637287950745897,374.5086124581694,-0.014579657226243992
20071080461,2014,15.88714804257749,4019.486750536673,0.5889953740105707,0.49529205804476767,120.47891460451547,0.022642851330363777
20071080492,2014,16.36092798813533,3639.864246576789,0.5988886183039805,0.23457685968151587,-192.06801057752486,0.0016050666913853817
20071080506,2014,16.382530289947507,3942.6907702350695,0.6066769888988822,0.32485188754071365,-92.28355698892162,0.010213061045940892
20071080572,2014,16.10916062230649,3831.6405729686344,0.5886091971144373,0.20062760201050978,-88.7027255891785,-0.004837767415744931
20091080312,2014,15.866696252684676,4051.4765295495713,0.5951378000376242,0.5090434065187512,123.13059825956543,0.02405289898302365
20071080461,2015,15.132389880378506,4030.012180792084,0.48336298708940434,-0.25946610415421445,131.00434485992733,-0.08298953559080263
20071080492,2015,15.700298936816239,3656.8388780540886,0.508463707793735,-0.42605219163757546,-175.09337910022475,-0.08881984381886014
20071080506,2015,15.653109880443058,4881.951510473513,0.5086224827813504,-0.4045685219637353,846.9771832495215,-0.08784144507159103
20071080572,2015,15.501370103808426,4843.622564101508,0.5090156855529928,-0.40716291648755387,923.2792655436951,-0.08443127897718938
20091080312,2015,15.098734446539424,3963.6516577991756,0.48782808488538426,-0.2589183996265003,35.305726509169745,-0.08325681616921626
20071080461,2016,15.296379527953528,4311.332080027443,0.5125297410533277,-0.0954764565791925,412.3242440952857,-0.053822781626879264
20071080492,2016,16.110964379794353,4643.38384271759,0.5546551816013403,-0.015386748659460991,811.4515855632765,-0.042628370011254905
20071080506,2016,16.017926933818195,4867.502395378454,0.5545248806404159,-0.0397514685885982,832.5280681544629,-0.04193904721252543
20071080572,2016,15.922711391725443,4115.170818578185,0.5642910417915901,0.014178371429462544,194.8275200203725,-0.029155922738592133
20091080312,2016,15.26282847307732,4415.093540038647,0.5151951921218451,-0.09482437308860447,486.74760874864114,-0.055889708932755466
20071080461,2017,14.246565347478054,4192.959414543798,0.5296718598967249,-1.1452906370546672,293.9515786116408,-0.03668066278348203
20071080492,2017,15.091238835929104,3826.949767206699,0.5605010888229577,-1.03511229252471,-4.9824899476142255,-0.03678246278963753
20071080506,2017,15.059887064112521,3862.580909371231,0.5614013473429372,-0.9977913382942741,-172.39341785275977,-0.03506258051000417
20071080572,2017,14.888568503614806,3831.8269629002516,0.5555836654154909,-1.0199645166811742,-88.51633565756129,-0.03786329911469133
20091080312,2017,14.220369766069496,4172.022186589331,0.5332491313998633,-1.137283080096429,243.67625529932502,-0.03783576965473723
20071080461,2018,16.594861584354742,3805.1719351434226,0.6451332252018682,1.2030055998220202,-93.8359007887349,0.07878070252166136
20071080492,2018,17.54395303035129,4225.689516037555,0.6996394962573897,1.4176019018974753,393.75725888324183,0.1023559446447947
20071080506,2018,17.441381553108734,4240.27062881684,0.700026410995702,1.3837031507019388,205.29630159284963,0.10356248314276062
20071080572,2018,17.338365615623616,4473.367585435362,0.6977839668418679,1.4298325953276354,553.0242868775495,0.10433700231168574
20091080312,2018,16.56156764375993,3786.760559871645,0.650719990938047,1.2039147975940043,-141.58537141836086,0.07963508988344647
20071080461,2019,15.005292421147466,4661.9669102154285,0.5178125157969508,-0.3865635633852526,762.959074283271,-0.048540006883256215
20071080492,2019,15.98719394932624,4792.258797386374,0.5884743080262195,-0.13915717912757408,960.3265402320604,-0.008809243586375609
20071080506,2019,15.86413011623652,5120.052049023645,0.5845833304366514,-0.19354828617027384,1085.0777217996547,-0.011880597416289988
20071080572,2019,15.808125867705428,4964.974691100131,0.6012259512099052,-0.10040715259055233,1044.6313925423183,0.007778986679722988
20091080312,2019,14.959283412712239,4655.207336820375,0.5214703797103847,-0.39836943345368603,726.8614055303688,-0.049614521344215845
20071080461,2020,17.02008928169952,4314.097011627444,0.6538515880850388,1.6282332971668008,415.08917569528603,0.08749906540483192
20071080492,2020,17.409300374293693,4221.413927706394,0.6458935193499079,1.2829492458398788,389.4816705520799,0.0486099677373128
20071080506,2020,17.48331731487832,4470.984310208029,0.6671638047952952,1.4256389124715263,436.00998298403874,0.07069987694235383
20071080572,2020,17.22642909478452,4617.973592918801,0.6559735681461426,1.3178960744885408,697.630294360988,0.06252660361596041
20091080312,2020,16.99389576428183,4348.629380431461,0.6622050419762341,1.6362429181159062,420.2834491414551,0.09112014092163356
20071080461,2021,16.443758078588985,3644.026192642716,0.6196598526645186,1.051902094056264,-254.98164328944117,0.05330732998431173
20071080492,2021,17.330226053707875,3491.9045665692215,0.6504934841406352,1.2038749252540608,-340.0276905850918,0.05320993252804015
20071080506,2021,17.30961868080996,4158.387224094225,0.6517610104154546,1.2519402784031664,123.41289687023375,0.05529708256251332
20071080572,2021,17.168320571512425,4022.5326938479816,0.6464544055624756,1.2597875512164443,102.1893952901687,0.05300744103229338
20091080312,2021,16.434432083627485,3603.9557594731127,0.6271865406870176,1.07677923746156,-324.39017181689314,0.0561016396324171
20071080461,2022,15.699662822225868,3959.8118643797234,0.5183636197160474,0.30780683769314915,60.804028447566154,-0.04798890296415955
20071080492,2022,16.229794065503114,4324.574175715376,0.5107531307584798,0.10344293704929974,492.6419185610631,-0.08653042085411523
20071080506,2022,16.275577660538094,4539.783688907294,0.5339063203577047,0.21789925813130226,504.8093616833041,-0.06255760749523663
20071080572,2022,16.093712867515706,4360.817787196417,0.5351991031004538,0.18517984721972525,440.47448863860427,-0.058247861429728376
20091080312,2022,15.65730530835583,3975.268172059138,0.5219486865649928,0.29965246218990593,46.92224076913226,-0.0491362144896077
20071080461,2023,17.302057009157956,3206.7144575663656,0.7369344397370589,1.910201024625237,-692.2933783657916,0.17058191705685188
20071080492,2023,17.66446253735087,3259.269346294751,0.7373074510697739,1.5381114088970573,-572.6629108595624,0.1400238994571787
20071080506,2023,17.564150024315158,3457.926584501234,0.6940740319835167,1.506471621908363,-577.0477427227564,0.09761010413057529
20071080572,2023,17.23887412306192,3624.8477502239994,0.6674919110347466,1.3303411027659386,-295.49554833381353,0.07404494650456439
20091080312,2023,17.27687248838123,3206.3689474461726,0.7449503057244181,1.919219642215305,-721.9769838438333,0.1738654046698176
20071080461,2024,17.413986073369585,3774.027262773963,0.6454261418989934,2.0221300888368647,-124.98057315819445,0.07907361921878638
20071080492,2024,17.713110970759743,4035.3913832983394,0.6315845496193213,1.5867598423059288,203.45912614402604,0.03430099800672615
20071080506,2024,17.806148358540757,4423.693835449856,0.6448047051267427,1.7484699561339605,388.71950822586604,0.04834077727380126
20071080572,2024,17.574000792572463,4489.022648852917,0.6424575362377364,1.6654677722764823,568.6793502951041,0.049010571707554185
20091080312,2024,17.388849319236897,3881.2110973118265,0.6488847255342989,2.031196473070972,-47.13483397817936,0.07779982447969835
20071080461,2025,15.680760165689113,4678.892792395932,0.54024102218641,0.2889041811563917,779.8849564637745,-0.026111500493796923
20071080492,2025,16.524535302148365,4766.393439571988,0.5812443770068574,0.3981841736945508,934.4611824176757,-0.01603917460573767
20071080506,2025,16.43680123395365,5210.800456811799,0.5832812859198373,0.379122831546851,1175.8261295878092,-0.013182641933104092
20071080572,2025,16.334341130740427,4836.321355037076,0.589224099766675,0.42580811044444644,915.9780564792627,-0.004222864763507195
20091080312,2025,15.639114433786176,4683.4083918553415,0.5445132997824711,0.2814615876202513,755.0624605653356,-0.02657160127212943
20091080313,1984,15.665891052365403,3665.3816457750113,0.4945201482938516,-0.35916135100776697,-90.87848974778078,-0.11159554322324752
20091080336,1984,15.506231240258707,3791.8831315588145,0.47399344891878387,-0.32646005510710085,-181.80988337675353,-0.10210226797155653
20101080253,1984,15.616646451038248,4007.9985299429286,0.501668992748934,-0.31196185657692815,149.62787783001033,-0.09901303918732404
20101080282,1984,15.674752137280905,3776.2026262234835,0.5105928535453679,-0.3116427831603872,49.750539140605724,-0.09762713699699188
20101080422,1984,15.93548866354904,3941.8855623107347,0.4998237773343662,-0.3361713735608028,200.05203705450276,-0.08899065794251966
20091080313,1985,14.471960773438965,4459.696186958371,0.5101295099450939,-1.553091629934204,703.436051435579,-0.09598618157200534
20091080336,1985,14.33017439220265,4296.69772360768,0.49122400647865583,-1.5025169031631558,323.004708672112,-0.08487171041168454
20101080253,1985,14.387316338086695,4604.90591290286,0.5120133135209727,-1.5412919695284828,746.5352607899423,-0.08866871841528531
20101080282,1985,14.473197631559515,3876.660119111797,0.5154512721862736,-1.513197288881777,150.2080320289192,-0.09276871835608613
20101080422,1985,14.789518786167765,4518.093929368219,0.509575634209605,-1.4821412509420788,776.2604041119871,-0.07923880106728091
20091080313,1986,13.777361349037479,3096.0425026309736,0.5501277841569026,-2.2476910543356903,-660.217632891819,-0.05598790736019658
20091080336,1986,13.433718707596086,3486.4585643033065,0.5146259279834449,-2.398972587769721,-487.23445063226154,-0.0614697889068954
20101080253,1986,13.599077220110667,3090.8238141015,0.5346601392994436,-2.329531087504511,-767.5468380114183,-0.06602189263681436
20101080282,1986,13.642216570481025,3584.6778457383193,0.5434863461824597,-2.3441783499602664,-141.7742413445585,-0.06473364435990003
20101080422,1986,13.94278605502585,3445.6293179983772,0.5115536444248938,-2.3288739820839917,-296.20420725785425,-0.07726079085199208
20091080313,1987,15.768996661787842,3984.006790182793,0.569475882237742,-0.2560557415853259,227.74665466000042,-0.03663980927935713
20091080336,1987,15.473445403057633,3639.649662486517,0.5466694444382763,-0.3592458923081733,-334.0433524490509,-0.029426272452064084
20101080253,1987,15.631671506668532,3655.7652785121104,0.5643901818737995,-0.29693680094664493,-202.6053736008076,-0.03629185006245848
20101080282,1987,15.669838136866474,4122.054661362672,0.5655940473271053,-0.31655678357481776,395.6025742797942,-0.04262594321525448
20101080422,1987,16.013352134262334,3545.1883983977673,0.5527639296658231,-0.25830790284750904,-196.6451268584642,-0.03605050561106278
20091080313,1988,15.289868115542259,5182.684122792514,0.54112453156476,-0.7351842878309103,1426.4239872697215,-0.06499115995233905
20091080336,1988,15.086540475099024,4487.30704165007,0.5283987692921577,-0.7461508202667813,513.6140267145015,-0.04769694759818265
20101080253,1988,15.274853820885648,4888.809648917407,0.5489094757018714,-0.6537544867295283,1030.4389968044886,-0.051772556234386514
20101080282,1988,15.068754830567741,4802.683073793901,0.527731358486631,-0.9176400898735508,1076.230986711023,-0.08048863205572876
20101080422,1988,15.830245008330428,4679.9958971789,0.564260725794506,-0.4414150287794151,938.1623719226695,-0.024553709482379893
20091080313,1989,15.678327058927458,3401.376934030353,0.6092413760267562,-0.3467253444457112,-354.8832014924396,0.0031256845096569543
20091080336,1989,15.526936807494234,2899.8781026825454,0.5818283018180074,-0.3057544878715714,-1073.8149122530224,0.005732584927667128
20101080253,1989,15.678684078168594,3443.1150198467226,0.6186270268769607,-0.24992422944658121,-415.2556322661963,0.017944994940702775
20101080282,1989,15.510580800927244,2941.608969263747,0.5963369527496563,-0.4758141195140482,-784.8431178191308,-0.0118830377927035
20101080422,1989,16.096288136468456,3702.6971878037,0.6163159519744569,-0.1753719006413867,-39.13633745253128,0.02750151669757095
20091080313,1990,15.906660451023386,3253.054160596578,0.5780167450312264,-0.1183919523497828,-503.20597492621414,-0.028098946485872845
20091080336,1990,15.698199190609728,3333.8338744790053,0.5593738586354445,-0.13449210475607848,-639.8591404565623,-0.01672185825489574
20101080253,1990,15.899436995372689,3479.521234337851,0.5929210528756937,-0.029171312242489245,-378.8494177750675,-0.0077609790605642735
20101080282,1990,15.81192820866903,3578.0282546729545,0.580380824500589,-0.17446671177226136,-148.4238324099233,-0.027839166041770724
20101080422,1990,16.228341004468405,3302.7518887967567,0.5807637277797331,-0.043319032641438326,-439.08163645947474,-0.008050707497152865
20091080313,1991,16.547135551024933,2960.3832863934426,0.6802263690794319,0.5220831476517642,-795.8768491293499,0.07411067756233279
20091080336,1991,16.257746086949908,2914.56201220387,0.6498521203146898,0.4250547915841015,-1059.1310027316981,0.07375640342434936
20101080253,1991,16.332861605916257,3079.697958182662,0.6596985530894869,0.4042532983010769,-778.672693930256,0.059016521153229126
20101080282,1991,16.656724057681345,2660.334647768078,0.7179560051102792,0.6703291372400528,-1066.1174393147999,0.10973601456791948
20101080422,1991,16.727821699778282,2882.7304159709192,0.666027116565439,0.45616166266843766,-859.1031092853123,0.07721268128855308
20091080313,1992,13.581398795598554,3822.068247011938,0.5392201224132448,-2.4436536077746145,65.80811148914593,-0.06689556910385432
20091080336,1992,13.408855565389047,3557.785553709777,0.5151693559304057,-2.4238357299767594,-415.9074612257905,-0.0609263609599346
20101080253,1992,13.516699664883678,4033.132982690426,0.5195963537013016,-2.4119086427314977,174.76233057750827,-0.08108567823495644
20101080282,1992,13.495805718242309,3642.8106593351686,0.5647664231964867,-2.490589202198983,-83.64142774770926,-0.04345356734587302
20101080422,1992,13.969535125511323,3639.3027164425575,0.5185854689941539,-2.3021249115985207,-102.53080881367397,-0.07022896628273206
20091080313,1993,16.173076430392783,3740.4795646465336,0.5629054902163707,0.14802402701961176,-15.780570876258361,-0.04321020130072845
20091080336,1993,16.170687986456844,4038.111356164849,0.5562859391370389,0.3379966910910401,64.41834122928094,-0.019809777753301415
20101080253,1993,16.258587987872154,3618.627268034197,0.5854724140707986,0.32997968025697577,-239.74338407872133,-0.015209617865459267
20101080282,1993,16.145073212056957,3530.218504819608,0.5641816735857063,0.15867829161566505,-196.2335822632699,-0.0440383169566535
20101080422,1993,16.54720572734227,3680.2690856936933,0.5614966979067284,0.27554569023242764,-61.56443956253815,-0.027317737370157573
20091080313,1994,15.078488502022369,4599.8430362589015,0.4742297922064253,-0.9465639013508019,843.582900736109,-0.13188589931067382
20091080336,1994,14.837667342199811,4881.847899635582,0.4597724797181227,-0.9950239531659927,908.1548847000136,-0.11632323717221764
20101080253,1994,15.051001008807809,4633.266829894516,0.4836167657821251,-0.8776072988073668,774.896177781597,-0.11706526615413297
20101080282,1994,14.905724372034513,4640.952877183704,0.4678208434556953,-1.0806705484067791,914.5007901008262,-0.14039914708666446
20101080422,1994,15.528178763735138,4048.7221995790287,0.4904733835402395,-0.7434812733747044,306.8886743227972,-0.09834105173664641
20091080313,1995,17.325600961325843,2691.8593873967916,0.7634558572892025,1.3005485579526754,-1064.400748126001,0.15734016577210339
20091080336,1995,17.04206205450972,3500.9967797349614,0.7118794784910819,1.209370759143916,-472.69623520060713,0.13578376160074157
20101080253,1995,17.21900122903392,2750.3770621576305,0.7575632621174248,1.2903929214187453,-1107.9935899552886,0.1568812301811668
20101080282,1995,17.262787824437282,3260.684273103944,0.7588196554961628,1.2763929039959905,-465.76781397893365,0.15059966495380306
20101080422,1995,17.58424035500792,2491.4236864920176,0.7507881683950435,1.3125803178980782,-1250.4098387642139,0.16197373311815758
20091080313,1996,16.22824560903033,4401.501963867033,0.6124791718847552,0.20319320565716292,645.2418283442396,0.00636348036765607
20091080336,1996,16.044811779519808,4831.403555202504,0.5843342371352823,0.21212048415400098,857.7105402669363,0.008238520244942028
20101080253,1996,16.14084513574797,4610.543571802293,0.6101039245310536,0.2122368281327941,752.1729196893747,0.009421892594795754
20101080282,1996,16.141487928749882,4095.2265229478685,0.6022602844546978,0.15509300830859019,368.77443586499066,-0.005959706087661942
20101080422,1996,16.475776418050167,4054.0938364744397,0.6022462262067978,0.2041163809403251,312.2603112182078,0.013431790929911891
20091080313,1997,15.4831153134187,3676.186551385068,0.5697595170527442,-0.5419370899544693,-80.07358413772461,-0.03635617446435495
20091080336,1997,15.263067680856498,3676.725749961687,0.5420943558719504,-0.5696236145093064,-296.96726497388045,-0.03400136101838987
20101080253,1997,15.354631054271982,3657.994302551923,0.5708293363249797,-0.5739772533431957,-200.37634956099555,-0.029852695611278256
20101080282,1997,15.482166731184805,3674.1114596944585,0.5641424936205292,-0.5042281892564873,-52.34062738841931,-0.044077496921830606
20101080422,1997,15.655205821990979,3735.471172734751,0.5559925066118275,-0.6164542151188648,-6.362352521480716,-0.03282192866505842
20091080313,1998,16.182016177071958,3064.3673385178795,0.6037204448342632,0.15696377369878697,-691.8927970049127,-0.0023952466828359603
20091080336,1998,16.048494942983005,3433.044959058596,0.5730280263848161,0.21580364761720042,-540.6480558769722,-0.003067690505524179
20101080253,1998,15.95427644889451,3191.7573944736655,0.5852092375057049,0.025668141279334714,-666.6132576392527,-0.015472794430553114
20101080282,1998,16.25289442781093,3072.2603773824703,0.6123536622672449,0.26649950736963746,-654.1917097004075,0.004133671724885102
20101080422,1998,16.153097701418258,3387.7993907905948,0.5575531942678099,-0.1185623356915876,-354.0341344656367,-0.031261241009076034
20091080313,1999,16.60634978983261,4569.470361621921,0.6097774507565389,0.5812973864594427,813.210226099129,0.0036617592394397585
20091080336,1999,16.34467628313149,4926.856538321792,0.5714666170545247,0.511984987765685,953.163523386224,-0.004629099835815676
20101080253,1999,16.527470488933055,4838.308053517247,0.6151631111591993,0.5988621813178786,979.9374014043283,0.014481079222941395
20101080282,1999,16.537743573949,4762.1939905397285,0.597734713954692,0.5513486535077092,1035.7419034568507,-0.010485276587667736
20101080422,1999,16.901075775035952,4486.530446674644,0.6137731852735695,0.6294157379261087,744.6969214184122,0.024958749996683596
20091080313,2000,14.473647655993366,2914.552293117231,0.5152195298087822,-1.551404747379803,-841.7078424055619,-0.09089616170831692
20091080336,2000,14.307781541520308,3089.469448366569,0.4896053896027659,-1.5249097538454988,-884.2235665689991,-0.08649032728757443
20101080253,2000,14.413833986948273,3111.001433005668,0.5080994194818171,-1.5147743206669033,-747.3692191072506,-0.09258261245444079
20101080282,2000,14.367738763836883,3056.126952060865,0.5102923350250022,-1.618656156604409,-670.325135022013,-0.0979276555173576
20101080422,2000,14.805006830243146,2744.0617021931275,0.493437512891386,-1.4666532068666989,-997.7718230631041,-0.09537692238549993
20091080313,2001,16.384011541478618,3100.0813017442097,0.6431167931740807,0.35895913810545055,-656.1788337785827,0.037001101656981505
20091080336,2001,16.224392698813197,3377.794807128771,0.599778045486205,0.39170140344739257,-595.898207806797,0.02368232859586459
20101080253,2001,16.285952565896626,3128.0820800340807,0.6295349005499473,0.3573442582814513,-730.2885720788374,0.02885286861368938
20101080282,2001,16.352950606138847,3690.900101237162,0.647063619686811,0.3665556856975556,-35.55198584571599,0.038843629144451275
20101080422,2001,16.572493886256588,2957.104224622413,0.6264810842804875,0.3008338491467434,-784.7293006338191,0.037666649003601546
20091080313,2002,16.01780101098149,3030.9296049088707,0.6517505941623793,-0.007251392391679407,-725.3305306139216,0.04563490264528015
20091080336,2002,15.818772545413731,3046.0387825288735,0.6290117158490528,-0.013918749952075515,-927.654232406694,0.05291599895871251
20101080253,2002,15.849359378458004,3542.968144433067,0.6392249093201086,-0.07924892915717059,-315.4025076798508,0.038542877383850725
20101080282,2002,16.031872989820442,3066.9429927387205,0.662212546772158,0.045478069379150554,-659.5090943441573,0.05399255622979826
20101080422,2002,16.146844648278318,3541.6969149627657,0.6193293584335807,-0.12481538883152507,-200.13661029346622,0.030514923156694816
20091080313,2003,15.699003493558545,4872.9379696110345,0.5597709032763631,-0.3260489098146256,1116.677834088242,-0.046344788240736054
20091080336,2003,15.539866414277459,4408.131056761819,0.5578770136955546,-0.2928248810883485,434.4380418262504,-0.018218703194785666
20101080253,2003,15.711304371087962,4640.088881035843,0.5718904168778653,-0.21730393652721433,781.7182289229246,-0.028791615058392565
20101080282,2003,15.683434547203206,4290.689153148311,0.5832114735236107,-0.30296037323808633,564.2370660654328,-0.025008517018749066
20101080422,2003,16.11803281203563,4968.39858639844,0.5559444068245787,-0.15362722507421225,1226.5650611422084,-0.03287002845230733
20091080313,2004,14.438411042746663,4503.122844032691,0.4912727219635415,-1.5866413606265042,746.8627085098991,-0.11484296955355767
20091080336,2004,14.243558387479961,5098.532046471128,0.4648356499111598,-1.5891329078858472,1124.8390315355593,-0.11126006697918059
20101080253,2004,14.38362002484273,4412.8303697960055,0.49147859084855594,-1.5449882827724464,554.4597176830875,-0.109203441087702
20101080282,2004,14.355727913068733,4734.2843863185135,0.48876041785879343,-1.6306670073725584,1007.8322992356357,-0.11945957268356633
20101080422,2004,14.768727339868974,3813.4058234285203,0.48602626402841814,-1.5029326972408692,71.57229817228927,-0.10278817124846779
20091080313,2005,18.11343661969534,2794.8657348330166,0.7933630620531935,2.0883842163221695,-961.3944006897756,0.18724737053609433
20091080336,2005,17.895306478030466,2916.421454034127,0.7746574049862405,2.062615182664659,-1057.2715609014413,0.19856168809590014
20101080253,2005,17.892895829038423,2775.81445045266,0.7698081223823598,1.9642875214232494,-1082.5562016602591,0.1691260904461018
20101080282,2005,18.172650404943965,2728.4029610523353,0.8193836138850186,2.1862554845026736,-998.0491260305425,0.2111636233426588
20101080422,2005,18.161790746882378,3009.552085965253,0.7400153910099713,1.8901307097725344,-732.2814392909787,0.15120095573308526
20091080313,2006,16.356246822831487,3351.684846584243,0.6740496251845617,0.3311944194583186,-404.57528893854897,0.06793393366746256
20091080336,2006,16.169184693046258,3218.8194303942937,0.6441509141595878,0.3364933976804526,-754.8735845412743,0.06805519726924748
20101080253,2006,16.27999386332408,2891.632033536025,0.6654016257389005,0.3513855557088997,-966.7386185768935,0.06471959380264261
20101080282,2006,16.221041754017733,3255.7944470254797,0.6707457386359988,0.23464683357644134,-470.6576400573981,0.06252574809363909
20101080422,2006,16.627761636264133,3530.0206233916892,0.6386840039747814,0.3561015991542881,-211.8129018645418,0.04986956869789545
20091080313,2007,15.724598192859517,3800.067804027479,0.6504955789516004,-0.3004542105136509,43.80766850468672,0.044379887434501164
20091080336,2007,15.478942322385503,4027.214799820527,0.6102432248994826,-0.3537489729803053,53.52178488495884,0.034147508009142215
20101080253,2007,15.56901366079694,3900.2273881061747,0.6393383518460446,-0.3595946468182325,41.8567359932558,0.03865631990978665
20101080282,2007,15.697985468049012,3645.489970035001,0.6476913698017676,-0.2884094523922798,-80.96211704787675,0.0394713792594078
20101080422,2007,15.884077944271827,3799.6119217938626,0.6127902244101717,-0.3875820928380172,57.778396537631124,0.023975789133285776
20091080313,2008,15.713442007773377,5229.904804627998,0.43225093137629206,-0.31161039559979103,1473.6446691052056,-0.17386476014080715
20091080336,2008,15.600704627106154,5669.783227453742,0.4110662381495589,-0.23198666825965225,1696.0902125181742,-0.1650294787407815
20101080253,2008,15.690193607158664,4603.990753116205,0.4344037183437639,-0.2384147004565135,745.620101003287,-0.16627831359249406
20101080282,2008,15.680454577570401,4844.746059301112,0.4314319825959967,-0.30594034287089045,1118.293972218234,-0.17678800794636307
20101080422,2008,16.041452758899652,4094.631778011833,0.4374910145208335,-0.2302072782101909,352.7982527556013,-0.1513234207560525
20091080313,2009,15.340719126709375,3903.7265295829534,0.5329425655593144,-0.6843332766637943,147.46639406016033,-0.07317312595778469
20091080336,2009,15.27993346504545,4063.282804787169,0.5090747885421574,-0.5527578303203551,89.58978985160093,-0.06702092834818295
20101080253,2009,15.256402940951311,4339.293488122828,0.5255850218334056,-0.6722053666638654,480.9228360099094,-0.07509701010285227
20101080282,2009,15.329418823684478,3750.6349493190746,0.5198066215811652,-0.6569760967568143,24.182862236196797,-0.08841336896119456
20101080422,2009,15.446507252126503,4781.8939408660035,0.49783878332757137,-0.82515278498334,1040.060415609772,-0.09097565194931456
20091080313,2010,16.655735807033295,2991.6070962008353,0.6798711679607379,0.6306834036601264,-764.6530393219568,0.07375547644363876
20091080336,2010,16.364670590386904,3356.185519644037,0.6289504910414222,0.5319792950210956,-617.5074952915311,0.05285477415108187
20101080253,2010,16.446234214809387,3461.903095522692,0.6620744113055644,0.5176259071942101,-396.4675565902266,0.06139237936930656
20101080282,2010,16.597380657472513,2782.1051140734703,0.664562998565875,0.6109857370312213,-944.3469730094075,0.05634300802351522
20101080422,2010,16.772754475690338,2929.480517976895,0.654795665397667,0.5010944385804968,-812.3530072793365,0.06598123012078101
20091080313,2011,16.54531449900614,3831.7241100129054,0.6338113991198813,0.5202620956329717,75.46397449011278,0.027695707602782112
20091080336,2011,16.308224807960435,3662.0727739468725,0.5966527205063297,0.47553351259463067,-311.62024098869557,0.020557003615989403
20101080253,2011,16.425857261460308,3998.5116717617448,0.6123007479182461,0.49724895384512924,140.1410196488262,0.011618715981988024
20101080282,2011,16.5326298478721,2926.8124860883268,0.6685859120901537,0.5462349274308096,-799.6396009945511,0.060365921547793966
20101080422,2011,16.769387695754787,3959.6280957744034,0.5942804216016966,0.497727658644947,217.7945705181719,0.005465986324810612
20091080313,2012,16.953933309617653,3077.8644280858875,0.7085151751502965,0.9288809062444854,-678.3957074369047,0.10239948363319737
20091080336,2012,16.66161868330364,3924.966468099088,0.6531016105276336,0.8289273879378346,-48.72654683647988,0.07700589363729332
20101080253,2012,16.77994879809586,3452.2775703305056,0.6840467151830952,0.8513404904806822,-406.09308178241304,0.08336468324683728
20101080282,2012,16.973287366784177,3214.3107170197673,0.7145023564352029,0.9868924463428854,-512.1413700631106,0.10628236589284312
20101080422,2012,17.176058893618393,2669.6596380281753,0.6897657809562796,0.9043988565085492,-1072.1738872280562,0.10095134567939372
20091080313,2013,15.6605519085236,3538.335220937579,0.5685000424737844,-0.36450049484956987,-217.92491458521374,-0.03761564904331484
20091080336,2013,15.4968158791031,3913.937938595986,0.5554270170109081,-0.33587541626270756,-59.755076339582494,-0.020668699879432276
20101080253,2013,15.620197271542379,3405.6752599086935,0.5831727686152867,-0.3084110360727966,-452.69539220422456,-0.017509263320971327
20101080282,2013,15.637626107533777,3774.0646220844737,0.5793977154913298,-0.34876881290751527,47.612535001595916,-0.028822275051029966
20101080422,2013,15.973456574868498,3175.7236413758746,0.5687264802189713,-0.2982034622413444,-566.1098838803568,-0.02008795505791463
20091080313,2014,16.166502150645446,3610.67475667239,0.5990765728185868,0.14144974727227952,-145.585378850403,-0.007039118698512334
20091080336,2014,16.180570870551517,3858.3243266975014,0.5850584663077133,0.34787957518570817,-115.36868823806708,0.008962749417372984
20101080253,2014,16.120485055186084,3746.3540368652557,0.5961719166310423,0.19187674757090417,-112.01661524766293,-0.004510115305215668
20101080282,2014,16.080444023574614,3544.928599830481,0.5895601644400643,0.09404910313332238,-181.523487252397,-0.01865982610229544
20101080422,2014,16.32412485039755,4260.709632497045,0.5672924540399328,0.05246481328770685,518.8761072408138,-0.021521981236953147
20091080313,2015,15.592348986668622,3541.0020963716415,0.5184826795683041,-0.43270341670454715,-215.25803915115048,-0.08763301194879505
20091080336,2015,15.446507813274012,4043.279118599287,0.4864673741543857,-0.3861834820917931,69.58610366371886,-0.08962834273595466
20101080253,2015,15.49625606303319,4451.838409445181,0.5130305256840486,-0.4323522445819876,593.4677573322617,-0.0876515062522093
20101080282,2015,15.577298722750925,4038.574870439163,0.5092401176441886,-0.4090961976903671,312.12278335628525,-0.09897987289817112
20101080422,2015,15.87398159469384,4594.851272130301,0.5090405224811636,-0.3976784424160037,853.01774687407,-0.07977391279572238
20091080313,2016,16.050123095130505,4298.142427158129,0.5731603300809704,0.02507069175733534,541.882291635336,-0.03295536143612861
20091080336,2016,15.769573830867182,4874.478797811748,0.5220189543996395,-0.0631174644986242,900.7857828761803,-0.054076762490700835
20101080253,2016,15.939891029292603,4035.1186107363064,0.5680400362645507,0.011282721677425505,176.74795862338823,-0.03264199567170728
20101080282,2016,15.960462962717259,4599.882621142747,0.559912672098122,-0.02593195772403334,873.4305340598689,-0.048307318444237746
20101080422,2016,16.27286035288937,3630.9003271271604,0.5637269623465582,0.001200315779527017,-110.93319812907068,-0.025087472930327783
20091080313,2017,14.96216540267505,3883.760366027147,0.5627584038699923,-1.06288700069812,127.50023050435458,-0.04335728764710682
20091080336,2017,14.795878746198618,3915.198911164791,0.5444467247295316,-1.03681254916719,-58.494103770777194,-0.03164899216080863
20101080253,2017,14.887169643344116,3775.007979110644,0.5607219128936968,-1.04143866427106,-83.36267300227401,-0.03996011904256109
20101080282,2017,14.871354820417366,4359.432897900135,0.558133012092612,-1.1150401000239256,632.980810817257,-0.05008697844974774
20101080422,2017,15.294186037865257,3554.9795422674124,0.5396811586189769,-0.9774739992445867,-186.8539829888191,-0.04913327665790898
20091080313,2018,17.50700435565687,4135.512779199616,0.7190616423974331,1.4819519522837001,379.25264367682354,0.112945950880334
20091080336,2018,17.165133158365915,4049.855135015996,0.6607941596958193,1.3324418630001094,76.16212008042748,0.08469844280547907
20101080253,2018,17.38739740133868,4470.04434229436,0.7087618295052138,1.458789093723507,611.6736901814417,0.10807979756895594
20101080282,2018,17.407518447654866,3747.8616243301344,0.7147516381111451,1.4211235272135738,21.409537247256594,0.1065316475687853
20101080422,2018,17.69616520093839,5515.392428271325,0.6825757141956423,1.4245051638285466,1773.5589030150936,0.09376127891875634
20091080313,2019,15.915979877198431,4714.79830781969,0.6056050425151652,-0.10907252617473855,958.5381722968983,-0.0005106490019338598
20091080336,2019,15.591602147143862,4757.1788161394115,0.5498091149868074,-0.24108914822194374,783.4858012038425,-0.026286601903532894
20101080253,2019,15.834572848739095,4923.307178056422,0.6088063609875578,-0.09403545887608135,1064.9365259435037,0.008124329051299766
20101080282,2019,15.882806361930989,3888.31236021192,0.602592913313034,-0.10358855851030313,161.86027312904207,-0.005627077229325761
20101080422,2019,16.384758602363526,3443.3910115954395,0.6337369943187262,0.11309856525368146,-298.44251366079243,0.04492255904184026
20091080313,2020,17.275168064693585,4036.349007028737,0.6546217683147388,1.250115661320415,280.0888715059447,0.048506076797639644
20091080336,2020,17.223629438704382,4178.490380611705,0.6459618780303426,1.390938143338575,204.79736567613733,0.06986616114000224
20101080253,2020,17.232294788749254,4271.446964412648,0.661315697594592,1.3036864811340747,413.0763122997308,0.06063366565833417
20101080282,2020,17.29735460004946,4514.471414354133,0.6547247414812479,1.3109596796081675,788.0193272712554,0.04650475093888817
20101080422,2020,17.497233591217945,4873.56909815638,0.6358369126675761,1.225573554108103,1131.7355729001488,0.04702247739069026
20091080313,2021,17.240376181569772,3649.253064425728,0.6538281126774632,1.2153237781966026,-107.00707109706455,0.04771242116036408
20091080336,2021,17.0075405245242,3278.6882191821614,0.6489419222242286,1.1748492291583932,-695.004795753407,0.0728462053338883
20101080253,2021,17.18415095757201,3873.2549784866887,0.653601615988468,1.255542649956835,14.884326373770211,0.05291958405220995
20101080282,2021,17.155611990500233,2988.3210247307693,0.6721183649293843,1.1692170700589415,-738.1310623521085,0.0638983743870245
20101080422,2021,17.63724996179776,3394.178016476301,0.6482094151012333,1.365589924687918,-347.65550877993064,0.05939497982434731
20091080313,2022,16.134680353422205,4321.0150509858295,0.523341271339286,0.10962795004903488,564.7549154630369,-0.08277442017781318
20091080336,2022,15.992973546014332,4118.435993377049,0.5053226350962337,0.1602822506485257,144.74297844148123,-0.07077308179410675
20101080253,2022,16.08490519844524,4223.3795186251,0.5339153722362591,0.15629689083006354,365.00886651218127,-0.06676665969999883
20101080282,2022,16.126572780332708,4302.063075784524,0.519704664965296,0.1401778598914163,575.610988701646,-0.08851532557706376
20101080422,2022,16.48358173923218,4218.081009533185,0.5316508334288927,0.2119217021223385,476.2474842769548,-0.05716360184799317
20091080313,2023,17.45662921742575,3154.9884954324507,0.7303526078187902,1.4315768140525822,-601.2716400903415,0.12423691630169095
20091080336,2023,17.52745824896773,3197.1409136874727,0.7452132405890087,1.6947669536019236,-776.5521012480954,0.1691175236986684
20101080253,2023,17.284381497073372,3651.6928355664045,0.6887048157542858,1.3557731894581966,-206.67781654651367,0.08802278381802792
20101080282,2023,17.488318614683294,2956.1601393370083,0.7584172154510379,1.5019236942420022,-770.2919477458695,0.15019722490867815
20101080422,2023,17.435043061297893,4661.359060041432,0.6298372959489813,1.1633830241880494,919.5255347852012,0.04102286067209531
20091080313,2024,17.587643197508484,3924.4115150767034,0.6440308218356545,1.5625907941353145,168.15137955391108,0.037915130318555305
20091080336,2024,17.52181874150817,4067.5040715901578,0.6224594299299154,1.6891274461423669,93.81105665458954,0.046363713039575115
20101080253,2024,17.557457342944755,4446.435712993633,0.6457156727881496,1.6288490353295821,588.0650608807143,0.04503364085189171
20101080282,2024,17.574501457767212,3633.401556831451,0.6476518005072007,1.5881065373259204,-93.05053025142661,0.03943180996484097
20101080422,2024,17.84604562952902,4763.2250783561185,0.6248271402594311,1.5743855924191785,1021.3915530998879,0.03601270498254516
20091080313,2025,16.492040657506113,4509.461105798497,0.599777402184006,0.46698825413294437,753.2009702757042,-0.006338289333093146
20091080336,2025,16.134514682880354,5392.8551983159605,0.5557335897452631,0.3018233875145473,1419.1621833803924,-0.020362127145077215
20101080253,2025,16.364468521186247,4684.830846621262,0.5960738455897311,0.4358602135710718,826.460194508344,-0.004608186346526924
20101080282,2025,16.300210979019425,5113.194992027861,0.5674404861953295,0.31381605857813355,1386.7429049449834,-0.04077950434703026
20101080422,2025,16.839286570618118,4591.108093045335,0.5902129409260412,0.567626533508274,849.2745677891047,0.0013985056491552462
20101080424,1984,15.964207385242844,3873.478768090525,0.5074617503532901,-0.33730847916168116,168.6448190750716,-0.09110103879701059
20121080192,1984,16.054700499872407,3690.0362953532167,0.5162797729755246,-0.32866546110889944,158.84770785141316,-0.09507026980862981
20121080215,1984,15.589225076592527,4267.615541512885,0.4889612807809556,-0.32661677097926756,401.31529536267453,-0.0906840029668643
20121080223,1984,15.99477626828184,4033.822358283022,0.47888277795314316,-0.3663590905746865,336.5638678972459,-0.10309105720516487
20121080258,1984,15.617747778132355,3813.9403951119575,0.50655548661479,-0.30861377642351684,62.60605906616038,-0.0978584592835201
20101080424,1985,14.806682225932263,4389.230283278188,0.5160924442245458,-1.4948336384722616,684.3963342627344,-0.08247034492575489
20121080192,1985,14.845011391646256,4121.88912706992,0.5186522720963449,-1.5383545693350529,590.7005395681156,-0.09269777068780953
20121080215,1985,14.447936153411888,4946.386855396589,0.5013899338202819,-1.4679056941599065,1080.0866092463789,-0.07825534992753802
20121080223,1985,14.8223841833032,4653.063990476689,0.49163165056047575,-1.538751175553326,955.8055000909126,-0.09034218459783228
20121080258,1985,14.413511617632889,3895.683592300078,0.5126046721394788,-1.5128499369229822,144.34925625428139,-0.09180927375883137
20101080424,1986,13.980442446556651,3380.322685032574,0.5198180009867661,-2.321073417847874,-324.5112639828794,-0.07874478816353458
20121080192,1986,14.137948821525287,3250.4546801105075,0.5327289726898947,-2.2454171394560203,-280.7339073912957,-0.0786210700942597
20121080215,1986,13.558752321160398,3406.864087596027,0.505135045189584,-2.3570895264113965,-459.43615855418375,-0.07451023855823591
20121080223,1986,14.15157175616946,3563.7069889674463,0.4931738794710309,-2.2095636026870658,-133.55150141832974,-0.08879995568727711
20121080258,1986,13.5827750510064,3595.1651380727562,0.5400642155311535,-2.343586503549472,-156.16919797303999,-0.06434973036715665
20101080424,1987,16.049779330820286,3549.870226270759,0.5614448351192539,-0.2517365335842392,-154.96372274469468,-0.037117954031046785
20121080192,1987,16.18745302817497,3386.782257842611,0.5732825374262779,-0.19591293280633634,-144.40632965919156,-0.038067505357876584
20121080215,1987,15.615353202819847,3664.052257984185,0.5420954360729361,-0.3004886447519475,-202.2479881660256,-0.037549847674883785
20121080223,1987,16.148556327819847,4296.50247722795,0.5243338892566604,-0.21257903103667886,599.2439868421743,-0.05763994590164767
20121080258,1987,15.606667280888223,4152.346811740899,0.5614806288944294,-0.3196942736676483,401.0124756951026,-0.04293331700388072
20101080424,1988,15.853904004027925,4681.412335251821,0.5717811911133087,-0.4476118603766004,976.5783862363674,-0.026781598036991983
20121080192,1988,15.980098984016209,4596.376330913074,0.5881387869533615,-0.4032669769650956,1065.1877434112712,-0.023211255830792955
20121080215,1988,15.448596952963612,4761.359621537281,0.5541445828238896,-0.4672448946081822,895.0593753870703,-0.02550070092393031
20121080223,1988,16.189647783749365,4325.589763698531,0.5962166093511277,-0.17148757510716095,628.331273312755,0.014242774192819718
20121080258,1988,15.016612408126615,4807.711376761449,0.524919448468716,-0.9097491464292553,1056.3770407156526,-0.07949449742959414
20101080424,1989,16.116314036604308,3674.916215382531,0.6254220122006169,-0.185201827800217,-29.91773363292259,0.026859223050316183
20121080192,1989,16.187437759948544,3237.9716141234708,0.6363168478953849,-0.1959282010327622,-293.2169733783328,0.024966805111230547
20121080215,1989,15.775670637600683,3884.2797960639145,0.6121017636783183,-0.1401712099711112,17.979549913703977,0.03245647993049838
20121080223,1989,16.241668748164557,2953.265478044763,0.6119084035368075,-0.11946661069196907,-743.9930123410131,0.029934568378499504
20121080258,1989,15.463495627693543,2941.972248770311,0.5943446547474329,-0.46286592686232736,-809.3620872754856,-0.0100692911508772
20101080424,1990,16.258066010129653,3253.4038540870647,0.5893841312063849,-0.043449854274872024,-451.4300949283888,-0.009178657943915813
20121080192,1990,16.29949120486643,3054.252747263369,0.5923108252080201,-0.08387475611487408,-476.9358402384335,-0.01903921757613432
20121080215,1990,15.906244331857465,3485.086841039429,0.5739294083975628,-0.009597515714329319,-381.2134051107814,-0.0057158753502570825
20121080223,1990,16.184188703177654,3727.652335070143,0.5493739841676503,-0.17694665567887213,30.393844684367195,-0.032599850990657764
20121080258,1990,15.756010098388229,3590.862713843653,0.5770744489405113,-0.17035145616764072,-160.47162220214304,-0.027339496957798824
20101080424,1991,16.76554178016778,2855.107052386639,0.6758733052080447,0.4640259157632549,-849.7268966288143,0.07731051605774397
20121080192,1991,16.960997815698903,2598.5976661491,0.7099423378575695,0.5776318547175974,-932.5909213527027,0.09859229507341505
20121080215,1991,16.331494247049534,2950.240288064716,0.6521760535994657,0.41565239947773946,-916.0599580854946,0.07253076985164586
20121080223,1991,17.082502653978906,3133.668020502565,0.7236603905551358,0.7213672951223806,-563.590469883211,0.14168655539682773
20121080258,1991,16.58947145351467,2674.0184235804654,0.7123032447695298,0.663109898958799,-1077.3159124653312,0.10788929887121962
20101080424,1992,13.994972455674372,3593.1306563701355,0.5271771008101205,-2.3065434087301533,-111.70329264531802,-0.07138568834018022
20121080192,1992,14.086116549858072,3422.4338606821007,0.5408066819367267,-2.297249411123232,-108.7547268197025,-0.0705433608474277
20121080215,1992,13.596973701145373,3768.88203978649,0.5061942405320481,-2.3188681464264214,-97.4182063637204,-0.07345104321577178
20121080223,1992,14.135471847091935,3437.895980515691,0.5239850384175727,-2.2256635117645907,-259.362509870085,-0.057988796740735316
20121080258,1992,13.439810119850085,3673.8458240788304,0.5602197199287959,-2.486551434705786,-77.48851196696623,-0.04419422596951417
20101080424,1993,16.564929629063272,3633.527694720364,0.5700520879166117,0.2634137646587469,-71.30625429508973,-0.02851070123368904
20121080192,1993,16.551045888371412,3641.6004953457414,0.5680038114555984,0.1676799273901089,110.41190784393858,-0.043346231328556036
20121080215,1993,16.27031646811446,3706.2859763238193,0.5616749736858703,0.3544746205426641,-160.01426982639123,-0.0179703100619496
20121080223,1993,16.437915468907022,3955.5906005981924,0.5314016900140628,0.07678011005049612,258.3321102124164,-0.05057214514424524
20121080258,1993,16.093228004289735,3562.793397608733,0.5611483216551273,0.1668664497338618,-188.54093843706332,-0.04326562424318292
20101080424,1994,15.555717826235139,4031.7463348110005,0.4980185316148857,-0.7457980381693865,326.9123857955469,-0.10054425753541502
20121080192,1994,15.660373523785271,3929.384776345764,0.5067902458945506,-0.7229924371960363,398.19618884396056,-0.10455979688960386
20121080215,1994,15.14201711433526,4242.02804588273,0.4774766920346955,-0.773824733236534,375.72779973251954,-0.10216859171312437
20121080223,1994,15.662044606692575,4572.115918104796,0.47114341215589084,-0.6990907521639507,874.85742771902,-0.11083042300241719
20121080258,1994,14.851690036663136,4653.839537729768,0.46504353273697885,-1.074671517892734,902.5052016839718,-0.13937041316133128
20101080424,1995,17.61983464282497,2404.590673642925,0.7621420037993722,1.3183187784204442,-1300.2432753725284,0.16357921464907155
20121080192,1995,17.732013815982153,2177.6134018979665,0.7813295186151449,1.3486478550008436,-1353.5751856038364,0.16997947583099052
20121080215,1995,17.21755281254866,2740.7003397967137,0.7378674312413076,1.3017109649768663,-1125.5999063534969,0.15822214749348773
20121080223,1995,17.82416796200522,2235.4604815046705,0.7763664224761172,1.4630326031486938,-1461.7980088811055,0.19439258731780917
20121080258,1995,17.201957534016085,3272.5109827618517,0.7544353484118663,1.2755959794602114,-478.823353283945,0.15002140251355614
20101080424,1996,16.50455245971682,4068.4504839062897,0.6105628086284016,0.20303659531229457,363.6165348908362,0.01200001947810092
20121080192,1996,16.568675943041267,3878.4532846284255,0.6199885824482855,0.18530998205996232,347.26469712662254,0.008638539664131055
20121080215,1996,16.12587973553201,4205.055753181895,0.5938968526494371,0.21003788796021539,338.7555070316844,0.014251568901617273
20121080223,1996,16.422676009026134,4176.639846007546,0.5702253423767352,0.06154065016960786,479.3813556217701,-0.011748492781572861
20121080258,1996,16.08732055442923,4129.337809275112,0.5994859329309322,0.1609589998733604,378.00347322931447,-0.004928012967377837
20101080424,1997,15.69243903643843,3647.7649578001633,0.5656236800632543,-0.6090768279660956,-57.068991215290225,-0.03293910908704645
20121080192,1997,15.818929166395934,3359.881997168676,0.5845006537881359,-0.564436794585373,-171.3065903331265,-0.026849388996018436
20121080215,1997,15.279321254509114,4101.326558097852,0.5460308045475245,-0.6365205930626807,235.02631194764172,-0.033614479200295366
20121080223,1997,15.93919002007749,3512.9253271144166,0.5872635889658901,-0.42194533877903595,-184.33316327135935,0.0052897538075821204
20121080258,1997,15.41704841143843,3685.4826408546705,0.5603506610559774,-0.509313143117442,-65.8516951911266,-0.044063284842332726
20101080424,1998,16.188106051735303,3338.095184800757,0.5680374576474431,-0.11340981266922157,-366.7387642146964,-0.030525331502857633
20121080192,1998,16.27248255571418,3215.7880489171202,0.5748680518029452,-0.1108834052671259,-315.400538584683,-0.03648199098120918
20121080215,1998,15.79310598096987,3655.2166318647396,0.5457983823476004,-0.12273586660192493,-211.08361428547096,-0.03384690140021951
20121080223,1998,16.185126828456305,3595.7613488785755,0.5248239436562645,-0.17600853040022102,-101.49714150720047,-0.057149891502043526
20121080258,1998,16.189265719704032,3092.0185474805367,0.6081288787309173,0.2629041651481593,-659.31578856526,0.0037149328326070872
20101080424,1999,16.933615828251504,4491.900302138149,0.6231487981492918,0.6320999638469793,787.0663531226951,0.024586008998991105
20121080192,1999,17.054296613746075,4193.963194552256,0.6351514306587877,0.6709306527647673,662.7746070504525,0.023801387874633283
20121080215,1999,16.53545254417088,4638.897607702731,0.6023520457065712,0.6196106965990857,772.5973615525204,0.02270676195875132
20121080223,1999,17.064534469272814,4232.53104988855,0.5874527964643981,0.7033991104162887,535.2725595027741,0.005478961306090047
20121080258,1999,16.47378191464193,4796.613683965026,0.5942590838244727,0.5474203600860555,1045.2793479192296,-0.010154862073837423
20101080424,2000,14.818419703884445,2775.286084861861,0.49956523285372345,-1.4830961605200805,-929.5478641535924,-0.09899755629657725
20121080192,2000,14.823458202403057,2878.679260778441,0.4973125929897674,-1.5599077585782508,-652.5093267233619,-0.1140374497943871
20121080215,2000,14.48541985249176,2660.370328353153,0.4931212033638797,-1.4304219950800352,-1205.9299177970574,-0.08652408038394016
20121080223,2000,14.72459009281107,3033.0177963538035,0.46170036356938193,-1.6365452660454558,-664.2406940319725,-0.1202734715889261
20121080258,2000,14.307748812523483,3073.708241322445,0.5069438478699578,-1.6186127420323893,-677.6260947233524,-0.09747009802835227
20101080424,2001,16.608555225704038,2954.7690412999827,0.6383054252936529,0.3070393612995126,-750.0649077154708,0.03974263614335216
20121080192,2001,16.69118267204505,2750.0729215888914,0.6604677257079248,0.30781671106374003,-781.1156659129114,0.04911768292377048
20121080215,2001,16.232323023201786,3188.192066647275,0.6110963863761366,0.3164811756299919,-678.1081795029354,0.03145110262831674
20121080223,2001,16.662936665355346,2943.687656805082,0.6402800688176699,0.3018013064988203,-753.5708335806939,0.05830623365936183
20121080258,2001,16.293146413996624,3701.8090498672564,0.6432958955775127,0.36678485944075234,-49.52528617854032,0.038881949679202665
20101080424,2002,16.18578330883082,3536.269712380406,0.629453202036724,-0.11573255557370388,-168.56423663504756,0.030890412886423246
20121080192,2002,16.27536662331624,3467.822785053078,0.6395318918940174,-0.10799933766506704,-63.36580244872547,0.028181849109863065
20121080215,2002,15.76251599961438,3541.737514666554,0.6089692189849343,-0.1533258479574151,-324.56273148365653,0.029323935237114407
20121080223,2002,16.301102602309072,3360.7087089934316,0.620219973581641,-0.06003275654745366,-336.54978139234436,0.03824613842333302
20121080258,2002,15.969218013597617,3109.764461896655,0.65861380581947,0.04285645904174586,-641.569874149142,0.054199859921159846
20101080424,2003,16.149345085586333,4888.724327570277,0.565277906304464,-0.15217077881819208,1183.8903785548232,-0.03328488284583675
20121080192,2003,16.2245530840263,4752.716074400312,0.5717619521265677,-0.15881287695500557,1221.527486898509,-0.03958809065758669
20121080215,2003,15.746928801052832,5033.519858977275,0.55106889615735,-0.16891304651896277,1167.2196128270648,-0.028576387590469876
20121080223,2003,16.226829658729457,5037.897402903514,0.5471264811679142,-0.13430570012706866,1340.6389125177384,-0.03484735399039385
20121080258,2003,15.62682187453563,4300.449224113005,0.5804074501295048,-0.2995396800202407,549.1148880672081,-0.024006495768805314
20101080424,2004,14.791422510838174,3796.054889727721,0.49372294015218293,-1.5100933535663508,91.22094071226729,-0.10483984899811777
20121080192,2004,14.840932159743119,3708.5730887986665,0.4988904455076283,-1.542433801238189,177.38450129686373,-0.11245959727652614
20121080215,2004,14.408313680731737,4088.7579324658604,0.47249318412638047,-1.507528166840057,222.45768631564988,-0.1071520996214394
20121080223,2004,14.805872805222236,3756.685783434996,0.46963992540439403,-1.5552625536342894,59.427293049220225,-0.112333909753914
20121080258,2004,14.297581400387559,4767.856210749933,0.4858293767151518,-1.6287801541683118,1016.5218747041363,-0.11858456918315831
20101080424,2005,18.20851077065953,2925.053159713126,0.7533666441318311,1.9069949062550045,-779.7807893023273,0.15480385498153038
20121080192,2005,18.337893357035828,2855.116554542758,0.7709183392867491,1.9545273960545204,-676.0720329590453,0.1595682965025948
20121080215,2005,17.784577382129214,2946.5587595546017,0.7337859382588496,1.8687355345574197,-919.7414865956089,0.15414065451102976
20121080223,2005,18.35718798844715,3014.2735652693877,0.7321004742327352,1.9960526295906256,-682.9849251163882,0.15012663907442714
20121080258,2005,18.10745672004814,2737.6089721986423,0.8149011617211885,2.1810951654922683,-1013.7253638471544,0.21048721582287844
20101080424,2006,16.650778789796732,3493.06562740189,0.6487171748692097,0.3492629253922068,-211.76832161356333,0.050154385718908956
20121080192,2006,16.700151979710334,3399.161520010002,0.6586316771081002,0.31678601872902645,-132.0270674918007,0.04728163432394598
20121080215,2006,16.296298101673983,3447.129195666136,0.6376875747403483,0.38045625410218875,-419.1710504840744,0.058042290992528445
20121080223,2006,16.634040119337044,4054.0864124132413,0.6126729574050899,0.27290476048051815,356.8279220274653,0.03069912224678184
20121080258,2006,16.164303118940733,3267.85121906382,0.6672138355683646,0.23794156438486241,-483.4831169819764,0.06279988967005441
20101080424,2007,15.916756697668575,3792.799318022176,0.6225586668682337,-0.38475916673595023,87.96536900672254,0.02399587771793299
20121080192,2007,16.045044575028047,3639.023221472272,0.6353898749246119,-0.3383213859532557,107.83463397046926,0.024039832140457584
20121080215,2007,15.522374055005514,3902.843693084165,0.6098365382966104,-0.3934677925662804,36.54344693395433,0.03019125454879057
20121080223,2007,16.04317908217945,3896.117770857259,0.5866797709656114,-0.3179562766770765,198.8592804714831,0.004705935807303385
20121080258,2007,15.630628131092488,3693.3422120279515,0.6425902324235915,-0.2957334234633841,-57.992124017845164,0.03817628652528124
20101080424,2008,16.059713769995653,4115.17368958405,0.44384275242249166,-0.24180209440887168,410.3397405685969,-0.15472003672780904
20121080192,2008,16.06407854722278,4086.294047338766,0.4480249335592874,-0.31928741375852643,555.105459836963,-0.16332510922486704
20121080215,2008,15.721963791225278,4139.898365857814,0.42783378572130204,-0.19387805634651656,273.598119707603,-0.15181149802651783
20121080223,2008,15.967963777072214,3986.0021132331235,0.4211756964010963,-0.393171581784312,288.7436228473475,-0.16079813875721172
20121080258,2008,15.628032277978003,4874.820270883653,0.42889511306863926,-0.29832927657786923,1123.4859348378566,-0.17551883282967085
20101080424,2009,15.466070346555853,4804.735269993554,0.5052162343753159,-0.8354455178486724,1099.9013209781,-0.09334655477498477
20121080192,2009,15.475758290253214,4788.299642127406,0.508594075884629,-0.9076076707280907,1257.1110546256027,-0.10275596689952539
20121080215,2009,15.17183489592179,4577.749479226778,0.4971664919575394,-0.7440069516500039,711.4492330765675,-0.08247879179028045
20121080223,2009,15.337056179323099,4611.332147978256,0.4668675995593843,-1.0240791795334268,914.0736575924802,-0.11510623559892375
20121080258,2009,15.272367051718902,3758.3247650787334,0.5178137377027419,-0.6539945028369694,6.990429032936753,-0.08660020819556831
20101080424,2010,16.814401328045392,2921.649022721663,0.6656311895929644,0.5128854636408668,-783.1849262937903,0.06706840044266371
20121080192,2010,16.949551943371972,2729.6667499979058,0.6853244945190983,0.5661859823906636,-801.5218375038966,0.07397445173494384
20121080215,2010,16.377191466179454,3038.1907855579407,0.6428167848862757,0.46134961860765955,-828.1094605922699,0.06317150113845582
20121080223,2010,16.925517156849764,2523.863004283026,0.6488887319367364,0.5643817979932386,-1173.39548610275,0.06691489677842832
20121080258,2010,16.532379808287715,2824.053863198474,0.6602474573582084,0.6060182537318433,-927.2804728473226,0.055833511459898434
20101080424,2011,16.79895277161529,3892.455369530669,0.604477212543748,0.4974369072107656,187.6214205152155,0.005914423393447277
20121080192,2011,16.87279123898689,3881.7795830819864,0.620358614804531,0.48942527800558294,350.5909955801834,0.009008572020376679
20121080215,2011,16.415580340399288,4113.525860308162,0.5842661019265135,0.4997384928274933,247.22561415795144,0.004620818178693642
20121080223,2011,16.855144920901978,3831.9239069879563,0.5951987719625098,0.4940095620454521,134.66541660218036,0.013224936804201781
20121080258,2011,16.467712148030625,2973.711177817038,0.6628613578469924,0.5413505934747541,-777.6231582287587,0.058447411948682304
20101080424,2012,17.22774027948799,2650.5827207076854,0.7040808467030207,0.926224415083464,-1054.251228307768,0.10551805755272003
20121080192,2012,17.39601764073226,2529.2825405243816,0.739464884431427,1.0126516797509515,-1001.9060469774213,0.12811484164727255
20121080215,2012,16.738369242350302,2992.512500095696,0.6602626787136527,0.8225273947785077,-873.7877460545146,0.08061739496583287
20121080223,2012,17.426769732046864,2652.522583674223,0.7272844286508802,1.0656343731903384,-1044.735906711553,0.14531059349257214
20121080258,2012,16.907242727970758,3241.7195023927397,0.7097266648221354,0.9808811734148826,-509.61483365305696,0.10531271892382532
20101080424,2013,16.0022934747779,3130.3489573400966,0.5784159475312232,-0.2992223896266246,-574.4849916753569,-0.020146841619077538
20121080192,2013,16.09357414146885,2951.650545177108,0.5921971988846629,-0.2897918195124604,-579.5380423246952,-0.019152843899491463
20121080215,2013,15.632535421675527,3466.005210029756,0.5591032090486887,-0.2833064258962672,-400.29503612045437,-0.020542074699131163
20121080223,2013,16.073699300185524,3387.837309586679,0.5623037307642453,-0.28743605867100186,-309.4211807990969,-0.019670104394062693
20121080258,2013,15.577419967927801,3799.2193579774853,0.5749481137820988,-0.3489415866280701,47.88502193168815,-0.029465832116211413
20101080424,2014,16.34824594414755,4186.033460061762,0.5769086013329963,0.04673007974302479,481.1995110463081,-0.021654187817304438
20121080192,2014,16.362978038599795,3847.6403825030393,0.5832566007475568,-0.02038792238151203,316.4517950012359,-0.028093442036597582
20121080215,2014,16.0324871975443,4335.61026559374,0.5640069612913123,0.11664534997250442,469.31001944352965,-0.015638322456507536
20121080223,2014,16.159141338735424,3894.9728037526334,0.5395680455504556,-0.20199402012110212,197.71431336685737,-0.04240578960785246
20121080258,2014,16.027778644838214,3584.3982233961547,0.5861472745678629,0.1014170902823416,-166.936112649642,-0.01826667133044726
20101080424,2015,15.896339214711986,4513.468048298648,0.5174965676513774,-0.40517664969253886,808.6340992831942,-0.08106622149892329
20121080192,2015,15.9585774170063,4008.200260533325,0.5281510237453617,-0.4247885439750064,477.0116730315221,-0.08319901903879269
20121080215,2015,15.5298434464828,4691.9589748102335,0.4949348272021677,-0.38599840108899386,825.6587286600229,-0.08471045654565218
20121080223,2015,15.98076941172286,3796.277650395325,0.5093961163396378,-0.3803659471336651,99.01916000954907,-0.07257771881867026
20121080258,2015,15.520228197954724,4031.2649582940253,0.5061359016489376,-0.4061333566011463,279.9306222482286,-0.09827804424937255
20101080424,2016,16.31033770796182,3575.337764631691,0.5743024046461318,0.008821843557296205,-129.49618438376274,-0.024260384504168897
20121080192,2016,16.421405540948502,3285.703677240367,0.5939788143453071,0.03803957996719284,-245.48491026143566,-0.01737122843884733
20121080215,2016,15.915366827923322,3749.2982370888017,0.5505068495746266,-0.00047501964847285194,-117.0020090614089,-0.029138434173193284
20121080223,2016,16.444741544861756,3831.7350389544986,0.5769083374276444,0.0836061860052304,134.4765485687226,-0.005065497730663671
20121080258,2016,15.899390300806033,4625.994751799585,0.5557357262598662,-0.026971253749838553,874.6604157537885,-0.04867821963844383
20101080424,2017,15.311456333381557,3547.5467335403864,0.5468595461398469,-0.9900595310229683,-157.28721547506711,-0.051703243010453814
20121080192,2017,15.390140491404233,3384.8238102255523,0.5518222431808479,-0.9932254695770735,-146.36477727625083,-0.059527799603306446
20121080215,2017,14.953538216024242,3566.285210099906,0.5407544579198839,-0.9623036315475524,-300.0150360503044,-0.038890825827936015
20121080223,2017,15.46362405445268,3552.446691688985,0.5219421279019906,-0.8975113044038459,-144.8117986967909,-0.06003170725631746
20121080258,2017,14.812538513238916,4360.9051546053,0.5549235017333766,-1.1138230413169545,609.570818559503,-0.04949044416493354
20101080424,2018,17.73594243146374,5437.761459134372,0.6953397387753175,1.4344265670592158,1732.9275101189182,0.09677694962501682
20121080192,2018,17.83942658042567,5330.246158347939,0.7106201088522807,1.4560606194443653,1799.0575708461358,0.09927006606812644
20121080215,2018,17.33702991872599,5336.487860984953,0.6763107928547385,1.4211880711541944,1470.1876148347424,0.09666550910691862
20121080223,2018,17.75325164794924,5646.301436804088,0.6526229368901034,1.3921162890927157,1949.0429464183117,0.0706491017317954
20121080258,2018,17.34675396905432,3792.895415618868,0.7099792381416572,1.4203924144984446,41.561079573071225,0.10556529224334703
20101080424,2019,16.410825036919675,3430.164378076505,0.6444865927807178,0.10930917251515027,-274.6695709389487,0.04592380363041715
20121080192,2019,16.50861444966553,3306.5308385401013,0.6647384340958296,0.12524848868422395,-224.6577489617018,0.05338839131167518
20121080215,2019,15.958111360798739,3808.7905952108017,0.6114558483007769,0.04226951322694461,-57.50965093940886,0.031810564552957055
20121080223,2019,16.578905242422366,3016.910850941848,0.6614525805024181,0.2177698835658397,-680.3476394439281,0.07947874534411004
20121080258,2019,15.818681234553264,3938.817126989077,0.5987282226324948,-0.10768032000260702,187.482790943281,-0.005685723265815334
20101080424,2020,17.513875489995144,4713.426095288682,0.6482230736664238,1.2123596255906186,1008.5921462732281,0.04966028451612314
20121080192,2020,17.524549983451955,3936.657237084662,0.6596840424707037,1.1411840224706495,405.46864958285886,0.0483339996865493
20121080215,2020,17.16053854762646,5354.951449525046,0.638413306388109,1.2446967000546643,1488.6512033748354,0.05876802264028913
20121080223,2020,17.35810757927277,4236.565503146934,0.6088633106356344,0.996972220416243,539.3070127611581,0.02688947547732634
20121080258,2020,17.239843560647284,4541.055074748087,0.6511057375149512,1.313482006091413,789.72073870229,0.04669179161664101
20101080424,2021,17.66217282751336,3363.8192720636403,0.6602682876226017,1.360656963108834,-341.01467695181327,0.061705498472301
20121080192,2021,17.757039843480076,3124.9548241985017,0.6766967657620216,1.3736738824987662,-406.2337633033013,0.06534672297786738
20121080215,2021,17.24936464420267,3618.925864614514,0.6417143511711564,1.3335227966308771,-247.37438153569656,0.06206906742333651
20121080223,2021,17.715759925565862,3535.4004304781233,0.6395329807938619,1.3546245667093366,-161.85805990765266,0.057559145635553866
20121080258,2021,17.106752021070882,2992.8528124391714,0.6700261559356578,1.1803904665150122,-758.4815236066257,0.06561221003734774
20101080424,2022,16.49744185019233,4112.1119157932,0.5418874789119843,0.19592598578780596,407.2779667777463,-0.0566753102383164
20121080192,2022,16.540394540901833,3556.8217928279987,0.5536823909221934,0.15702857992052105,25.63320532619547,-0.05766765186196098
20121080215,2022,16.125851857835016,4411.468110937555,0.5269677839366926,0.21001001026322186,545.1678647873446,-0.05267749981112724
20121080223,2022,16.495020788994395,3834.159337874432,0.5250079310969064,0.13388543013786958,136.90084748865593,-0.05696590406140167
20121080258,2022,16.06879566303198,4356.3562780208185,0.5169213546130919,0.14243410847611174,605.0219419750218,-0.08749259128521829
20101080424,2023,17.447523246986293,4622.286644808774,0.6436673093351026,1.146007382581768,917.4526957933208,0.04510452018480193
20121080192,2023,17.41160918609693,4764.324796529815,0.6521162273099395,1.0282432251156208,1233.1362090280113,0.040766184525785065
20121080215,2023,17.126273105455482,4413.925892717963,0.6311654548793474,1.2104312578836876,547.625646567752,0.051520171131527515
20121080223,2023,17.218344196374915,5150.975368030196,0.6008845325520177,0.8572088375183888,1453.7168776444196,0.018910697393709652
20121080258,2023,17.44012419382732,2967.078486129468,0.7555855456941841,1.5137626392714474,-784.2558499163289,0.15117159979587408
20101080424,2024,17.850109686367773,4724.968614947649,0.6361692926598146,1.548593821963248,1020.1346659321957,0.03760650350951389
20121080192,2024,17.78713255109642,4279.750262978123,0.6354035630616195,1.4037665901151137,748.5616754763199,0.02405352027746496
20121080215,2024,17.54081093608471,4450.462716591212,0.6245649767578846,1.6249690885129162,584.162470441001,0.04491969301006471
20121080223,2024,17.57268455615946,3457.22406074092,0.5846517152159852,1.2115491973029329,-240.03442964485612,0.0026778800576772177
20121080258,2024,17.518894715240037,3653.662669432016,0.643912932572542,1.592533160684166,-97.67166661378052,0.03949898667423193
20101080424,2025,16.855742356397116,4574.36313220082,0.6013324463016884,0.5542264919925906,869.529183185366,0.002769657151387661
20121080192,2025,16.93645890137816,4339.709368763867,0.61445354691344,0.5530929403968531,808.5207812620635,0.0031035041292856087
20121080215,2025,16.40795749028524,4848.968764029128,0.5776220019229116,0.492115642713447,982.6685178789171,-0.0020232818249082962
20121080223,2025,16.94604342778524,4308.082937456352,0.5844488792811716,0.5849080689287156,610.8244470705758,0.00247504412286359
20121080258,2025,16.2454123773437,5141.850242398364,0.5653936758190329,0.319050822787829,1390.5159063525668,-0.03902027007927717
20121080261,1984,15.78320055284364,3992.39456548802,0.49116800482090067,-0.43312408576264716,208.26100694495324,-0.11591943437799106
20121080337,1984,16.066093245869308,4008.696138948058,0.4974168281687867,-0.4874689617394575,325.47338593887764,-0.12391017152755177
20171080074,1984,15.311305380049431,3822.047841159217,0.4708521502399219,-0.3413782779296937,-137.42058327411007,-0.10034199621997777
20171080077,1984,14.79636405427513,3707.699804995682,0.471404572245977,-0.30978662360528275,-289.5662187985292,-0.09649165349182028
20181080368,1984,15.676172403198048,3871.123594115871,0.4984928853243816,-0.35359212173833504,47.85213187176575,-0.10820506090787178
20121080261,1985,14.643380984707177,4718.230065445563,0.5104387821274934,-1.5729436538991126,934.0965069024968,-0.09664865707139826
20121080337,1985,14.96085856697382,4557.637928942904,0.519170361153818,-1.5927036406349426,874.4151759337237,-0.10215663854252038
20171080074,1985,14.18632683704608,4116.636187461227,0.49093773204009605,-1.4663568209330469,157.16776302789864,-0.08025641441980368
20171080077,1985,13.682905266842768,4044.869261828664,0.49653952036076904,-1.423245411037647,47.60323803445359,-0.07135670537702825
20181080368,1985,14.478402486686164,4598.184678944148,0.5134479528106531,-1.5513620382502202,774.9132167000425,-0.09324999342160027
20121080261,1986,14.027966984458619,3108.8239431711413,0.5411917924733602,-2.18835765414767,-675.309615371925,-0.06589564672553147
20121080337,1986,14.376668155402491,2992.2982526930155,0.5523712216865978,-2.1768940522062725,-690.9245003161654,-0.06895577800974062
20171080074,1986,13.147820245620807,3389.0182314091558,0.5030419375965984,-2.5048634123583167,-570.4501930241714,-0.06815220886330131
20171080077,1986,12.583467452521152,3338.7723650581306,0.4975791369280042,-2.522683225359261,-658.4936587360806,-0.07031708880979312
20181080368,1986,13.761147842383359,3155.404810760604,0.5448020241519123,-2.2686166825530276,-667.8666514835008,-0.06189592208034121
20121080261,1987,16.00718024157099,4554.921000748181,0.5622664246902142,-0.2091443970352987,770.7874422051152,-0.044821014508677606
20121080337,1987,16.340229465795993,4450.770986877475,0.5723633789557616,-0.2133327418127727,767.5482338682936,-0.04896362074057668
20171080074,1987,15.281335799533284,3475.353855434253,0.5534164806502156,-0.37134785844584,-484.11456899907387,-0.017777665809684096
20171080077,1987,14.686170222201504,3431.3094444353133,0.5512865779850965,-0.4199804556789084,-565.9565793588976,-0.01660964775270082
20181080368,1987,15.781520266318775,3992.3746632959355,0.5737373532673223,-0.24824425861761162,169.10320105183044,-0.03296059296493105
20121080261,1988,15.550713103750484,5661.1979080824085,0.5475049546327351,-0.6656115348558035,1877.0643495393422,-0.05958248456615674
20121080337,1988,15.892693889641226,5441.532201802182,0.5612211478775787,-0.6608683179675386,1758.3094487930005,-0.060105851818759666
20171080074,1988,14.932397236833923,4011.6241357469135,0.5354237271122079,-0.7202864211452036,52.15571131358597,-0.03577041934769179
20171080077,1988,14.532353362286813,3735.055426634013,0.5499058700744547,-0.5737973155936008,-262.21059716019744,-0.017990355663342623
20181080368,1988,15.326442276205077,5113.09960758958,0.5463697127427051,-0.7033222487313103,1289.8281453454756,-0.06032823348954813
20121080261,1989,15.875214819977273,3569.0555912926943,0.6135097425233835,-0.3411098186290179,-215.07796725037238,0.006422303324491751
20121080337,1989,16.162990856243418,3623.9963814561443,0.6178234272965114,-0.3905713513653464,-59.226371553036124,-0.0035035723998270967
20171080074,1989,15.356696972385084,2787.110215992814,0.5760319462453701,-0.2959866855940402,-1172.358208440513,0.004837799785470434
20171080077,1989,14.929197812524672,2790.271482771543,0.584232841485259,-0.17695286535574034,-1206.9945410226678,0.01633661574746171
20181080368,1989,15.707374288033773,3524.987874619447,0.613679550596122,-0.32239023690261265,-298.2835876246576,0.006981604363868538
20121080261,1990,16.047762568100655,3123.305156078259,0.5660920970501884,-0.16856207050563404,-660.828402464807,-0.04099534214870332
20121080337,1990,16.32358466649587,2999.7811074430124,0.5735961695338553,-0.22997754111289315,-683.4416455661678,-0.04773083016248303
20171080074,1990,15.479198928511721,3438.504189693851,0.5705926440884102,-0.1734847294674053,-520.9642347394758,-0.0006015023714895268
20171080077,1990,14.941807356532333,3220.181565861154,0.5729564236461474,-0.16434332134808066,-777.0844579330568,0.005060197908350218
20181080368,1990,15.943254501522315,3366.028204019102,0.5839869906546566,-0.08651002341407017,-457.24325822500356,-0.022710955577596725
20121080261,1991,16.837026420537992,2973.6653197043515,0.6998815744751162,0.6207017819317012,-810.4682388387147,0.09279413527622463
20121080337,1991,17.206457579399622,2912.912484677654,0.724928170964447,0.6528953717908579,-770.3102683315266,0.10360117126810862
20171080074,1991,15.99259937857317,3216.300353108652,0.6392536824712701,0.3399157205940433,-743.1680713246755,0.0680595360113704
20171080077,1991,15.408143851673161,3208.380388896148,0.625979440024592,0.30199317379274804,-788.885634898063,0.05808321428679476
20181080368,1991,16.5167484694505,2963.9244659595283,0.6771725564453708,0.4869839445141178,-859.3469962845769,0.07047461021311728
20121080261,1992,13.737182865972107,3989.565755930903,0.5327817157326438,-2.479141772634181,205.43219738783668,-0.07430572346624788
20121080337,1992,14.037152553241208,3852.2843789300705,0.5446452726453656,-2.5164096543675565,169.06162592088955,-0.07668172705097283
20171080074,1992,13.177454410763742,3421.8641406308734,0.5073407889473024,-2.4752292472153834,-537.604283802454,-0.06385335751259734
20171080077,1992,12.617172483677209,3491.37566463334,0.4905098054089693,-2.4889781942032028,-505.8903591608708,-0.07738642032882795
20181080368,1992,13.587312785455962,3943.46341454684,0.5310403805994128,-2.442451739480424,120.1919523027344,-0.0756575656328407
20121080261,1993,16.230940831225855,4245.32416088838,0.5477066080361356,0.01461619261956564,461.1906023453137,-0.059380831162756144
20121080337,1993,16.509774574626068,4294.690715050403,0.5505318461483276,-0.04378763298269565,611.4679620412228,-0.07079515354801073
20171080074,1993,16.058471608055424,4367.055746063655,0.5663279700539513,0.40578795007629603,407.58732163032766,-0.004866176405948421
20171080077,1993,15.631086304666617,4459.031123852212,0.5763303313835535,0.5249356267862046,461.7651000580012,0.008434105645756283
20181080368,1993,16.206115158181404,3750.6656413169862,0.5689853814515469,0.17635063324502104,-72.60582092711913,-0.037712564780706566
20121080261,1994,15.359408684053296,4691.700883810668,0.4812562752236473,-0.8569159545529932,907.5673252676013,-0.12583116397524444
20121080337,1994,15.69497077826962,4517.199911346771,0.49387557869077625,-0.8585914293391427,833.97715833759,-0.12745142100556217
20171080074,1994,14.613751026486971,5401.549176881734,0.46319706176956843,-1.0389326314921543,1442.0807524484064,-0.10799708469033133
20171080077,1994,14.089089714073998,5304.449669899279,0.4711274570680741,-1.017060963806417,1307.1836461050677,-0.09676876866972318
20181080368,1994,15.1276967749269,4663.781788890785,0.4810081916704,-0.9020677500094847,840.5103266466803,-0.12568975456185336
20121080261,1995,17.582634953485066,2558.137953738443,0.7709457845364678,1.366310314878775,-1225.9956048046236,0.1638583453375761
20121080337,1995,17.85662846001482,2566.5571372428667,0.7729671708786923,1.303066252406057,-1116.6656157663135,0.15164017118235387
20171080074,1995,16.82222442092804,3534.9227925305195,0.6931982703475995,1.169540762948912,-424.54563190280794,0.12200412388769993
20171080077,1995,16.214588121449776,3278.8351028140105,0.680304229407704,1.1084374435693596,-718.4309209802005,0.11240800366990662
20181080368,1995,17.331746280954807,2711.736120796983,0.7641543260857226,1.3019817560184195,-1111.535341447122,0.15745637985346922
20121080261,1996,16.368923143027505,4231.284820701202,0.6052736519492847,0.15259850442121312,447.15126215813586,-0.001813787249607035
20121080337,1996,16.670144209290726,4064.000111956601,0.6145064976694686,0.11658200168195969,380.7773589474201,-0.006820502026869778
20171080074,1996,15.89200509478615,4731.040044064111,0.5862904738705986,0.2393214368070249,771.5716196307842,0.015096327410698938
20171080077,1996,15.365396663120814,4501.994995413954,0.5971884560629762,0.2592459852403997,504.72897161974265,0.029292230325178917
20181080368,1996,16.22153637432675,4584.1323454467765,0.6098049545317202,0.19177184939036432,760.860883202671,0.003107008299466817
20121080261,1997,15.697352543430087,3655.6736566234667,0.5730553132698205,-0.5189720951762002,-128.45990191959996,-0.03403212592907123
20121080337,1997,16.05571328438849,3546.339841663493,0.5913166540477506,-0.4978489232202736,-136.88291134568792,-0.03001034564858779
20171080074,1997,15.135111481605385,3678.5188068534007,0.5502612147171844,-0.5175721763737401,-280.94961757992695,-0.020932931742715415
20171080077,1997,14.58736025433119,3395.157779191942,0.5531183321086737,-0.5187904235492239,-602.1082446022695,-0.014777893629123677
20181080368,1997,15.477787169328348,3703.572361267161,0.5740212941125559,-0.5519773556080385,-119.69910097694402,-0.032676652119697426
20121080261,1998,16.35379137923754,3106.165618834628,0.6025875585580225,0.13746674063124936,-677.9679397084384,-0.004499880640869214
20121080337,1998,16.694830282329168,3069.953101307646,0.6179832260924478,0.14126807472040243,-613.2696517015343,-0.0033437736038906332
20171080074,1998,15.95659675108684,3836.8177149669345,0.5732950709743445,0.3039130931077158,-122.650709466393,0.0021009245144447838
20171080077,1998,15.409077263865688,4115.972858041401,0.5610978405425033,0.30292658598527566,118.7068342471907,-0.006798385195294005
20181080368,1998,16.132002435640878,3184.5054067671317,0.5965087354115121,0.10223791070449043,-638.7660554769735,-0.010189210820741297
20121080261,1999,16.851628364341856,4622.88818456602,0.6129331858878038,0.6353037257355663,838.7546260229536,0.005845746688912035
20121080337,1999,17.182115518001098,4692.070938315211,0.6202691475953637,0.6285533103923352,1008.8481853060305,-0.001057852100974655
20171080074,1999,16.14594981422273,4591.187813414832,0.5669527493539954,0.493266156243604,631.7193889815045,-0.004241397105904251
20171080077,1999,15.57933315687794,5051.519651233055,0.5673167046478548,0.47318247899752713,1054.2536274388435,-0.0005795210899425569
20181080368,1999,16.640516230517857,4601.089587086299,0.6166116433177458,0.610751705581471,777.8181248421929,0.00991369708549235
20121080261,2000,14.61086293234344,3321.7540238810643,0.5011469622490397,-1.6054617062628482,-462.37953466200196,-0.10594047694985204
20121080337,2000,14.953138279205595,3305.602215472926,0.5147814802805752,-1.6004239284031678,-377.62053753625474,-0.10654551941576323
20171080074,2000,14.176867437731623,3252.618990588018,0.4994467158343215,-1.475816220247503,-706.8494338453091,-0.07174743062557827
20171080077,2000,13.632369446803827,3327.927925846108,0.4973713371562207,-1.473781231076586,-669.3380979481033,-0.07052488858157659
20181080368,2000,14.477652547337737,3116.1321173495953,0.5118295580682757,-1.5521119775986485,-707.1393448945095,-0.09486838816397768
20121080261,2001,16.596063098354623,3010.6629179829497,0.6623866586485594,0.37973845974833687,-773.4706405601166,0.05529921944966765
20121080337,2001,16.97688693701997,2863.7679937334497,0.6900833367137647,0.4233247294112062,-819.4547592757314,0.06875633701742635
20171080074,2001,16.035318265798356,3227.806822811745,0.5853299370163355,0.3826346078192295,-731.6616016215822,0.014135790556435943
20171080077,2001,15.524881586623751,3363.5760164991584,0.5758545724196122,0.41873090874333785,-633.6900072950525,0.007958346681814943
20181080368,2001,16.389948899666198,3100.505629807207,0.6435281601165967,0.360184374729814,-722.7658324368986,0.03683021388434325
20121080261,2002,16.148979286525563,3325.971228002843,0.6362557225475003,-0.0673453520807289,-458.1623305402233,0.02916828334860853
20121080337,2002,16.511868933845758,3204.8455847436344,0.6537660456581553,-0.04169327376300644,-478.3771682655466,0.03243904596181697
20171080074,2002,15.59220144981212,2942.6303060678406,0.6122121451182971,-0.060482208167004274,-1016.8381183654865,0.041017998658397406
20171080077,2002,14.988635394489316,3010.6172311373916,0.6033316682201048,-0.11751528339109792,-986.6487926568194,0.035435442482307455
20181080368,2002,15.980397687425027,3297.9662115261463,0.6443544186706707,-0.04936683751136042,-525.3052507179598,0.037656472438417424
20121080261,2003,15.940472873743037,6106.628765183019,0.5563294242907884,-0.27585176486324947,2322.4952066399524,-0.050758014908103395
20121080337,2003,16.285776388399693,5905.5544104256105,0.5720062429950322,-0.267785819209071,2222.3316574164296,-0.04932075670130618
20171080074,2003,15.368383707319015,3914.4547970304343,0.5632631730959805,-0.2842999506601105,-45.01362740289277,-0.007930973363919276
20171080077,2003,14.853985981516724,3822.202346770542,0.564758515240014,-0.2521646963636885,-175.0636770236689,-0.0031377104977833147
20181080368,2003,15.745113881531433,5002.435844995186,0.5640744662492609,-0.28465064340495216,1179.164382751081,-0.04262347998299248
20121080261,2004,14.677951432656567,4138.6695013384915,0.5068726180676637,-1.5383732059497208,354.5359427954244,-0.10021482113122805
20121080337,2004,15.027907027369,4070.8406429986253,0.5217355693240411,-1.525655180239766,387.61788998944485,-0.09959143037229728
20171080074,2004,14.059642126836405,4673.8269951513,0.463202962499294,-1.5930415311427213,714.3585707179724,-0.10799118396060568
20171080077,2004,13.522618185758107,4510.156401646261,0.46197045045632956,-1.5835324921223057,512.8903778520498,-0.10592577528146771
20181080368,2004,14.451704940021258,4317.760435537553,0.493459363972403,-1.5780595849151262,494.4889732934482,-0.11323858225985049
20121080261,2005,18.31403763674312,2856.39438564641,0.7841179815805043,2.097712998136832,-927.7391728966564,0.1770305423816126
20121080337,2005,18.664523064099065,2755.345795839798,0.8007518699665258,2.1109608564903004,-927.8769571693829,0.17942487027018755
20171080074,2005,17.59607967647111,3351.3152984886547,0.7384428500222472,1.9433960184919823,-608.1531259446725,0.16724870356234747
20171080077,2005,16.897759623754627,3760.7043287785123,0.7202907234849597,1.7916089458742164,-236.56169501569877,0.15239449774716243
20181080368,2005,18.074883207248515,2805.7316245671477,0.7844781554745871,2.0451186823121286,-1017.5398376769577,0.17778020924233373
20121080261,2006,16.540124705217917,3110.075886285128,0.6754928186906671,0.32380006661163174,-674.0576722579382,0.0684053794917753
20121080337,2006,16.87219261355659,3141.3060877298635,0.6904315789291696,0.31863040594782593,-541.9166652793174,0.06910457923283124
20171080074,2006,15.984209877813123,3048.198457112115,0.6446093070560228,0.331526219833997,-911.2699673212124,0.0734151605961231
20171080077,2006,15.46475677569218,3011.897765077048,0.6440439136474798,0.3586060978117648,-985.3682587171633,0.07614768790968253
20181080368,2006,16.367633661299855,3145.386601195464,0.6752109620490047,0.3378691363634684,-677.8848610486413,0.06851301581675129
20121080261,2007,15.903812379422398,3974.571122507646,0.6324502626909154,-0.312512259183892,190.43756396457988,0.025362823492023654
20121080337,2007,16.27360145290967,3877.813959875715,0.6492750515953193,-0.27996075469909487,194.5912068665345,0.027948051898980895
20171080074,2007,15.252812942539386,4148.2803982989135,0.5949700231305677,-0.39987071543974095,188.81197386558645,0.02377587667066797
20171080077,2007,14.65974858542657,4494.16050169798,0.5846989864336302,-0.44640209245384355,496.89447790376977,0.016802760695832888
20181080368,2007,15.70927448479174,3855.3757777314095,0.6481646001623573,-0.320490040144648,32.10431548730403,0.041466653930103986
20121080261,2008,15.864717149043445,4960.390441055212,0.43886125396307074,-0.35160748956284243,1176.256882512146,-0.16822618523582097
20121080337,2008,16.17499115359777,4836.947361501668,0.4511466936948669,-0.37857105401099383,1153.7246084924866,-0.1701803060014715
20171080074,2008,15.48102871906373,5261.030099870026,0.4140902586938334,-0.17165493891539682,1301.5616754366988,-0.1571038877660663
20171080077,2008,14.953367276320083,5698.597883368645,0.41257570211013345,-0.15278340156032957,1701.331859574434,-0.15532052362766385
20181080368,2008,15.721258124786466,5360.857527754717,0.43404087161178745,-0.30850640014992087,1537.586065510611,-0.17265707462046598
20121080261,2009,15.383549399997895,4325.895506925891,0.5163733155704924,-0.8327752386083933,541.7619483828247,-0.09071412362839934
20121080337,2009,15.698476643856953,4282.6056470094645,0.5223045731244073,-0.8550855637518111,599.3828940002832,-0.09902242657193107
20171080074,2009,15.208806291696414,3758.1756836288055,0.5175327424435281,-0.44387736628271157,-201.29274080452174,-0.05366140401637164
20171080077,2009,14.692758897422038,3536.3639519257304,0.5195018812245918,-0.413391780458375,-460.90207186848056,-0.048394344513205484
20181080368,2009,15.3290785600598,4160.190700956826,0.5326537792548051,-0.7006859648765864,336.9192387127208,-0.07404416697744837
20121080261,2010,16.87252873406898,2908.795576770767,0.6838311202108308,0.6562040954626933,-875.3379817722986,0.07674368101193906
20121080337,2010,17.25452222700437,2738.577064477424,0.7055576897025359,0.7009600193956036,-944.6456885317568,0.08423069000619736
20171080074,2010,16.14811682778532,3224.4545518377345,0.616639376815471,0.49543316980619273,-735.0138725955925,0.04544523035557137
20171080077,2010,15.45811498495857,3509.689567838773,0.595679419313031,0.3519643070781565,-487.57645595543784,0.027783193575233792
20181080368,2010,16.63190709269525,3295.696866570283,0.6778798375992299,0.6021425677588643,-527.5745956738224,0.07118189136697649
20121080261,2011,16.777170828114407,4108.089211041532,0.6339977430525143,0.5608461895081188,323.9556524984654,0.026910303853622582
20121080337,2011,17.13705973388766,3929.1034066584275,0.6539053710902405,0.5834975262788985,245.88065364924626,0.03257837139390207
20171080074,2011,16.15861009496148,3622.3831067964943,0.6082145013177703,0.5059264369823568,-337.08531763683317,0.037020354857870634
20171080077,2011,15.62357734853934,3805.6992258782343,0.6057158830534558,0.5174266706589269,-191.56679791597685,0.03781965731565855
20181080368,2011,16.55507693533865,3998.4169707288024,0.630490700728203,0.5253124104022686,175.14550848469753,0.02379275449594963
20121080261,2012,17.209089881786433,2914.0816705259986,0.7253115840954285,0.9927652431801459,-870.0518880170677,0.1182241448965368
20121080337,2012,17.575227660900033,2806.3229433072383,0.7463477158135005,1.0216654532912672,-876.8998097019421,0.12502071611716223
20171080074,2012,16.446278488759457,3655.8283978821673,0.636165629841082,0.7935948307803325,-303.64002655115985,0.06497148338118228
20171080077,2012,15.884448927727314,3779.178571005068,0.6196290525366609,0.7782982498469002,-218.08745278914265,0.05173282679886358
20181080368,2012,16.93437737277041,3095.7800818927976,0.7025751265280502,0.9046128478340237,-727.4913803513076,0.09587718029579685
20121080261,2013,15.883204331605365,3386.124134073829,0.5790530065438001,-0.33312030700092127,-398.00942446923744,-0.028034432655091524
20121080337,2013,16.206000203598936,3418.777370717877,0.5866481895395557,-0.3475620040098305,-264.4453822913038,-0.03467881015678277
20171080074,2013,15.344231860622333,4263.873471122512,0.5547909754447473,-0.30845179735678974,304.4050466891843,-0.016403171015152426
20171080077,2013,14.849650488235458,4007.6140785956986,0.5561011421919285,-0.256500189644955,10.348054801487738,-0.011795083545868772
20181080368,2013,15.68572375452314,3490.9538344696157,0.5762285290345635,-0.34404077041324266,-332.3176277744894,-0.030469417197689863
20121080261,2014,16.1509172494861,3940.257487848165,0.5825258940536289,-0.06540738912018931,156.12392930509884,-0.02456154514526282
20121080337,2014,16.41439557646545,3894.4296662109055,0.5889245706048859,-0.13916663114331523,211.2069132017252,-0.03240242909145249
20171080074,2014,16.092940241882367,3819.150377088207,0.5912247705827203,0.4402565839032388,-140.31804734512002,0.020030624122820643
20171080077,2014,15.63343302764265,3947.394764266672,0.5944351135374266,0.5272823497622373,-49.87125952753887,0.026538887799629256
20181080368,2014,16.16465956554323,3695.896131380559,0.5976892214758914,0.1348950406068443,-127.37533086354644,-0.009008724756361969
20121080261,2015,15.751862542525597,3745.9975588562993,0.5173741389995142,-0.4644620960806936,-38.13599968676649,-0.08971330019937741
20121080337,2015,16.07274798619484,3468.024795932415,0.5270853752636849,-0.4808142214139221,-215.19795707676508,-0.0942416244326534
20171080074,2015,15.31757797791156,4025.1723498232473,0.4831659023772503,-0.3351056800675662,65.70392538991999,-0.08802824408264932
20171080077,2015,14.858871021231288,3912.3746789621155,0.4879438234821324,-0.24727965664912688,-84.8913448320955,-0.07995240225566491
20181080368,2015,15.593513592754013,3791.3726343775456,0.5206668738048044,-0.4362509321823716,-31.89882786655875,-0.08603107242744895
20121080261,2016,16.280744325941885,3425.653913069251,0.5860698136767519,0.06441968733559626,-358.4796454738158,-0.021017625522139826
20121080337,2016,16.632154764136175,3396.3802652640647,0.601723389044884,0.07859255652741043,-286.8424877451164,-0.019603610651454384
20171080074,2016,15.55840049852562,4647.726987845396,0.5141773164322413,-0.09428315945350617,688.2585634120695,-0.05701683002765831
20171080077,2016,15.035027452235921,4492.883480178192,0.5116351507045552,-0.0711232256444926,495.6174563839808,-0.05626107503324204
20181080368,2016,16.06638570059648,4008.9825540033535,0.578020545638244,0.03662117566009471,185.71109175924818,-0.028677400594009278
20121080261,2017,15.174801714523982,3658.7906370841865,0.5543949638216004,-1.0415229240823056,-125.34292145887972,-0.05269247537729133
20121080337,2017,15.538349140190547,3604.7008221547967,0.5665289641034132,-1.0152130674182174,-78.52193085438422,-0.05479803559292517
20171080074,2017,14.55442318388928,4185.880003439495,0.5359088635177354,-1.0982604740898445,226.4115790061677,-0.035285282942164424
20171080077,2017,14.00964986967005,4286.0871758682215,0.5294573409297327,-1.096500808210365,288.82115207401114,-0.038438884808064525
20181080368,2017,14.957207227209704,3810.57466094461,0.5607309520683808,-1.0725572977266844,-12.696801299495013,-0.04596699416387263
20121080261,2018,17.797696917989985,4230.35529861957,0.7322775675015725,1.5813722793836984,446.2217400765038,0.1251901283026807
20121080337,2018,18.14476014463892,4008.365929437947,0.7518182972568438,1.591197937030153,325.1431764287664,0.1304912975605055
20171080074,2018,16.899855645736686,4119.412254421971,0.6440694333841637,1.2471719877575589,159.94382998864384,0.07287528692426389
20171080077,2018,16.317557302913304,3910.6069715101394,0.6434602361176692,1.2114066250328932,-86.65905228407198,0.07556401037987198
20181080368,2018,17.550147159540256,4364.294842793724,0.7256729945019021,1.520382634603871,541.0233805496184,0.11897504826964872
20121080261,2019,16.190637437848086,4298.315695333939,0.623000026968483,-0.025687200758203587,514.1821367908722,0.015912587769591313
20121080337,2019,16.551798435461418,4091.012584789516,0.6380198336413543,-0.0017637721473467364,407.7898317803349,0.016692833945015955
20171080074,2019,15.329941310375451,4671.2732490645585,0.5277990875768981,-0.32274234760367404,711.8048246312303,-0.0433950588830016
20171080077,2019,14.688020495499643,4596.455550027457,0.518594558137699,-0.41813018238077043,599.1895262332467,-0.04930166760009839
20181080368,2019,15.96153156826891,4834.9376539589475,0.6165473308029269,-0.0682329566674769,1011.6661917148421,0.009849384570673502
20121080261,2020,17.40162511493852,3702.1254394617563,0.6580786310744832,1.1853004763322312,-82.00811908131041,0.050991191875591445
20121080337,2020,17.732700622363666,3380.3494215033593,0.6759445878147546,1.1791384147549042,-302.8733315058216,0.05461758811841638
20171080074,2020,17.180619127334495,4191.3035461154905,0.6444511390906705,1.5279354693553673,231.83512168216302,0.07325699263077085
20171080077,2020,16.734039850215254,4327.075062973061,0.6668647050816486,1.6278891723348405,329.80903917885024,0.09896847934385139
20181080368,2020,17.303998105900114,4042.024032703197,0.6633344755296683,1.2742335809637286,218.75257045909163,0.056636529297414945
20121080261,2021,17.4477412859599,3357.8458723537306,0.6505693515852791,1.2314166473536101,-426.2876861893361,0.0434819123863873
20121080337,2021,17.771959151392405,3364.140520002072,0.664170142944928,1.2183969437836415,-319.0822330071087,0.042843143248589705
20171080074,2021,16.803877930964905,3310.8337916583064,0.6418902870527561,1.1511942729857783,-648.6346327750215,0.07069614059285635
20171080077,2021,16.264929493613874,3405.297765248024,0.6324435805437083,1.158778815733462,-591.9682585461874,0.06454735480591109
20181080368,2021,17.26047550796248,3741.4118736901764,0.6534552105030635,1.2307109830260965,-81.85958855392822,0.046757264270810193
20121080261,2022,16.31892728667329,4436.087070736964,0.5312042281842724,0.10260264806700085,651.9535121938978,-0.07588321101461941
20121080337,2022,16.652612305414966,4162.1858292093875,0.5434598160226148,0.09905009780620198,478.9630762002067,-0.07786718367372364
20171080074,2022,15.937560176589573,4002.44474845958,0.5137777113007312,0.284876518610447,42.97632402625242,-0.05741643515916844
20171080077,2022,15.409037733769075,4129.187598384315,0.522111258270259,0.30288705588866094,131.92157459010355,-0.04578496746753833
20181080368,2022,16.169362618369085,4227.95090711894,0.5314854520903336,0.13959809343270016,404.67944487483436,-0.07521249414191984
20121080261,2023,17.38718654521999,3614.4870909376195,0.6910888898914006,1.1708619066136985,-169.6464676054467,0.08400145069250887
20121080337,2023,17.66526120867464,3417.583642826879,0.7008707503630089,1.1116990010658738,-265.639110182302,0.07954375066667053
20171080074,2023,17.547604801447783,2833.2609255032035,0.7599784140708582,1.8949211434686546,-1126.2074989301234,0.1887842676109585
20171080077,2023,16.960124163499312,3210.0927399118423,0.7327712065928785,1.8539734856189005,-787.1732838823687,0.16487498085508118
20181080368,2023,17.391821847002106,3547.8589594935943,0.7108905624345401,1.3620573220657182,-275.412502750511,0.10419261620228673
20121080261,2024,17.595789281872737,3701.972234581264,0.6269272587740324,1.379464643266449,-82.16132396180242,0.019839819575140697
20121080337,2024,17.8586571036542,3665.446874115822,0.6296011587244489,1.3050948960454338,-17.775878893359174,0.008274159028110559
20171080074,2024,17.52550714049478,4410.282764256346,0.6289079632326596,1.8728234825156567,450.8143398230194,0.05771381677275989
20171080077,2024,17.122130298811957,4275.319220191732,0.6412267533840781,2.0159796209315437,278.0531963975213,0.07333052764628083
20181080368,2024,17.597622995176973,4068.407483720716,0.6472119568244658,1.5678584702405878,245.13602147661038,0.04051401059221241
20121080261,2025,16.686880635524187,4766.173957667929,0.5982760172793514,0.4705559969178989,982.040399124863,-0.008811421919540296
20121080337,2025,17.021589680794655,4555.512872267002,0.6122679003795767,0.4680274731858922,872.2901192578216,-0.009059099316761717
20171080074,2025,15.94647855517575,5072.626683711298,0.5433022538543939,0.2937948971966241,1113.1582592779705,-0.02789189260550584
20171080077,2025,15.38636184933274,4781.345358843999,0.545487936545408,0.2802111714523282,784.0793350497877,-0.02240828919238937
20181080368,2025,16.503293159400958,4418.3353208168755,0.6029570507709017,0.4735286344645712,595.0638585727711,-0.00374089546135174
20191080072,1984,15.809446662010393,4118.777681577625,0.52980985714606,-0.2854288096984097,127.40919883953491,-0.08941332265253887
20211080400,1984,16.028750736126028,3844.1897450711517,0.5049004515906728,-0.5438247339736968,415.2412042100764,-0.12890373196583382
20231080245,1984,15.96616053117938,3870.740453817569,0.5023470102745288,-0.4605002051400535,173.34054140062054,-0.11762260062015428
20231080248,1984,15.995528150641405,3780.3088023092537,0.48919014133126476,-0.3282113512933158,128.90739537944773,-0.09618957609044082
20231080256,1984,15.736629683582782,3738.703132370105,0.4973651406020725,-0.34319537569145114,-4.469219832073798,-0.10670688131787805
20191080072,1985,14.554218332713207,4833.6658306236395,0.5314195540948895,-1.5406571389955959,842.2973478855489,-0.08780362570370936
20211080400,1985,14.935643319116139,3729.6148411213962,0.5313910874554558,-1.6369321509835864,300.6663002603209,-0.10241309610105076
20231080245,1985,14.822183082905445,4412.934546103259,0.5189330998083673,-1.604477653413991,715.5346336863112,-0.10103651108631567
20231080248,1985,14.806001108971202,4701.096708255967,0.4971107603927579,-1.517738392963519,1049.6953013261614,-0.08826895702894766
20231080256,1985,14.541549483821933,4234.729860625081,0.5057994293121388,-1.5382755754522972,491.5575084229017,-0.0982725926078118
20191080072,1986,13.663649122463262,3191.7489632828665,0.538146362292813,-2.43122634924554,-799.6195194552241,-0.0810768175057858
20211080400,1986,14.486221325915835,2975.597657761959,0.5618012878655396,-2.0863541441838898,-453.35088309911634,-0.07200289569096696
20231080245,1986,14.26267392913616,3042.836375989128,0.5471242962097937,-2.1639868071832766,-654.5635364278194,-0.07284531468488918
20231080248,1986,14.104789635755026,3448.5875419671215,0.5019554582395394,-2.2189498661796954,-202.81386496268442,-0.08342425918216623
20231080256,1986,13.850910134136335,3281.308283234083,0.5534059159529977,-2.228914925137898,-461.8640689680956,-0.05066610596695284
20191080072,1987,15.734434751348742,3615.030578748031,0.581992929393084,-0.36044072036006003,-376.3379039900596,-0.0372302504055148
20211080400,1987,16.424105290399098,4336.56356178155,0.5837025030874667,-0.14847017970062737,907.6150209204743,-0.050101680469039844
20231080245,1987,16.244759113062173,4363.934388205423,0.5732105165050012,-0.1819016232572634,666.5344757884758,-0.04675909438968181
20231080248,1987,16.12463850767716,3923.925998359227,0.5406084541853644,-0.19910099425755945,272.524591429421,-0.044771263236341174
20231080256,1987,15.810314419937116,4185.524438122768,0.5633540295455661,-0.2695106393371161,442.35208592058785,-0.04071799237438436
20191080072,1988,15.485722477638479,4831.103480600052,0.5761704456325946,-0.6091529940703212,839.7349978619607,-0.04305273416600431
20211080400,1988,16.039333231552803,4934.616193873239,0.5874633146301923,-0.5332422385469222,1505.667653012164,-0.04634086892631428
20231080245,1988,15.881192675308302,5273.251502750667,0.5783852373317543,-0.5454680610111323,1575.8515903337193,-0.041584373562928656
20231080248,1988,16.119265402918302,4329.404687275542,0.5946350577841263,-0.20447409901641933,678.0032803457357,0.009255340362420705
20231080256,1988,15.284403803129326,5187.398848912431,0.535182824016091,-0.795421256144903,1444.226496710253,-0.06888919790385951
20191080072,1989,15.901294036533546,3739.6142897614027,0.6425867075916273,-0.19358143517525334,-251.75419297668756,0.023363527793028527
20211080400,1989,16.078328055229747,3361.444127887502,0.6065008214657873,-0.49424741486997803,-67.50441297357338,-0.027303362090719263
20231080245,1989,16.10667444938516,3306.5786711887645,0.6262700296460577,-0.31998628693427444,-390.8212412281835,0.006300418751374723
20231080248,1989,16.192345265374684,3102.737462289646,0.6171861685542103,-0.13139423656003757,-548.66394464016,0.03180645113250469
20231080256,1989,15.67227872679964,3115.588843453064,0.6006386774657188,-0.4075463324745908,-627.583508749115,-0.0034333444542317512
20191080072,1990,16.08169307294103,3648.36181451068,0.6143901441215526,-0.013182398767773662,-343.00666822741107,-0.004833035677046223
20211080400,1990,16.252702877486968,2950.5421374887924,0.5805856950073046,-0.31987259261275724,-478.40640337228297,-0.05321848854920197
20231080245,1990,16.191678383153914,3047.3818051118283,0.5692632177187205,-0.23498235316552527,-650.0181073051192,-0.05070639317596241
20231080248,1990,16.172410687156344,3693.4937988371353,0.5576925467971737,-0.15132881477837756,42.09239190732933,-0.027687170624531854
20231080256,1990,15.929800113403052,3459.8949801725403,0.5715430648240518,-0.1500249458711807,-283.2773720296391,-0.03252895709589884
20191080072,1991,16.444044774807796,3202.6310698214734,0.6707609169083409,0.349169303098996,-788.7374129166177,0.051537737109742035
20211080400,1991,17.28308275333353,3212.402594410715,0.7520895321363085,0.710507283233806,-216.54594645036013,0.11828534857980189
20231080245,1991,17.07788988579898,3097.155349855322,0.7231460938435758,0.6512291494795422,-600.2445625616252,0.10317648294889277
20231080248,1991,17.011241897638342,2868.9085171976067,0.7185604199715543,0.6875023957036213,-782.4928897321993,0.1331807025498487
20231080256,1991,16.70576820501967,2974.970036016274,0.7004643429360355,0.6259431457454403,-768.2023161859047,0.096392321016085
20191080072,1992,13.67336686333765,3982.2060683194427,0.527638316761513,-2.4215086083711506,-9.162414418647751,-0.09158486303708581
20211080400,1992,13.967512827334247,3603.0024903278672,0.5617016677576085,-2.6050626427654784,174.0539494667919,-0.07210251579889804
20231080245,1992,13.921907443377076,3848.006211734606,0.5379779035743864,-2.5047532929423615,150.60629931765817,-0.08199170732029651
20231080248,1992,14.137729263305687,3284.272988178941,0.5313422766997664,-2.1860102386290343,-367.12841875086497,-0.05403744072193917
20231080256,1992,13.621254687121525,3760.0395655989228,0.5513817219776397,-2.4585703721527072,16.867213396743736,-0.05269029994231087
20191080072,1993,16.506773733648487,3709.849634305562,0.6101332575021972,0.4118982619396858,-281.518848432528,-0.00908992229640159
20211080400,1993,16.514439401764832,4041.6645589131476,0.5563603395007093,-0.0581360683348926,612.7160180520723,-0.0774438440557973
20231080245,1993,16.387670842555032,4066.4904148594596,0.5500513568979228,-0.03898989376440447,369.0905024425117,-0.06991825399676023
20231080248,1993,16.455412213698708,3936.560132059789,0.5395482732332244,0.13167271176398643,285.15872512998294,-0.045831444188481174
20231080256,1993,16.199439042614777,3805.0977012640524,0.5530675178659071,0.1196139833405426,61.92534906187308,-0.051004504054043345
20191080072,1994,15.216392495962934,4778.902589532009,0.5094334044298086,-0.8784829757458656,787.5341067939177,-0.10978977536879025
20211080400,1994,15.76772919115814,3855.0474135626837,0.5115163260680278,-0.8048462789415858,426.09887270160834,-0.12228785748847881
20231080245,1994,15.644585327782782,4404.86320211917,0.5004358569786244,-0.7820754085366547,707.4632897022217,-0.11953375391605871
20231080248,1994,15.642462051778637,4314.704218362717,0.48190598233001586,-0.6812774501560845,663.3028114329113,-0.10347373509168972
20231080256,1994,15.075286329833803,4395.824894699017,0.467186045478703,-1.004538729440429,652.6525424968376,-0.1368859764412475
20191080072,1995,17.363540919917988,2911.8508230143366,0.7725241264738979,1.2686654482091837,-1079.517659723754,0.15330094667529912
20211080400,1995,17.798880831400595,2658.510892550222,0.7619894442504072,1.22630536130087,-770.4376483108535,0.12818526069390057
20231080245,1995,17.739544934517408,2586.0785689543054,0.7703994320020964,1.3128841981979695,-1111.3213434626423,0.15042982110741326
20231080248,1995,17.730542686020158,2302.660568515531,0.7690192791369377,1.4068031840854367,-1348.740838414275,0.1836395617152321
20231080256,1995,17.339987621647417,2896.768117032203,0.7479676027606441,1.2601625623731825,-846.4042351699757,0.14389558084069362
20191080072,1996,16.3403920886433,4525.522539478934,0.6357660731853999,0.24551661693449667,534.1540567408432,0.01654289338680106
20211080400,1996,16.614911983324134,2904.762631694993,0.621290805727827,0.042336513224409345,-524.1859091660822,-0.012513377828679562
20231080245,1996,16.54314883452689,3928.7750308159652,0.6154813750238066,0.11648809820744943,231.37511839901842,-0.004488235870876394
20231080248,1996,16.449028158878946,3918.983722518405,0.5871568009802246,0.12528865694422464,267.58231558859916,0.0017770835585190214
20231080256,1996,16.271898937628986,4082.4367032203736,0.6094466177180984,0.1920738783547555,339.2643510181945,0.00537459579814783
20191080072,1997,15.469639480188071,3734.3833519586783,0.5864482285749366,-0.6252359915207302,-256.98513077941226,-0.03277495122366217
20211080400,1997,16.202362999017737,3642.3710019436016,0.617238951135889,-0.37021247108198807,213.4224610825263,-0.01656523242061758
20231080245,1997,15.951993485346012,3424.039438838974,0.5978698494153722,-0.47466725097342594,-273.36047357797327,-0.022099761479310663
20231080248,1997,15.863476351033114,3612.0281185131803,0.5834441497887031,-0.4602631509016071,-39.373288416625655,-0.0019355676330025107
20231080256,1997,15.560286909117846,3733.5970469611534,0.5647953796695193,-0.5195381501563862,-9.57530524102609,-0.03927664225043132
20191080072,1998,16.07409857815099,3268.8101035336667,0.5982414948708528,-0.02077689355781105,-722.5583792044238,-0.02098168492774599
20211080400,1998,16.75537210132768,2612.317106140388,0.6343745096402995,0.18279663122795498,-816.6314347206871,0.0005703260837929269
20231080245,1998,16.479177148014426,3333.1486331293177,0.5985374650516428,0.05251641169499244,-364.2512792876294,-0.021432145843040137
20231080248,1998,16.14226245741918,3640.1945067696106,0.5320688290443685,-0.18147704451554247,-11.206900160195346,-0.05331088837733711
20231080256,1998,16.308918759773036,3085.503632901111,0.6098145779923825,0.22909370049880298,-657.6687193010679,0.005742556072431897
20191080072,1999,16.694698650052104,5140.243679046601,0.6404030521038323,0.5998231783433062,1148.87519630851,0.021179872305233598
20211080400,1999,17.202157247239313,4834.977804351567,0.6242717479683115,0.6295817771395882,1406.0292634904918,-0.009532435588195054
20231080245,1999,17.075782728820844,4819.594334793506,0.6246675246117509,0.649121992501407,1122.1944223765577,0.004697913717067858
20231080248,1999,17.02645560831263,4146.0843353010405,0.6006703493995609,0.7027161063779097,494.68292837123454,0.015290631977855296
20231080256,1999,16.631740845786315,4646.32011756967,0.5943365254816334,0.5519157865120811,903.1477653674921,-0.009735496438317212
20191080072,2000,14.627660502360737,3266.1278640079386,0.5317943505329723,-1.4672149693480634,-725.2406187301516,-0.08742882926562659
20211080400,2000,14.90257037757101,3254.2446180073484,0.5208968756304334,-1.670005092528715,-174.7039228537269,-0.11290730792607317
20231080245,2000,14.811367476549774,3241.8664496819397,0.5113609168379984,-1.6152932597696612,-455.53346273500733,-0.1086086940566845
20231080248,2000,14.724233612115881,2965.31235322486,0.4699532803366387,-1.5995058898188397,-686.0890537049459,-0.11542643708506689
20231080256,2000,14.50394150570172,3098.6450067317255,0.512647428423009,-1.5758835535725124,-644.5273454704537,-0.09142459349694153
20191080072,2001,16.461712961019213,3294.6375487610735,0.6444539261915205,0.36683748931041393,-696.7309339770171,0.025230746392921718
20211080400,2001,17.079908507803225,2457.9270453231175,0.717751091550746,0.5073330377034999,-971.0214955379579,0.08394690799423943
20231080245,2001,16.88427381587474,2902.2113690307374,0.7041993520678759,0.4576130795553034,-795.1885433862103,0.08422974117319287
20231080248,2001,16.595177027108036,2901.661703273817,0.6344326566790207,0.2714375251733152,-749.7397036559892,0.04905293925731513
20231080256,2001,16.468481350385417,3072.365114722267,0.6479012711954392,0.38865629111118544,-670.8072374799118,0.04382924927548851
20191080072,2002,15.981868390069533,3794.674794095309,0.6602891422648965,-0.11300708163926851,-196.69368864278147,0.04106596246629774
20211080400,2002,16.67510304105457,3488.972972265717,0.6834848458407055,0.10252757095484455,60.024431404641746,0.04968066228419887
20231080245,2002,16.36749757276518,3363.9701555935612,0.6484500439349726,-0.059163163554255396,-333.42975682338624,0.028480433040289542
20231080248,2002,16.25276187399163,3485.9620361843076,0.6237608592427445,-0.07097762794309048,-165.4393707454983,0.03838114182103891
20231080256,2002,16.119342513730846,2938.8151749489193,0.6569194811253662,0.03951745445661264,-804.3571772532598,0.052847459205415837
20191080072,2003,15.91684522964447,4580.274586982144,0.6012279770757593,-0.1780302420643314,588.9061042440541,-0.01799520272283961
20211080400,2003,16.347643000837706,4911.409017181473,0.598156544802049,-0.2249324692620185,1482.460476320398,-0.035647638754457533
20231080245,2003,16.202051834863468,5386.677937315544,0.5743359013902549,-0.22460890145596932,1689.2780248985955,-0.04563370950442802
20231080248,2003,16.190577429619395,4803.3792968080215,0.5486236362995253,-0.13316207231532573,1151.9778898782156,-0.03675608112218032
20231080256,2003,15.758298906216474,4634.911399009847,0.5652597335538584,-0.32152615305775717,891.739046807669,-0.03881228836609222
20191080072,2004,14.586925691995596,4383.963328879664,0.5125384003656869,-1.5079497797132058,392.59484614157316,-0.10668477943291188
20211080400,2004,15.025586099209988,4058.9677256535383,0.5390547753837011,-1.5469893708897366,630.019184792463,-0.09474940817280553
20231080245,2004,14.903589279088793,4142.74609854765,0.5194709844628558,-1.5230714572306439,445.3461861307033,-0.10049862643182733
20231080248,2004,14.792826319431924,3708.4454021419974,0.47530592058784604,-1.5309131825027968,57.043995212191476,-0.11007379683385954
20231080256,2004,14.474014617327477,4747.5071092897815,0.487807922710764,-1.6058104419467534,1004.3347570876028,-0.11626409920918648
20191080072,2005,17.994391392970453,2761.7626700552114,0.7865852339372295,1.8995159212616528,-1229.605812682879,0.16736205413863067
20211080400,2005,18.742818720444404,2358.787059790767,0.8285707535202247,2.1702432503446794,-1070.1614810703081,0.1947665699637181
20231080245,2005,18.541283774983192,2646.450978143018,0.8024761646207488,2.1146230386637543,-1050.9489342739296,0.18250655372606583
20231080248,2005,18.239603317647777,3225.488477393366,0.7255093577466384,1.915863815713056,-425.91292953644006,0.1401296403249328
20231080256,2005,18.20785317693109,2863.1245836486078,0.7965538943642955,2.1280281176568567,-880.0477685535711,0.19248187244434492
20191080072,2006,16.49345803349658,3007.3684967625186,0.6860468806549411,0.39858256178777873,-983.9999859755719,0.06682370085634226
20211080400,2006,16.85814440630486,3291.835128439786,0.7062526356565862,0.28556893620513435,-137.11341242128947,0.07244845210007966
20231080245,2006,16.748514148393873,3256.094267828674,0.6889277817648849,0.3218534120744339,-441.30564458827376,0.0689581708702018
20231080248,2006,16.592009895435297,3852.3726185022015,0.6123669617110146,0.26827039350057547,200.97121157239553,0.026987244289308987
20231080256,2006,16.386325959130673,3533.408439828278,0.6780442334982077,0.3065008998564412,-209.7639123739003,0.0739722115782572
20191080072,2007,15.70449771703403,4209.751667094764,0.6525709700099045,-0.39037775467477037,218.3831843566749,0.03334779021130565
20211080400,2007,16.284754461481953,3672.56185952489,0.6355759368549094,-0.2878210086177724,243.61331866381488,0.001771753298402845
20231080245,2007,16.161847704064755,4000.4527524292525,0.6427689872414518,-0.26481303225468195,303.0528400123047,0.022799376346768773
20231080248,2007,16.020587228692136,3633.8811123735154,0.6030960931219435,-0.30315227324258487,-17.520294556290537,0.017716375700237874
20231080256,2007,15.802085259848454,3695.221324239428,0.6474302084339567,-0.27773979942577826,-47.951027962750835,0.04335818651400617
20191080072,2008,15.89990702524445,4184.388352147638,0.4600964844850149,-0.19496844646434833,193.01986940954836,-0.15912669531358387
20211080400,2008,16.13490112138834,4711.587404395256,0.4631705447084233,-0.43767434871138633,1282.638863534181,-0.1706336388480833
20231080245,2008,16.04224682308967,4906.893041016298,0.44989463999543927,-0.38441391322976914,1209.4931285993507,-0.1700749708992436
20231080248,2008,15.972885510541403,3883.5493685033066,0.42650260652236055,-0.3508539913933184,232.14796157350065,-0.15887711089934503
20231080256,2008,15.752729298742212,5030.910820040713,0.42897458434745533,-0.3270957605320195,1287.7384678385336,-0.17509743757249518
20191080072,2009,15.439826202392613,4068.700574794795,0.5437124179777105,-0.6550492693161885,77.33209205670423,-0.07551076182088828
20211080400,2009,15.716965528847538,3878.380247056494,0.5372250514963767,-0.8556099412521867,449.4317061954189,-0.09657913206012991
20231080245,2009,15.529505794987422,4583.869182147404,0.5151179954646168,-0.8971549413320163,886.4692697304567,-0.10485161543006614
20231080248,2009,15.310773025733852,4576.385656036447,0.46797448200944364,-1.0129664762008694,924.9842491066406,-0.11740523541226194
20231080256,2009,15.393582655977776,3935.4138095535245,0.5255376537496387,-0.686242403296458,192.2414573513453,-0.07853436817031187
20191080072,2010,16.54136537745382,3680.189211921346,0.6715459478521819,0.44648990574501785,-311.1792708167451,0.05232276805358305
20211080400,2010,17.332011297474764,2381.8765121930987,0.7272018315548298,0.7594358273750395,-1047.0720286679766,0.09339764799832317
20231080245,2010,17.12224727830497,2750.781759205858,0.7037374725376296,0.6955865419855369,-946.6181532110893,0.08376786164294667
20231080248,2010,16.900394555796765,2438.097774744943,0.6604060698117523,0.5766550538620443,-1213.303632184863,0.07502635239004674
20231080256,2010,16.742916940520544,2707.8756375615967,0.679779980029676,0.6630918812463108,-1035.2967146405824,0.07570795810972544
20191080072,2011,16.58544389712887,4078.3759589744986,0.626826336179027,0.49056842542006496,87.00747623640771,0.0076031563804283405
20211080400,2011,17.222577446094476,3566.6258095935495,0.6902140849584045,0.6500019759947513,137.6772687324742,0.056409901401897944
20231080245,2011,17.004781894407444,3976.3073641796864,0.6505569902023212,0.5781211580880067,278.90745176273816,0.030587379307638263
20231080248,2011,16.773398501631164,3967.1673759058626,0.5889573676821768,0.4496589996964424,315.7659689760567,0.003577650260471188
20231080256,2011,16.64142962068385,3445.7863170273254,0.6525557650227076,0.5616045614096211,-297.3860351748534,0.04848374310275714
20191080072,2012,16.872624168632967,3792.099667170068,0.680030332631613,0.7777486969241688,-199.2688155680224,0.0608071528330142
20211080400,2012,17.55586704862293,2550.438611018986,0.7505523233220011,0.9832915785232039,-878.5099298420892,0.11674813976549447
20231080245,2012,17.451848314090828,2902.6204751718965,0.7480654644921182,1.025187577771391,-794.779437245051,0.12809585359743528
20231080248,2012,17.386437877710364,2622.565673846335,0.7283009391633719,1.0626983757756427,-1028.835733083471,0.14292122174166633
20231080256,2012,17.056724844239444,3094.5748350121276,0.7144814079444888,0.9768997849652132,-648.5975171900521,0.11040938602453826
20191080072,2013,15.787776724102612,3766.4658306533706,0.6048303086457304,-0.3070987476061889,-224.9026520847197,-0.014392871152868525
20211080400,2013,16.20793595383134,3241.996336924707,0.579482313718263,-0.36463951626838664,-186.95220393636828,-0.05432186983824361
20231080245,2013,16.08723132977734,3445.624744225504,0.5850828581446299,-0.3394294065420939,-251.7751681914433,-0.034886752750053034
20231080248,2013,16.033978681979022,3292.227905440008,0.5637525522302318,-0.28976081995569913,-359.1735014897981,-0.021627165191473785
20231080256,2013,15.704047489117356,3647.8129549399227,0.5620143473194211,-0.375777570156877,-95.35939726225675,-0.042057674600529435
20191080072,2014,16.333225552339748,3879.4836263401476,0.617168256768139,0.23835008063094948,-111.88485639794315,-0.0020549230304597755
20211080400,2014,16.186396631987236,4017.3422421624387,0.575603036782035,-0.3861788381124889,588.3937013013633,-0.058201146774471635
20231080245,2014,16.248259832380413,3944.761093323804,0.5866304974830077,-0.17840090393902283,247.36118090685574,-0.03333911341167519
20231080248,2014,16.164193103624427,3907.66532973549,0.542397064354345,-0.15954639831029382,256.26392280568416,-0.0429826530673606
20231080256,2014,16.152154461145283,3571.108969923137,0.5865579812711685,0.07232940187105173,-172.0633822790422,-0.017514040648782078
20191080072,2015,15.704906288684038,5163.89980502711,0.534034002798269,-0.38996918302476286,1172.53132228902,-0.08518917700032987
20211080400,2015,16.107764995961986,2958.708001995376,0.5405322044019458,-0.4648104741377388,-470.24053886569936,-0.09327197915456076
20231080245,2015,15.947231642805948,3361.254519722666,0.5266863920107198,-0.4794290935134895,-336.14539269428116,-0.09328321888396318
20231080248,2015,15.924068636134052,4160.610086979261,0.5085238093767677,-0.3996708658006689,509.20868004945487,-0.07685590804493792
20231080256,2015,15.624764261567433,3567.865203409068,0.5052210497005867,-0.45506079770679925,-175.30714879311117,-0.09885097221936393
20191080072,2016,16.10449829259524,4301.06727079515,0.5909363725998087,0.00962282088643478,309.6987880570591,-0.028286807198790162
20211080400,2016,16.76965025749763,3296.6419326250575,0.634714678252214,0.19707478739790574,-132.30660823601784,0.0009104946957073645
20231080245,2016,16.523130789768974,3580.777178800515,0.6065308924560094,0.09647005344953853,-116.62273361643298,-0.013438718438673527
20231080248,2016,16.377579874232197,3573.2403302674315,0.5766871614236442,0.053840372297475625,-78.1610766623744,-0.008692555998061402
20231080256,2016,16.107114239162243,4635.074907095589,0.5680088429834519,0.027289179888011307,891.9025548934104,-0.03606317893649865
20191080072,2017,15.095893417382106,3879.3481089944125,0.582102278822207,-0.9989820543266913,-112.02037374367798,-0.03712090097639171
20211080400,2017,15.611472432509743,3330.0225337938373,0.5772310680831675,-0.9611030375899823,-98.92600706723806,-0.0565731154733391
20231080245,2017,15.405264573513946,3546.9012548930746,0.557682207447304,-1.0213961628054888,-150.49865752387356,-0.06228740344737891
20231080248,2017,15.38558662663337,3482.5828535453384,0.5212324650290637,-0.9381528753013519,-168.81855338446758,-0.06414725239264185
20231080256,2017,14.99375060678248,4177.974355702522,0.5564277645785922,-1.0860744524917518,434.80200350034306,-0.04764425734135835
20191080072,2018,17.501108726359348,4384.445577394868,0.7252300104319119,1.4062332546505483,393.0770946567783,0.10600683063331297
20211080400,2018,18.04189928580024,3661.769102893622,0.7298176792819628,1.4693238157005162,232.8205620325466,0.09601349572545625
20231080245,2018,17.99973904094693,4271.744204931563,0.7430814156943238,1.5730783046274972,574.3442925146156,0.1231118047996408
20231080248,2018,17.70764688685324,5630.764971121998,0.6583841372153109,1.383907384918519,1979.3635641921924,0.07300441979360528
20231080256,2018,17.517239877158488,3960.439960214203,0.7092111043529663,1.4374148178842572,217.26760801202408,0.10513908243301577
20191080072,2019,15.978493988045026,5180.518667346644,0.6229799121002974,-0.11638148366377292,1189.1501846085537,0.0037567323016986245
20211080400,2019,16.581114007424617,3674.47671940149,0.6501881723832273,0.008538537324891848,245.5281785404145,0.016383988826720763
20231080245,2019,16.43391941371685,3869.816464102678,0.6412542893329528,0.007258677397413395,172.41655168573033,0.021284678438269783
20231080248,2019,16.541625145898365,3011.5006975230685,0.6644429221281046,0.21788564396364407,-639.9007094067374,0.07906320470639905
20231080256,2019,15.967718569939159,4388.904647668684,0.5986436255398138,-0.11210648933507295,645.7322954665059,-0.005428396380136822
20191080072,2020,17.450886987603237,4829.111014933362,0.6903469808223633,1.3560115158944348,837.7425321952711,0.07112380102376453
20211080400,2020,17.685730144943022,2738.828851696539,0.6876157343276089,1.1131546748432974,-690.1196891645363,0.053811550771102334
20231080245,2020,17.562289124469153,3332.0248971165006,0.6742102218591955,1.135628388149721,-365.3750153004468,0.05424061096451252
20231080248,2020,17.367229239145956,4394.784076925802,0.6170648193948688,1.0434897372112353,743.3826699959959,0.03168510197316321
20231080256,2020,17.305654285375144,4166.872180235339,0.6437220455730885,1.2258292261009123,423.69982803316054,0.03965002365313796
20191080072,2021,17.358002287704785,4150.329364981738,0.6768375712064824,1.2631268159959836,158.96088224364658,0.057614391407883554
20211080400,2021,17.734813509125672,3140.409077323941,0.6695646111375358,1.1622380390259472,-288.53946353713445,0.035760427581029264
20231080245,2021,17.699968590240385,3183.9588926545293,0.6704030787897255,1.273307853920949,-513.4410197624184,0.05043346789504246
20231080248,2021,17.7052167657493,3625.336651496557,0.644912465115562,1.3814772638145776,-26.064755433249047,0.059532747693856414
20231080256,2021,17.265659574907687,3377.202717962288,0.6606228092393718,1.1858345156334538,-365.96963423989064,0.0565507873194211
20191080072,2022,16.295415009129385,4543.406276077761,0.5657671216857967,0.2005395374205857,552.0377933396704,-0.05345605811280208
20211080400,2022,16.72951166733452,3683.6640713325933,0.5644261168911212,0.15693619723479557,254.71553047151792,-0.06937806666538537
20231080245,2022,16.543110069845447,4067.290433872907,0.5499621544300799,0.11644933352600835,369.89052145595855,-0.07000745646460295
20231080248,2022,16.463278084907017,3701.2559650055364,0.5279219479771253,0.13953858297229615,49.85455807573044,-0.05745776944458025
20231080256,2022,16.148496769715173,4460.834507195985,0.5128043981376514,0.06867171044094043,717.6621549938051,-0.09126762378229918
20191080072,2023,17.44363121324938,3577.321532273492,0.6916147873161999,1.3487557415405813,-414.0469504645987,0.072391607517601
20211080400,2023,17.49542876810267,3078.22838336957,0.7081476244920818,0.9228532980029449,-350.72015749150523,0.07434344093557521
20231080245,2023,17.469701012975413,3768.583090623634,0.6912002414501469,1.0430402766559799,71.1831782066864,0.07123063055546389
20231080248,2023,17.200642231927418,5188.219944990998,0.6021172803689282,0.8769027299926968,1536.8185380611917,0.016737562947222617
20231080256,2023,17.536352311976255,2906.484609497818,0.7492750979683939,1.456527252702024,-836.6877427043613,0.1452030760484432
20191080072,2024,17.79979755409513,4429.746914135626,0.6761410736848665,1.7049220823863303,438.3784313975346,0.05691789388626774
20211080400,2024,17.767494621829712,4590.434999164792,0.6402137503093888,1.1949191517299873,1161.486458303717,0.006409566752882179
20231080245,2024,17.677026267739095,3840.261199603466,0.6265801132619289,1.2503655314196547,142.86128718651875,0.006610502367245899
20231080248,2024,17.613722295346463,3848.629103001805,0.5951518305584204,1.2899827934117418,197.22769607199916,0.009772113136714777
20231080256,2024,17.60277383923457,3831.4928017663856,0.6416422811671938,1.5229487799603334,88.32044956420691,0.03757025924724332
20191080072,2025,16.501581369917357,5028.826767399592,0.6153530684674683,0.40670589820855757,1037.4582846615017,-0.0038701113311305703
20211080400,2025,17.070378233038866,3795.0837604772864,0.6281258208376205,0.4978027629391413,366.1352196162111,-0.00567836271888611
20231080245,2025,16.910753472008196,4379.3552703168725,0.6124110131193983,0.484092735688759,681.955357899925,-0.0075585977752846475
20231080248,2025,16.909048161990427,4340.661184124333,0.5874236718794994,0.5853086600557056,689.259777194527,0.0020439544577938173
20231080256,2025,16.497523580032322,4533.576878961882,0.5897943330851141,0.41769852075809155,790.4045267597033,-0.014277688834836369
20231080274,1984,15.668677774376087,4042.860295562408,0.5030361706559754,-0.2884706184005728,76.32337092284423,-0.09117203589647965
20231080297,1984,16.346979151533276,3610.7366531703915,0.5075591579856592,-0.4708126747330402,-17.880779939289337,-0.11501221607995339
20231080314,1984,15.44457628496069,3882.8882350753365,0.4767142442848214,-0.3163230925920369,22.79078024759136,-0.09912115547626534
20231080344,1984,15.75675886172818,3899.8958434245196,0.49887499152866804,-0.3732032037696649,161.84153406520696,-0.10976761757500537
20231080370,1984,15.826564079694494,4122.044684905145,0.5309797934687732,-0.2807600251572307,120.04366913890901,-0.08839975349991712
20231080274,1985,14.422017266169503,4704.418437907378,0.5074120594312471,-1.5351311266071623,737.881513267813,-0.0867961471212081
20231080297,1985,15.224532522794785,3927.2445811655393,0.5284473369187294,-1.5932593034715317,298.62714805585824,-0.09412403714688332
20231080314,1985,14.244645744091011,4139.495396396957,0.4885666924839009,-1.5162536334617094,279.3979415692119,-0.08726870727718598
20231080344,1985,14.574530745557583,4505.208384813127,0.5145358974474249,-1.5554313199402632,767.1540754538139,-0.09410671165624845
20231080370,1985,14.565180223608465,4890.531525775066,0.531275825219106,-1.5421438812432617,888.5305100088301,-0.08810372174958427
20231080274,1986,13.564195290313563,3245.499096249357,0.522761508483589,-2.392953102463099,-721.037828390205,-0.0714466980688661
20231080297,1986,14.684080030571465,3245.3449873164136,0.5411745469121049,-2.133711795694851,-383.27244579326646,-0.08139682715350786
20231080314,1986,13.427303381651459,3522.6120620234656,0.5160176811941425,-2.333595995901268,-337.4853928042794,-0.05981771856694413
20231080344,1986,13.890432014915003,3085.810607973991,0.5448687441814476,-2.2395300505828435,-652.2437013853221,-0.06377386492222557
20231080370,1986,13.669764585365565,3213.024465629352,0.5381657693124727,-2.4375595194861606,-788.9765501368836,-0.08121377765621758
20231080274,1987,15.620286771479162,3618.2078718936386,0.5597949826430139,-0.33686162129750197,-348.32905274592486,-0.03441322390944108
20231080297,1987,16.629149635718825,4544.313535178219,0.5624360508882881,-0.18864219054749154,915.6961020685395,-0.060135323177324604
20231080314,1987,15.441553821747029,4049.522208234481,0.5372870941109332,-0.31934555580569357,189.42475340673414,-0.03854830565015341
20231080344,1987,15.895406243930708,4054.52698374484,0.5697334058791512,-0.23455582156713642,316.4726743855278,-0.03890920322452208
20231080370,1987,15.741080555982766,3603.722928776527,0.5822563523524164,-0.36624354886895977,-398.27808698970813,-0.03712319461627407
20231080274,1988,15.326416232488702,4788.574557323423,0.5495576410545764,-0.6307321602879623,822.0376326838589,-0.0446505654978789
20231080297,1988,16.445148933836613,4546.790201807736,0.6105649250566787,-0.372642892429706,918.1727686980554,-0.012006449008933955
20231080314,1988,14.931174256687571,4793.622960976483,0.5088876230282376,-0.8297251208651577,933.5255061487368,-0.0669477767328492
20231080344,1988,15.466259010155916,5186.66054456068,0.5516647859523677,-0.6637030553419285,1448.6062352013676,-0.05697782315130548
20231080370,1988,15.495227040097141,4839.376124364333,0.5763728708770035,-0.6120970647545838,837.3751085980969,-0.04300667609168678
20231080274,1989,15.740904784352082,3552.9460875519585,0.6155707178917267,-0.2162436084245816,-413.59083708760426,0.02136251133927151
20231080297,1989,16.553626057708623,2760.962072993263,0.6332109717809051,-0.26416576855769436,-867.6553601164175,0.010639597715292555
20231080314,1989,15.385263616592036,2933.0618089391887,0.5757160825908907,-0.37563576096069307,-927.035645888557,-0.00011931717019618505
20231080344,1989,15.816108009380622,3485.509914852097,0.618103489264913,-0.3138540561172198,-252.5443945072162,0.00946088016123957
20231080370,1989,15.915153211677465,3696.0770898539545,0.6428098318345068,-0.19217089317426078,-305.92392591228116,0.023430284865816428
20231080274,1990,15.939314086052205,3603.350955767004,0.5895920783523528,-0.01783430672446127,-363.18596887256007,-0.004616128200102193
20231080297,1990,16.539759107838783,3291.288727186812,0.568033711758409,-0.27803271842753374,-337.32870592286815,-0.05453766230720375
20231080314,1990,15.608505127209323,3545.9972832195913,0.5525415533254218,-0.15239425034340345,-314.1001716081552,-0.023293846435664855
20231080344,1990,16.025917160985717,3197.431295347692,0.5818828034459208,-0.10404490451212861,-540.6230140116204,-0.02675980565775264
20231080370,1990,16.09435928878717,3660.6593045872105,0.6143199386026307,-0.012964816064554036,-341.3417111790248,-0.005059608366059693
20231080274,1991,16.312263298077802,3217.531246717583,0.6460746476217805,0.3551149053011372,-749.005677921981,0.05186644106932523
20231080297,1991,17.479481329855954,3528.3947280261054,0.7389153544802322,0.6616895035896345,-100.22270508357532,0.11634398041461941
20231080314,1991,16.332692531723374,2778.3969031642964,0.6645998500223439,0.571793154170655,-1081.7005516634488,0.08876445026125712
20231080344,1991,16.665670854514858,2883.534110978124,0.6887504320472504,0.535708789017015,-854.5201983811887,0.08010782294357702
20231080370,1991,16.44887633785483,3207.7340919484263,0.6692591580848873,0.3415522330031045,-794.2669238178088,0.049879611116197084
20231080274,1992,13.542888085017744,3981.608025353168,0.509759793363265,-2.4142603077589193,15.071100713604496,-0.08444841318919008
20231080297,1992,14.340669737545488,4002.0776242965367,0.5385362904632406,-2.4771220887208303,373.4601911868563,-0.084035083602372
20231080314,1992,13.30213738278797,3679.188348284941,0.525722919724663,-2.4587619947647528,-180.90910654280523,-0.05011248003642369
20231080344,1992,13.69142587093165,3880.0475168061434,0.5353036275222662,-2.438536194566198,141.9932074468308,-0.073338981581407
20231080370,1992,13.684307989362285,3994.7902177060582,0.5272831709401008,-2.4230161154894403,-7.210798060177507,-0.09209637602858943
20231080274,1993,16.356303034276106,3688.5148765546487,0.5842070268891973,0.39915464149944385,-278.02204808491445,-0.010001179663257784
20231080297,1993,16.77242704197334,3987.9360842286687,0.5528804008225628,-0.045364784292975684,359.3186511189879,-0.06969097324304979
20231080314,1993,15.970582081431623,3780.2444779714897,0.540992265073227,0.20968270387890034,-79.8529768562559,-0.03484313468785982
20231080344,1993,16.26276996314014,3809.098112988127,0.563730808870807,0.1328078976422914,71.04380362881398,-0.04491180023286644
20231080370,1993,16.523387756615335,3711.7138494406927,0.6104074686854648,0.4160636517636102,-290.2871663255424,-0.008972078283225462
20231080274,1994,15.066693291725693,4752.3911384750145,0.4832972755425412,-0.8904551010509705,785.8542138354507,-0.11091093100991387
20231080297,1994,16.10686778098848,4481.983605474252,0.5085397144267131,-0.7109240452778371,853.3661723645721,-0.11403165963889964
20231080314,1994,14.726207378202744,4705.003504620998,0.4484368748406689,-1.0346919993499766,844.9060497932531,-0.12739852492041787
20231080344,1994,15.25854288440019,4551.433128144481,0.4845107783432599,-0.8714191810976564,813.3788187851684,-0.12413183076041359
20231080370,1994,15.223874469600908,4787.849280821374,0.5097992442373982,-0.8834496352508185,785.8482650551391,-0.10958030273129213
20231080274,1995,17.220914860910487,2941.194160931509,0.7442387287625024,1.263766468133825,-1025.3427637080551,0.15003052221004715
20231080297,1995,18.109928888631234,2619.6209137740216,0.7679673283933671,1.2921370623649175,-1008.9965193356592,0.14539595432775432
20231080314,1995,17.015431204482798,3292.0403116445027,0.7187346538721577,1.254531826930077,-568.0571431832427,0.14289925411107093
20231080344,1995,17.45842366381414,2558.016501747939,0.7703296438375473,1.3284615983162982,-1180.0378076113743,0.16168703473387394
20231080370,1995,17.375209513537687,2929.720618305533,0.7729257740966372,1.2678854086859621,-1072.2803974607023,0.15354622712794683
20231080274,1996,16.194889467557022,4638.3717799095675,0.6098355567240958,0.23774107478035586,671.8348552700053,0.01562735017164088
20231080297,1996,16.874982352203922,3516.2546653668087,0.6093192242518681,0.05719052593760468,-112.36276774287212,-0.013252149813744653
20231080314,1996,15.95675111886019,4389.611683112849,0.5799313670211036,0.19585174130746555,529.5142282851025,0.004095967260016714
20231080344,1996,16.31481415133532,4332.708240136627,0.6122525784610907,0.1848520858374709,594.6539307773131,0.003609969357417373
20231080370,1996,16.355146933995055,4561.370790387947,0.6361493004645012,0.2478228291433276,559.3697746217116,0.01676975349581099
20231080274,1997,15.349622496708841,3646.934631563156,0.5636755245098415,-0.6075258960678257,-319.6022930764076,-0.030532682042613654
20231080297,1997,16.4049733842353,3375.863904795322,0.6190634713211497,-0.41281844203101686,-252.75352831435836,-0.003507902744462896
20231080314,1997,15.222851770454708,3780.571399305516,0.5356667759293207,-0.5380476070980166,-79.52605552223022,-0.040168623831766156
20231080344,1997,15.581536369245224,3620.628355583792,0.5744521625327464,-0.5484256962526163,-117.42595377552126,-0.03419044657092684
20231080370,1997,15.486773418222961,3716.342259207781,0.5875136584138048,-0.6205506866287652,-285.65875655845474,-0.031865888554885494
20231080274,1998,15.981714534058309,3228.2807958442672,0.5785647745932998,0.024566141281643458,-738.2561287952966,-0.01564343195915521
20231080297,1998,16.790695306172307,3258.7835653230004,0.5822731930079349,-0.027096520094010514,-369.8338677866808,-0.040298181057677754
20231080314,1998,16.016509509006152,3207.1310423960513,0.5775669021116271,0.25561013145342865,-652.9664124316945,0.0017315023505403819
20231080344,1998,16.223277321422145,3115.434514928523,0.5982722047749279,0.09331525592429733,-622.6197944307893,-0.010370404328745406
20231080370,1998,16.087969544719844,3235.334681406967,0.5981978032576212,-0.01935456013188369,-766.6663343592683,-0.021181743711069026
20231080274,1999,16.54407409281038,5184.964724502891,0.6094931952527274,0.5869257000337182,1218.4277998633268,0.015284988700272267
20231080297,1999,17.523995968759703,4617.42750826001,0.6310548203949923,0.7062041424933869,988.8100751503291,0.008483446329379531
20231080314,1999,16.293728714461693,4904.8677592285685,0.5670863389037477,0.5328293369089688,1044.7703044008224,-0.008749060857338934
20231080344,1999,16.750047768416675,4515.007489198578,0.617599569428367,0.620085702918827,776.9531798392654,0.008956960324693584
20231080370,1999,16.703342904643087,5166.49217824629,0.6401326922736753,0.5960187997913604,1164.4911624800536,0.020753145304984965
20231080274,2000,14.48326828552842,3219.762560977523,0.5082580350538881,-1.4738801072482446,-746.77436366204,-0.08595017149856701
20231080297,2000,15.243673755818131,2884.063571329639,0.5245395792468764,-1.574118070448185,-744.5538617800416,-0.09803179481873629
20231080314,2000,14.174938965830767,3093.8614072185687,0.48546059449592527,-1.5859604117219563,-766.2360476091774,-0.09037480526516135
20231080344,2000,14.567819161640747,3078.870290853543,0.5098518147019745,-1.5621429038571004,-659.1840185057702,-0.09879079440169877
20231080370,2000,14.641430120663413,3307.968173597774,0.532560644423556,-1.465893984188311,-694.0328421684617,-0.08681890254513439
20231080274,2001,16.32363535098239,3283.793719497019,0.6170332279535843,0.36648695820572547,-682.7432051425436,0.02282502140112924
20231080297,2001,17.302813265201507,2766.901406997707,0.7200183830883734,0.48502143893518984,-861.7160261119739,0.09744700902276072
20231080314,2001,16.131173002607117,3548.3680796590425,0.6112053385662944,0.3702736250543941,-311.72937516870235,0.03536993880520792
20231080344,2001,16.49009813141415,3008.0742872203955,0.651441330480787,0.360136065916302,-729.9800221389168,0.042798721377113776
20231080370,2001,16.474382036264853,3268.4655774320136,0.6436857637453272,0.3670579314131256,-733.5354383342215,0.024306216776636896
20231080274,2002,15.861763230396452,3671.686375864095,0.6359614157034118,-0.09538516238021204,-294.85054877546827,0.041753209150956705
20231080297,2002,16.763674994813464,3500.1191606033008,0.650430572115189,-0.05411683145285081,-128.49827250638003,0.027859198049576223
20231080314,2002,15.775564150107598,3144.6150339448463,0.6280710506825021,0.014664772554872963,-715.4824208828999,0.05223565092141527
20231080344,2002,16.068824428241687,3307.500956137129,0.6427596613813891,-0.061137637256161864,-430.55335322218315,0.034117052277715595
20231080370,2002,15.991302765608685,3806.9262434657403,0.6608826210146722,-0.11602133924303959,-195.07477230049517,0.041503074045981865
20231080274,2003,15.756176203312954,4509.54376778156,0.5731544652402206,-0.20097218946371379,543.0068431419969,-0.02105374131223455
20231080297,2003,16.615727920711336,4993.385507141187,0.5797994532049155,-0.2020639055549831,1364.768074031506,-0.042771920860697143
20231080314,2003,15.469466152369176,4419.695404769465,0.5537025045963412,-0.29143322518354586,559.5979499417194,-0.0221328951647455
20231080344,2003,15.862728236517507,5291.826107592835,0.5643884005651366,-0.2672338289803343,1553.7717982335225,-0.04425420853853668
20231080370,2003,15.927535099892182,4559.240138108893,0.6020221270477961,-0.17978900495954306,557.239122342657,-0.017357419920894134
20231080274,2004,14.425942485356979,4563.7161017053595,0.4875971371588841,-1.5312059074196862,597.1791770657954,-0.10661106939357094
20231080297,2004,15.316839093533233,3736.2872599666816,0.5240173610584216,-1.500952732733087,107.66982685700154,-0.09855401300719124
20231080314,2004,14.144658904923583,4907.737137315432,0.46384904604892746,-1.6162404726291406,1047.6396824876858,-0.11198635371215923
20231080344,2004,14.566644020444269,4184.791009792348,0.4989520695908148,-1.5633180450535793,446.7367004330351,-0.10969053951285858
20231080370,2004,14.60105235613381,4381.434956874798,0.5128872301441973,-1.5062717487179171,379.43394110856315,-0.10649231682449298
20231080274,2005,17.87605578836564,2817.2428073542765,0.7618615293169357,1.9189073955889804,-1149.2941172852877,0.16765332276448053
20231080297,2005,18.958208593271337,2446.1030741181207,0.8117257729032799,2.140416767005022,-1182.5143589915597,0.18915439883766716
20231080314,2005,17.90127695820608,2823.002840835365,0.7780611585324075,2.1403775806533543,-1037.0946139923813,0.20222575877132073
20231080344,2005,18.18122031806345,2775.3182762326687,0.7856787001549321,2.0512582525656007,-962.736033126644,0.17703609105125886
20231080370,2005,18.00495529519245,2769.5379199321505,0.7869866589191451,1.8976311903407233,-1232.463095834085,0.1676071119504548
20231080274,2006,16.33995551270967,2923.1649973867934,0.6604448751930312,0.38280711993300576,-1043.3719272527699,0.06623666864057598
20231080297,2006,17.13109046054585,3506.6107702842846,0.6852407349968644,0.31329863427953003,-122.00666282539589,0.06266936093125175
20231080314,2006,16.059802774509237,3324.8446419766346,0.6408630799919279,0.2989033969565141,-535.2528128511102,0.06502768023084105
20231080344,2006,16.459825993840838,3192.5863891406084,0.6753746737320981,0.32986392834299105,-545.4679202187045,0.06673206462842496
20231080370,2006,16.508153445742103,3003.1673170633144,0.6863171928041595,0.40082934089037653,-998.8336987029207,0.06693764583546917
20231080274,2007,15.580888043467173,4095.1713256085413,0.6307571605221279,-0.37626034930948826,128.6344009689781,0.0365489539696729
20231080297,2007,16.554019101597063,4011.748836214894,0.6343877938212318,-0.2637727246692548,383.13140310521266,0.011816419755619033
20231080314,2007,15.453636922272972,3889.769348853869,0.6111375214159739,-0.3072624552797512,29.671894026122857,0.035302121654887095
20231080344,2007,15.806913611318892,3888.183510722854,0.6431235248789655,-0.32304845417895034,150.1292013635415,0.034480915775292165
20231080370,2007,15.714758875333308,4258.8845234089695,0.6528474109285497,-0.3925652295184186,256.8835076427332,0.033467863959859435
20231080274,2008,15.750364471288687,4420.70638793968,0.43526986481048907,-0.20678392148797906,454.16946330011604,-0.158938341741966
20231080297,2008,16.380950562032723,4692.4593174098045,0.45306135686060656,-0.43684126423359576,1063.841884300124,-0.16951001720500616
20231080314,2008,15.485652900896502,5102.829588076569,0.4078595905319717,-0.2752464766562177,1242.7321332488243,-0.16797580922911506
20231080344,2008,15.806415243221503,4963.286717986097,0.436962024862309,-0.3235468222763466,1225.2324086267843,-0.17168058424136437
20231080370,2008,15.91493171001268,4188.397132665032,0.46063086027949596,-0.192392394839045,186.39611689879672,-0.15874868668919437
20231080274,2009,15.31908734779085,4128.878255243379,0.5215354138432645,-0.6380610449858146,162.3413306038161,-0.0726727927091905
20231080297,2009,15.867792334903426,4719.548894290609,0.5122937984114231,-0.9499994913628914,1090.9314611809277,-0.11027757565418958
20231080314,2009,15.145100945688078,4002.5597792355898,0.5027848660040072,-0.615798431864649,142.46232440784513,-0.07305053375707961
20231080344,2009,15.372162239226329,4215.310225356801,0.5260390201767827,-0.7577998262715192,477.2559159974873,-0.08260358892689053
20231080370,2009,15.459363120644875,4032.4767966107347,0.5446906602741174,-0.6479609842068512,30.47578084449911,-0.07468888669457299
20231080274,2010,16.4248857224882,3750.103559028016,0.6470977324179197,0.4677373297115339,-216.4333656115486,0.05288952586546465
20231080297,2010,17.497581461766092,2720.030954484456,0.6966558537164984,0.6797896354997766,-908.5864786252247,0.07408447965088562
20231080314,2010,16.360622352685567,3021.3011618133505,0.6318020430635811,0.5997229751328419,-838.7962930143955,0.05596664330249447
20231080344,2010,16.746224494679005,3051.3044306710663,0.6826549463058273,0.616262429181157,-686.749878688246,0.07401233720215403
20231080370,2010,16.553027320670537,3708.7559445440875,0.671406093407995,0.44570321581881456,-293.2450712221481,0.05202654643930461
20231080274,2011,16.45061899863268,3959.593472569847,0.6043646792563949,0.4934706058560178,-6.9434520697160025,0.010156472703939901
20231080297,2011,17.394925268178046,4141.9733349694325,0.6482042655192176,0.5771334419117288,513.3559018597518,0.0256328914536049
20231080314,2011,16.276159944904165,3318.956886928708,0.6192286358442727,0.5152605673514422,-541.1405678990375,0.04339323608318594
20231080344,2011,16.6669422460985,3980.708177975705,0.6332979171735038,0.5369801806006527,242.65386861639183,0.024655308069830333
20231080370,2011,16.597916530295876,4098.481721482205,0.6271651111604947,0.4905924254441513,96.4807057159699,0.0077855641918044005
20231080274,2012,16.75091741363578,3726.9660169983626,0.6598636827007,0.7937690208591135,-239.57090764120053,0.06565547614824468
20231080297,2012,17.88636234893667,2737.9627632434235,0.7675327340157042,1.068570522670353,-890.6546698662568,0.14496135995009155
20231080314,2012,16.68344241632392,3432.737200687602,0.6721088587826839,0.9225430387711895,-427.3602541401431,0.09627345902159735
20231080344,2012,17.074695263676528,2951.972510946091,0.7150935351210921,0.9447331981786865,-786.0817984132223,0.1064509260174189
20231080370,2012,16.87649486182834,3851.7155025260768,0.6778644374339621,0.7691707569766156,-150.285513240159,0.05848489046527174
20231080274,2013,15.64125486002004,3676.2362941947413,0.5791655361869319,-0.31589353275662296,-290.3006304448226,-0.015042670365523154
20231080297,2013,16.486862338331466,3236.138075180929,0.5902126123532083,-0.3309294879348528,-392.47935792875234,-0.032358761712404364
20231080314,2013,15.413096299011867,3864.308296902741,0.5444614202178131,-0.3478030785408556,4.210842074995094,-0.031373979543273506
20231080344,2013,15.79572072226967,3374.4383075456985,0.5797469952792458,-0.334241343228177,-363.61600181361405,-0.028895613824427673
20231080370,2013,15.797981300972706,3788.4536602591093,0.6050528235701957,-0.30934280387901836,-213.54735550712664,-0.01432672339849447
20231080274,2014,16.208314066027373,3849.193616313174,0.5951763308807186,0.25116567325071115,-117.34330832638952,0.0009681243282636651
20231080297,2014,16.51694453914874,3509.3796284198684,0.5786899214959816,-0.30084728711757824,-119.23780468981289,-0.0438814525696311
20231080314,2014,15.927056890384161,3694.094095261522,0.56524289359912,0.1661575128314394,-166.0033595662225,-0.010592506161966669
20231080344,2014,16.19189536902914,3786.7281520940223,0.5935899240708851,0.06193330353129493,48.673842734709964,-0.015052685032788334
20231080370,2014,16.354606686379963,3872.409092914314,0.6181821422364546,0.24728258152823585,-129.59192285192165,-0.0011974047322356783
20231080274,2015,15.55816019988727,4867.228041340124,0.5095457522149955,-0.3989881928893947,900.6911167005602,-0.08466245433745957
20231080297,2015,16.366545715287927,3019.141101601394,0.5363207801931427,-0.45124611097838974,-609.4763315082869,-0.08625059387247007
20231080314,2015,15.347804062469903,3997.2050043298086,0.4826469642427372,-0.41309531508281777,137.10754950206214,-0.09318843551834956
20231080344,2015,15.682448346645904,3773.739116266147,0.5200086558330187,-0.4475137188519426,35.684806906833735,-0.08863395327065468
20231080370,2015,15.719732550925325,5202.3808898935295,0.5343292397232453,-0.38759155392639894,1200.3798741272942,-0.08505030724544496
20231080274,2016,15.95225105004176,4435.234797639438,0.5602815648280377,-0.004897342734902016,468.69787299987416,-0.0339266417244174
20231080297,2016,16.954990382498547,3531.7731761771265,0.6233631099154566,0.1371985562322313,-96.84425693255467,0.0007917358498439392
20231080314,2016,15.723475923287115,4754.426365429373,0.527860178497352,-0.037423454265606476,894.3289106016266,-0.04797522126373472
20231080344,2016,16.177781393498453,3713.563217830805,0.5834570600337017,0.04781932800060793,-24.491091528507642,-0.025185549069971787
20231080370,2016,16.116497465229795,4341.047436163568,0.5910569559962636,0.009173360378066188,339.04642039733295,-0.028322590972426624
20231080274,2017,14.947185849543503,3838.9663103001662,0.5578664444473184,-1.0099625432331631,-127.57061433939788,-0.036341762105136774
20231080297,2017,15.855356796649067,3448.5276773608653,0.5554050103639326,-0.9624350296172482,-180.08975574881532,-0.06716636370167998
20231080314,2017,14.686175498447495,4180.755772240645,0.5345953626100797,-1.074723879105222,320.6583174128978,-0.04124003715100717
20231080344,2017,15.078237891319318,3703.773474472095,0.5605366476129757,-1.051724174178526,-34.2808348872167,-0.04810596149069759
20231080370,2017,15.111136872537525,3890.366960006522,0.5828741117829167,-0.9961872323142027,-111.63405575971349,-0.036505435185773684
20231080274,2018,17.36764554847504,4346.646020665127,0.6980564472313704,1.410497155698375,380.10909602556376,0.10384824067891531
20231080297,2018,18.266983042297365,5199.816281524545,0.7130564639382394,1.4491912160310498,1571.1988484148649,0.09048508987262677
20231080314,2018,17.132720734351327,3970.807855477492,0.667935099659918,1.3718213567986062,110.71040064974508,0.09209969989883138
20231080344,2018,17.648610482499624,4325.831914357484,0.7255829246674053,1.5186484170017736,587.7776049981713,0.11694031556373186
20231080370,2018,17.510157803258423,4347.938296226845,0.7252843718377396,1.4028336984066963,345.937280460609,0.10590482486904923
20231080274,2019,15.813271501916846,5107.354204826412,0.593232199773887,-0.14387689085981997,1140.8172801868475,-0.0009760067785681672
20231080297,2019,16.899683822274444,3426.2501585568484,0.6605782359312888,0.08189199600812697,-202.3672745528324,0.03800686186567615
20231080314,2019,15.60132308477688,4339.430303735843,0.5640637888150102,-0.159576292775841,479.33284890809733,-0.01177161094607648
20231080344,2019,16.089524714144595,4419.206936900306,0.6230357133475872,-0.040437351353252465,681.1526275409938,0.014393104243913924
20231080370,2019,15.983707275658297,5268.321991631267,0.6215133471533698,-0.12361682919343009,1266.3209758650319,0.0021338001846795012
20231080274,2020,17.31344669228983,4525.127726101485,0.6605761785802908,1.3562982995131692,558.5908014619218,0.06636797202783591
20231080297,2020,17.86870719982736,3241.9594438705976,0.6630576312564681,1.0509153735610424,-386.6579892390829,0.04048625719085539
20231080314,2020,17.096940751116918,4454.562010410709,0.6233840491348948,1.336041373564193,594.4645555829635,0.04754864937380814
20231080344,2020,17.357620809924942,3888.707300172368,0.6625009273215055,1.2276587444270972,150.65299081305568,0.05385831821783202
20231080370,2020,17.471710783754634,4802.312230709074,0.691478334722964,1.3643866789029107,800.3112149428388,0.07209878775427364
20231080274,2021,17.210782156126406,4068.9198339230525,0.6485713579168695,1.253633763349739,102.3829092834895,0.054363151364414365
20231080297,2021,18.175814689512443,2644.13756132427,0.6853525213463697,1.358022863246126,-984.4798717854111,0.06278114728075697
20231080314,2021,16.973952455965108,3143.087697606754,0.6402270127604686,1.2130530784123874,-717.0097572209922,0.06439161299938193
20231080344,2021,17.36727398037893,3560.316993184956,0.6573728664012796,1.2373119148810818,-177.73731617435612,0.04873025729760608
20231080370,2021,17.368711106651617,4172.563142319015,0.6770865531455877,1.26138700179989,170.5621265527802,0.05770700617689747
20231080274,2022,16.157422256611298,4484.276795725328,0.5359686601620294,0.2002738638346376,517.7398710857642,-0.05823954639042574
20231080297,2022,16.991186548186217,3610.1869322788584,0.5634695085026561,0.1733947219198994,-18.430500830822165,-0.05910186556295669
20231080314,2022,15.91274448981079,4368.080740709807,0.4935136213741224,0.15184511225806452,507.9832858820618,-0.0823217783869643
20231080344,2022,16.25053639793532,4183.543262441854,0.5343073354310722,0.12057433243747745,445.4889530825406,-0.07433527367260119
20231080370,2022,16.309469098015892,4592.224935368639,0.5663541743477969,0.20214499316416595,590.2239196024034,-0.05302537262089335
20231080274,2023,17.353483800262254,3542.216319280679,0.6773472677002713,1.396335407485594,-424.32060535888513,0.08313906114781602
20231080297,2023,17.74819434341741,4367.283170400862,0.6671736213314285,0.9304025171510951,738.6657372911816,0.044602247265815805
20231080314,2023,17.380993068065987,3023.5052323720215,0.734170782115473,1.6200936905132652,-836.5922224557236,0.15833538235438643
20231080344,2023,17.41557704556204,3545.219747496047,0.7059894779865767,1.285614980064193,-192.83456186326566,0.09734686888290355
20231080370,2023,17.465346046159922,3557.157383714467,0.6929431760305543,1.3580219413081966,-444.8436320517691,0.0735636290618641
20231080274,2024,17.658077684271955,4434.610412265521,0.6448240769837705,1.7009292914952934,468.0734876259572,0.05061587043131543
20231080297,2024,17.965190294053833,3575.7396735083257,0.6205309748794573,1.1473984677875149,-52.87775960135456,-0.002040399186155417
20231080314,2024,17.400932364834585,3757.7246673870295,0.6145107473805034,1.6400329872818642,-102.37278744071716,0.03867534761941662
20231080344,2024,17.62868849345579,3994.4605902037583,0.6423990710029719,1.498726427957945,256.4062808444459,0.03375646189929853
20231080370,2024,17.816731852269736,4396.990376986866,0.6766028795381611,1.7094077474180134,394.9893612206308,0.05722333256947082
20231080274,2025,16.362202015863204,5005.635754710041,0.5879030237670686,0.4050536230865389,1039.0988300704778,-0.006305182785386467
20231080297,2025,17.388369956045445,3662.6977945596254,0.6252809820746558,0.5705781297791253,34.080361449944384,0.0027096080090431253
20231080314,2025,16.112418677448932,5153.9516150329755,0.5470493767726855,0.3515192998962079,1293.8541602052283,-0.028786022988401376
20231080344,2025,16.606368110516442,4470.841748303872,0.6042369803932415,0.4764060450185972,732.7874389445583,-0.004405628710431985
20231080370,2025,16.51056519803,5053.23541723314,0.6155423458662558,0.40324109317827805,1051.234401466904,-0.0038372011024346616
20231080372,1984,15.672059334188315,4204.4440276977075,0.49604037498765696,-0.3310244122564852,361.2418583391937,-0.09252980624947288
20231080373,1984,15.618012700490368,4277.166552717546,0.49734633455682414,-0.3103974863994377,389.7859050671587,-0.0937126566527794
20231080382,1984,15.977296706684006,3887.649892367963,0.5063460009767563,-0.3491641865566632,357.6311618802781,-0.10145074904275538
20231080449,1984,15.718889757968087,4236.849500065844,0.5137575803738783,-0.2819721810440406,270.4395513080726,-0.09024078916622778
20231080481,1984,15.718856671927643,4162.009794645129,0.5055418122919891,-0.30812656451731874,239.0742785521216,-0.09408953711182513
20231080372,1985,14.522403314839272,4825.31486334748,0.5081964108163535,-1.4806804316055269,982.1126939889656,-0.08037377042077637
20231080373,1985,14.444656015895573,4730.677255884022,0.5101680311164164,-1.4837541709942326,843.296608233634,-0.08089096009318705
20231080382,1985,14.761720564216157,4171.644035730519,0.5123809187181141,-1.5647403290245137,641.6253052428343,-0.09541583130139766
20231080449,1985,14.483621879773674,4897.518925948582,0.5187492565605479,-1.5172400592384543,931.108977190812,-0.08524911297955809
20231080481,1985,14.509855700230299,4587.557496493519,0.5150998561942997,-1.517127536214663,664.6219804005117,-0.08453149320951457
20231080372,1986,13.647172345976935,3313.644941128864,0.5127736670343105,-2.3559114004678654,-529.5572282296504,-0.0757965142028193
20231080373,1986,13.55201609529886,3182.2060036638704,0.5146814461063345,-2.3763940915909476,-705.1746439865179,-0.07637754510326909
20231080382,1986,14.131089577305838,3100.84624717619,0.5332683951277897,-2.1953713159348327,-429.17248331149494,-0.07452835489172206
20231080449,1986,13.575410158235275,3239.3935024724187,0.5264826997505416,-2.425451780776856,-727.0164462853518,-0.07751566978956453
20231080481,1986,13.634359075481798,3054.5563676724705,0.5213127775622624,-2.3926241609631624,-868.3791484205365,-0.07831857184155183
20231080372,1987,15.704588508605998,3689.7113964082746,0.5497638477238104,-0.2984952378388011,-153.49077295023974,-0.03880633351331946
20231080373,1987,15.600520101246593,3655.9330594172347,0.5501037134884075,-0.32789008564321287,-231.44758823315348,-0.04095527772119614
20231080382,1987,16.14964404469321,3699.4540607121767,0.5658097751060815,-0.176816848547458,169.4353302244919,-0.04198697491343023
20231080449,1987,15.624243388002174,3580.9954189863474,0.563891149101945,-0.3766185510099541,-385.41452977142313,-0.04010722043816099
20231080481,1987,15.682607753034965,3669.0897447236416,0.5583915949054226,-0.3443754834099965,-253.84577136936585,-0.041239754498391755
20231080372,1988,15.523151949177626,4769.847603965332,0.5602522691653512,-0.4799317972671756,926.6454346068177,-0.028317912071778542
20231080373,1988,15.392898916960114,4784.542519524894,0.5533522102745805,-0.5355112699296939,897.1618718745049,-0.03770678093502321
20231080382,1988,15.905351502727033,4845.178542306394,0.5827906864224286,-0.4211093905136367,1315.1598118187098,-0.025006063597083097
20231080449,1988,15.415586204771751,4756.075490851121,0.5613920826431024,-0.5852757342403799,789.6655420933498,-0.04260628689700376
20231080481,1988,15.44557757032093,4789.316837256207,0.5563850608610422,-0.5814056661240303,866.3813211631984,-0.04324628854277194
20231080372,1989,15.847044604757572,3886.0492284981447,0.619506301466953,-0.15603914168722716,42.8470591396308,0.030936120229823165
20231080373,1989,15.764472680525737,3938.4123123202635,0.6194107887416279,-0.1639375063640682,51.03166466987526,0.02835179753202441
20231080382,1989,16.12901499527973,3064.534441352856,0.6348998911517522,-0.1974458979609424,-465.484289134829,0.02710314113224044
20231080449,1989,15.827889186455405,3625.560440996168,0.6287266416232838,-0.1729727525567255,-340.8495077616025,0.024728272083177807
20231080481,1989,15.830677466461673,3982.240349630529,0.6219793347050337,-0.196305769983289,59.30483353752189,0.022347985301219526
20231080372,1990,15.987856061907799,3441.3640983511696,0.5821226085213023,-0.015227684537004349,-401.83807100734475,-0.00644757271582755
20231080373,1990,15.929925532745466,3537.344533766783,0.5861398274535367,0.0015153458556591234,-350.0361138836045,-0.004919163756067022
20231080382,1990,16.217175447915118,2968.610952039893,0.5810852793546731,-0.10928544532555264,-561.4077784477918,-0.026711470664838612
20231080449,1990,16.005539860170483,3656.278581854364,0.6001397129794177,0.0046779211583555975,-310.1313669034066,-0.0038586565606884217
20231080481,1990,16.01844800175104,3592.3255570506753,0.5949307605427739,-0.008535234693921485,-330.60995904233226,-0.004700588861040196
20231080372,1991,16.423634043983807,2959.869933857018,0.6604795346879041,0.42055029753900536,-883.3322355014961,0.0719093534507743
20231080373,1991,16.317407666100568,3114.3884761982736,0.6540777408385818,0.38899747921076194,-772.9921714521148,0.0630187496289784
20231080382,1991,16.975427491790626,2563.769624683649,0.717856868212844,0.6489665985499526,-966.2491058040359,0.11006011819333218
20231080449,1991,16.324184078447768,3250.569675240256,0.6521635875580444,0.32332213943564075,-715.8402735175148,0.04816521801793822
20231080481,1991,16.405252845045492,3165.998449187316,0.6577668338017154,0.3782696086005319,-756.9370669056912,0.05813548439790104
20231080372,1992,13.670824567822471,3749.3088816239606,0.5139334472352126,-2.3322591786223295,-93.89328773455327,-0.07463673400191716
20231080373,1992,13.563419165159367,3813.167022416497,0.5112303551776275,-2.36499102173044,-74.21362523389158,-0.07982863603197607
20231080382,1992,13.976784863679326,3564.8537020087188,0.5339664885171523,-2.349676029561345,34.834971521034326,-0.07383026150235937
20231080449,1992,13.590377193010351,3881.5539437475736,0.5155043696735463,-2.410484746001778,-84.85600501019661,-0.0884939998665598
20231080481,1992,13.623490793347946,3887.1466068313644,0.5143269438668067,-2.4034924430970146,-35.78890926164325,-0.08530440553700756
20231080372,1993,16.34494354275692,3697.6557000881844,0.5699398112509725,0.34185979631211794,-145.5464692703299,-0.01863036998615745
20231080373,1993,16.307806677429543,3754.9317748286435,0.5760681175041873,0.379396490539738,-132.44887282174489,-0.014990873705416198
20231080382,1993,16.42023300258534,3756.0843430563973,0.5548322998617929,0.09377210934467085,226.0656125687124,-0.05296445015771876
20231080449,1993,16.423113277495634,3769.5804598734867,0.5925183008170146,0.4222513384835028,-196.82948888428442,-0.011480068723091392
20231080481,1993,16.413058238098632,3704.874613834755,0.5879270027580275,0.3860750016536701,-218.06090225825267,-0.011704346645786708
20231080372,1994,15.222698141180954,4260.269922386183,0.4847049884044608,-0.7803856052638461,417.0677530276689,-0.103865192832669
20231080373,1994,15.113005715238385,4521.711665044758,0.4828086691780738,-0.8154044716514205,634.3310173943697,-0.10825032203152973
20231080382,1994,15.59613538951444,4038.6336148167243,0.4984237973464458,-0.7303255037262293,508.614884329039,-0.10937295267306589
20231080449,1994,15.135480206748843,4790.472237432043,0.4941119487341328,-0.8653817322632865,824.0622886742711,-0.10988642080597334
20231080481,1994,15.17608245674542,4737.780661861051,0.489344754120235,-0.8509007796995408,814.8451457680432,-0.11028659528357922
20231080372,1995,17.306148410189017,2662.9055730155605,0.7478865300058986,1.3030646637442187,-1180.2965963429533,0.15931634876876877
20231080373,1995,17.215498561620922,2688.6952796079986,0.7482073107233859,1.2870883747311173,-1198.6853680423903,0.15714831951378233
20231080382,1995,17.704961107367545,2151.0596402121214,0.7813514767176853,1.378500214126875,-1378.9590902755633,0.1735547266981737
20231080449,1995,17.274670551804338,2790.3997899511355,0.7604586291430624,1.2738086127922064,-1176.0101588066352,0.15646025960295643
20231080481,1995,17.297226749180602,2739.827989064228,0.7526093402574758,1.2702435127356377,-1183.1075270287793,0.15297799085366165
20231080372,1996,16.214078120908905,4198.948370560046,0.6021809697093725,0.21099437446410627,355.7462012015322,0.013610788472242731
20231080373,1996,16.149370284113555,4219.275947152393,0.6055624094783297,0.2209600972237479,331.89529950200415,0.014503418268726193
20231080382,1996,16.490653194412214,3934.033689323563,0.6121982669560135,0.1641923011715424,404.0149588358786,0.004401516936501807
20231080449,1996,16.234750488107032,4498.170758469603,0.6196540225393181,0.23388854909490528,531.7608097118327,0.015655652999212073
20231080481,1996,16.252471662143595,4288.771690530598,0.6133044285485972,0.22548842569863417,365.836174437591,0.01367307914478295
20231080372,1997,15.376063608086627,4045.725982693611,0.5543911821461251,-0.627020138358172,202.5238133350972,-0.03417899909100473
20231080373,1997,15.30610830255863,4016.4469717838383,0.557500984594534,-0.6223018843311753,129.06632413345017,-0.033558006615069566
20231080382,1997,15.786990285191777,3395.6171335146514,0.5826822186005703,-0.539470608048891,-134.40159697303423,-0.025114531418941266
20231080449,1997,15.361312972384196,3879.8300555676838,0.5690753616471887,-0.6395489666279329,-86.57989319008652,-0.034923007892917274
20231080481,1997,15.424751048157216,3919.8276056395507,0.5682057567690384,-0.6022321882877436,-3.1079104534568915,-0.03142559263477579
20231080372,1998,15.889204010065056,3562.92893947785,0.5562658780057513,-0.11387973637974463,-280.2732298806641,-0.03230430323137841
20231080373,1998,15.825620398027596,3651.976648372181,0.5601237402893049,-0.1027897888622104,-235.4039992782068,-0.03093525092029863
20231080382,1998,16.246462361238436,3223.785357855703,0.5679291078709803,-0.07999853200223621,-306.2333726319819,-0.03986764214853132
20231080449,1998,15.938746670516496,3512.145789326824,0.5773167994657241,-0.06211526849563048,-454.2641594309473,-0.02668157007438193
20231080481,1998,15.966015099327352,3553.2969623930585,0.5746793009790507,-0.06096813711760779,-369.638553699949,-0.024952048424763403
20231080372,1999,16.62662467956544,4655.342212677553,0.6114054528060454,0.6235409331206413,812.1400433190393,0.022835271568915558
20231080373,1999,16.561392743646746,4778.96819734275,0.6138814487083865,0.6329825567569396,891.5875496923609,0.022822457498782894
20231080382,1999,17.012565452171053,4281.0524364272815,0.6265134772222438,0.6861045589303855,751.0337059395961,0.018716727202732132
20231080449,1999,16.605136806117823,4991.472953015286,0.6239424278303692,0.6042748671056919,1025.0630042575158,0.019944058290262835
20231080481,1999,16.655852026639963,4883.721360605179,0.6224876913534031,0.6288687901949995,960.7858445121716,0.02285634194958879
20231080372,2000,14.558886208741566,2712.963604185049,0.4992476072045309,-1.444197537703236,-1130.238565173465,-0.08932257403259897
20231080373,2000,14.479698602449384,2849.012785335931,0.5018856384561035,-1.4487115844404233,-1038.3678623144572,-0.08917335275350008
20231080382,2000,14.719063672775341,2999.959018862658,0.4892496838662492,-1.607397220465329,-530.0597116250276,-0.1185470661532625
20231080449,2000,14.561489527245415,3228.0784390563645,0.5184961349648518,-1.4393724117667128,-738.3315097014057,-0.08550223457525431
20231080481,2000,14.567549643309224,3032.8354545074767,0.5109408914370872,-1.4594335931357376,-890.100061585531,-0.08869045796672702
20231080372,2001,16.326638165073128,3198.508357991045,0.6216690935163657,0.32355441862832457,-644.6938113674687,0.03309891227923586
20231080373,2001,16.26947656545413,3343.875691105322,0.6207468421749468,0.34106637856432354,-543.5049565450664,0.02968785096534327
20231080382,2001,16.66940951613487,2793.1018014477327,0.6660211205638608,0.34294862289419964,-736.916929039952,0.058224370544349
20231080449,2001,16.36915324264313,3313.2257561622073,0.6282823776835802,0.36829130363100476,-653.1841925955644,0.024284008143474187
20231080481,2001,16.38668818681139,3423.348224694693,0.6295185367855418,0.35970495036642924,-499.5872913983145,0.029887187381727544
20231080372,2002,15.865111881753682,3572.1293931731884,0.6191498562847467,-0.13797186469111905,-271.0727761853255,0.030579675047616845
20231080373,2002,15.78296918964789,3602.672715725558,0.6243281153330941,-0.1454409972419165,-284.7079319248303,0.03326912412349058
20231080382,2002,16.21646944411261,3416.7576370797005,0.6332617048930986,-0.10999144912805947,-113.26109340798422,0.025464954873586958
20231080449,2002,15.865616959750696,3722.4632372571846,0.6457469558691854,-0.13524497926143078,-243.9467115005862,0.04174858632907935
20231080481,2002,15.900546032449514,3743.7360170551506,0.6358891947744825,-0.12643720399544733,-179.19949903785687,0.03625784537066826
20231080372,2003,15.832871884885055,4983.865709163117,0.5594715179797841,-0.1702118615597446,1140.663539804602,-0.029098663257345666
20231080373,2003,15.761529913343633,4884.742762312709,0.5659307344890436,-0.1668802735461711,997.3621146623212,-0.02512825672055983
20231080382,2003,16.145338954743224,5033.769172247115,0.5640401809718614,-0.18112193849744565,1503.7504417594307,-0.043756569047650316
20231080449,2003,15.835196688186747,4592.587304864585,0.5856739181346217,-0.16566525082538286,626.1773561068136,-0.018324451405484443
20231080481,2003,15.853238185016425,4729.2359792799525,0.5771517862753539,-0.1737450514285354,806.3004631869452,-0.022479563128460427
20231080372,2004,14.492399159030679,4077.161994242097,0.48121530081223857,-1.5106845874141206,233.95982488358317,-0.10735488042489123
20231080373,2004,14.428198019170079,4191.157938132216,0.48420894273189263,-1.5002121677197249,303.77729048182795,-0.10685004847771096
20231080382,2004,14.766920876157487,3792.8213230060173,0.4948388600958774,-1.5595400170831841,262.8025925183324,-0.11295788992363422
20231080449,2004,14.504575604701419,4293.307538269368,0.4972636303198627,-1.4962863343107091,326.897589511597,-0.10673473922024333
20231080481,2004,14.521170397311614,4294.945539938002,0.49346614466659944,-1.505812839133346,372.01002384499407,-0.1061652047372148
20231080372,2005,17.89043364179312,2874.2117810247796,0.7460696063687619,1.8873498953483197,-968.9903883337344,0.1574994251316321
20231080373,2005,17.826595279812263,2795.7738252718123,0.7564575564502521,1.898185092922458,-1091.606822378576,0.16539856524064867
20231080382,2005,18.347584333399244,2694.564515909948,0.7779235132835335,2.021123440158574,-835.4542145777369,0.17012676326402174
20231080449,2005,17.890881224947666,2800.99784456538,0.7754490660257907,1.890019285935537,-1165.4121041923913,0.1714506964856846
20231080481,2005,17.947870190477644,2698.844966858007,0.7674154008167519,1.9208869540326825,-1224.0905492350007,0.16778405141293776
20231080372,2006,16.37965501425926,3388.1381998735806,0.6471742434200575,0.37657126781445793,-455.06396948493335,0.05860406218292762
20231080373,2006,16.307115896773016,3298.9495962872265,0.6514174992177016,0.37870570988320795,-588.4310513631611,0.060358508008098194
20231080382,2006,16.64452284625606,3202.4651283627304,0.6623639823588677,0.31806195301538787,-327.55360212495424,0.0545672323393561
20231080449,2006,16.400602474589622,3186.915368892166,0.6691206025824769,0.39974053557748973,-779.4945798656049,0.06512223304237072
20231080481,2006,16.408350628470497,3118.712391193531,0.6626223978637305,0.38136739202553327,-804.2231248994766,0.06299104845991617
20231080372,2007,15.610486609693933,3887.0655310913803,0.6180524306331198,-0.392597136750867,43.86336173286645,0.029482249395990007
20231080373,2007,15.53459759422026,3994.8271107409873,0.6237349927388824,-0.39381259266954616,107.44646309059945,0.03267600152927878
20231080382,2007,16.01353758345262,3806.540754258258,0.629188119345919,-0.31292330978805155,276.52202377057296,0.021391369326407304
20231080449,2007,15.598811244495524,4326.002237088129,0.6386053732329109,-0.40205069451660463,359.5922883303579,0.03460700369280488
20231080481,2007,15.63914922861662,3991.222527684415,0.6321195880412874,-0.38783400782833843,68.28701159140738,0.032488238637473174
20231080372,2008,15.790197308858232,4172.407832316391,0.43302351942414835,-0.21288643758656894,329.2056629578774,-0.1555466618129815
20231080373,2008,15.717557186732753,4069.142343809868,0.43386821950870064,-0.21085300015705127,181.76169615948015,-0.15719077170090293
20231080382,2008,15.953451261835056,4336.204232270473,0.43924499225268504,-0.37300963140561477,806.1855017827883,-0.16855175776682677
20231080449,2008,15.810866954352836,4080.4934672231248,0.4469841296248033,-0.18999498465929388,114.08351846535463,-0.1570142399153028
20231080481,2008,15.819586840459127,4081.724682510013,0.44023828594344283,-0.20739639598583348,158.7891664170052,-0.1593930634603714
20231080372,2009,15.249479935134678,4588.760874742885,0.5039894432775107,-0.7536038113101232,745.558705384371,-0.08458073795961911
20231080373,2009,15.220910131044935,4360.692642410071,0.5125554227448045,-0.7075000558448726,473.3119947596835,-0.07850356846479904
20231080382,2009,15.406945159705106,4673.09955779147,0.5042029237950945,-0.9195157335355655,1143.0808273037846,-0.10359382622441722
20231080449,2009,15.360458422071552,3950.423781950826,0.531637385566881,-0.6404035169405771,-15.98616680694391,-0.07236098397322518
20231080481,2009,15.334078430323258,4247.085338061065,0.5214268087281267,-0.6929048061217042,324.1498219680571,-0.07820454067568755
20231080372,2010,16.47188259069471,3054.588491237933,0.6513227083632942,0.4687988442499113,-788.613678120581,0.06275252712616437
20231080373,2010,16.39861574322331,3164.962282291923,0.6552209881784101,0.4702055563335045,-722.418365358465,0.06416199696880667
20231080382,2010,16.924229151313817,2796.5647122884898,0.6805916397872206,0.5977682580731446,-733.4540181991955,0.07279488976770884
20231080449,2010,16.458184344392652,3458.754730165463,0.6640803656648017,0.4573224053805238,-507.65521859230864,0.06008199612469553
20231080481,2010,16.492991256713868,3384.935401204641,0.6585529773027792,0.46600802026890614,-538.0001148883667,0.058921627898964934
20231080372,2011,16.50128783903265,4055.437487279139,0.593572231913282,0.4982040925878488,212.23531792062525,0.005002050676152274
20231080373,2011,16.412372533677324,4011.6276528073404,0.5939388297200777,0.48396234678751526,124.24700515695274,0.002879838510473984
20231080382,2011,16.840979494888263,3923.4341467585527,0.6244186010959099,0.5145186016475916,393.4154162708674,0.016621851076398114
20231080449,2011,16.490071644404008,3947.0205522381957,0.6100011269745501,0.48920970539187636,-19.389396519575374,0.006002757434443957
20231080481,2011,16.508794705303416,3968.9040452724207,0.6018085932784202,0.4818114688584565,45.968529179413565,0.0021772438746058423
20231080372,2012,16.84451855645668,2960.817879044267,0.6727183633924294,0.8414348100118793,-882.3842903142469,0.08414818215529962
20231080373,2012,16.759008256072416,3301.4389209468645,0.6678939623145754,0.8305980691826073,-585.9417267035236,0.07683497110497184
20231080382,2012,17.36246092329048,2624.872558159535,0.7408872847595858,1.0360000300498104,-905.1461723281499,0.13309053474007415
20231080449,2012,16.776366300654104,3749.933244724087,0.6637963579490376,0.7755043616419734,-216.47670403368346,0.05979798840893158
20231080481,2012,16.841592252427276,3444.9251356182804,0.6702077071049779,0.8146090159823138,-478.0103804747274,0.07057635770116354
20231080372,2013,15.718817474531127,3413.13595830426,0.5689596597013189,-0.28426627191367354,-430.0662110542544,-0.01961052153581091
20231080373,2013,15.644211408525521,3666.938664049951,0.5734762604145224,-0.2841987783642861,-220.44198360043697,-0.017582730795081228
20231080382,2013,16.03690349494755,2975.6631201828677,0.5902124875347474,-0.2895573982931214,-554.3556103048178,-0.0175842624847643
20231080449,2013,15.706779140067004,3825.5004612028542,0.5886906312381759,-0.2940827989451264,-140.90948755491758,-0.015307738301930142
20231080481,2013,15.735089462851592,3636.126001437679,0.5843452985748401,-0.29189377359337076,-286.8095146553283,-0.015286050828974081
20231080372,2014,16.117361571823373,4262.06953939737,0.5734302346217852,0.11427782537857561,418.8673700388563,-0.015139946615344558
20231080373,2014,16.090130052781703,4033.1736266717403,0.5822474197176084,0.16171986589189732,145.79297902135144,-0.008811571491995192
20231080382,2014,16.273423542713214,3740.073275244935,0.580560658251865,-0.05303735052745357,210.05454475724997,-0.027236091767646676
20231080449,2014,16.246856241456577,3800.1323390534094,0.6045215256516407,0.24599430244444628,-166.27760970436066,0.00052315611153471
20231080481,2014,16.216102118192676,3882.754451593769,0.5933857767415651,0.18911888174771507,-40.18106449923844,-0.006245572662249159
20231080372,2015,15.608104006449409,4685.952595300307,0.5033573091324818,-0.3949797399953915,842.7504259417929,-0.08521287210464802
20231080373,2015,15.523471312671596,4798.329150920227,0.5003553804777552,-0.4049388742182111,910.9485032698392,-0.09070361073184838
20231080382,2015,15.877645932426073,3537.1775576420323,0.5217687855090317,-0.4488149608145951,7.158827154347392,-0.08602796451048006
20231080449,2015,15.61079086757724,5125.043466006916,0.5123306051191968,-0.3900710714348886,1158.6335172491438,-0.09166776442090921
20231080481,2015,15.618489256227653,4998.840256916275,0.5111297648908715,-0.4084939802173089,1075.904740823268,-0.08850158451294277
20231080372,2016,16.00774402065557,3704.9534069366887,0.560137169495754,0.004660274210769034,-138.24876242182518,-0.02843301174137593
20231080373,2016,15.923352772760655,3791.1047125573104,0.5609436959671351,-0.005057414129149711,-96.275935093078,-0.03011529524246844
20231080382,2016,16.378371260999153,3222.1545198605445,0.59104181619445,0.05191036775847901,-307.8642106271402,-0.01675493382506187
20231080449,2016,15.997785047783289,4168.299572720292,0.5724015763565689,-0.003076891228842237,201.88962396252194,-0.03159679318353717
20231080481,2016,16.033660273160343,3945.115628725273,0.5718407057761711,0.006677036715384807,22.180112632265175,-0.027790643627643125
20231080372,2017,15.030151407269493,3597.7942097146497,0.5481022025814536,-0.9729323391753076,-245.4079596438642,-0.040467978655676314
20231080373,2017,14.94305749207056,3687.9310248211978,0.5515576536063027,-0.9853526948192461,-199.44962282919047,-0.03950133760330089
20231080382,2017,15.313888724571475,3391.0737976442574,0.5457184152689813,-1.012572168669196,-138.9449328434279,-0.06207833475053035
20231080449,2017,15.026716738254004,3851.0445895525086,0.5692047709659909,-0.9741452007581259,-115.36535920526227,-0.03479359857411519
20231080481,2017,15.02308786502787,3837.165665437371,0.5609186487924898,-1.0038953714170904,-85.76985065563646,-0.038712700611324494
20231080372,2018,17.430251334370077,5225.41174552901,0.6877663370046027,1.4271675879252756,1382.209576170495,0.09919615576747276
20231080373,2018,17.338729855384805,4984.5970296733285,0.6922645420981492,1.4103196684949981,1097.2163820229391,0.10120555088854577
20231080382,2018,17.810060378411972,5058.416584399004,0.7115918048799479,1.483599485171302,1528.3978539113195,0.10379505486043626
20231080449,2018,17.383288489916815,4502.5244115343485,0.7071590369786892,1.3824265509046885,536.1144627765772,0.10316066743858306
20231080481,2018,17.44099555268959,4644.848472570232,0.7052528092945383,1.4140123162446254,721.9129564772248,0.1056214598907241
20231080372,2019,16.042092321921096,3843.372598725317,0.6198107961508393,0.03900857547629849,0.17042936680308943,0.031240614913709514
20231080373,2019,15.915217561339016,4084.422464047205,0.6125188602548872,-0.013192625550790411,197.04181639681659,0.021459869045283644
20231080382,2019,16.41030532529318,3481.104448952445,0.652097902619806,0.08384443205251126,-48.91428153524027,0.044301152600294325
20231080449,2019,15.893143868921747,4874.063540800892,0.6082499682418615,-0.10771807009038041,907.653592043122,0.004251598701755579
20231080481,2019,15.965511180582855,4637.992551304113,0.6130430138048757,-0.061472055862105184,715.057035211105,0.013411664401061577
20231080372,2020,17.249922336357272,5244.362375103023,0.6476780115836461,1.246838589912472,1401.160205744509,0.05910783034651626
20231080373,2020,17.215860725643626,5146.484506845544,0.6567574032008524,1.2874505387538173,1259.1038591951556,0.06569841199124889
20231080382,2020,17.472101771842564,3491.8545103629926,0.658924021951029,1.145640878601893,-38.16422012469279,0.05112727193151725
20231080449,2020,17.350450899319345,4831.290916780952,0.6775100996493045,1.3495889603072169,864.8809680231816,0.0735117301091986
20231080481,2020,17.340754488240133,5063.520810980785,0.6670140987661429,1.313771251795173,1140.585294887777,0.06738274936232877
20231080372,2021,17.333565157738295,3624.9894803577013,0.6501043833622513,1.3304814112934968,-218.2126890008126,0.061534202125121486
20231080373,2021,17.2470407529973,3949.194238023524,0.6510248624090166,1.318630566107495,61.81359037313613,0.05996587119941315
20231080382,2021,17.72679721983431,2848.6407423198216,0.6774891799770683,1.4003363265936417,-681.3779881678636,0.06969242995755658
20231080449,2021,17.274819303310714,4289.929211738404,0.6613931590991882,1.2739573642985866,323.51926298063194,0.05739478955908222
20231080481,2021,17.310515442908095,4120.707219645349,0.656489999485464,1.2835322064631352,197.7717035523417,0.05685865008164975
20231080372,2022,16.206929129448504,4375.719342135987,0.5344324227153762,0.20384538300370453,532.5171727774732,-0.0541377585217536
20231080373,2022,16.134576640632762,4174.286649328314,0.5379301448734056,0.20616645374295842,286.90600167792417,-0.05312884633619802
20231080382,2022,16.501079285780754,3644.8566987700056,0.5496131383106402,0.17461839254008427,114.83796828232073,-0.05818361170887152
20231080449,2022,16.21119086912657,4392.689610137902,0.5527915557120876,0.21032893011443854,426.27966138013016,-0.051206813828018484
20231080481,2022,16.217511388990637,4185.6902479714945,0.5452247993723659,0.19052815254567837,262.75473187848706,-0.054406550031448335
20231080372,2023,17.218173101673965,4338.524936859323,0.643684822775226,1.2150893552291677,495.3227675008084,0.05511464153809616
20231080373,2023,17.172286190371587,4088.820542625194,0.6474536239312358,1.243876003481782,201.4398949748054,0.05639463272163213
20231080382,2023,17.367553923786566,4488.668959652157,0.6562620013551527,1.0410930305458963,958.6502291644723,0.04846525133564104
20231080449,2023,17.318750411206633,3698.6999631339468,0.668129300924986,1.3178884721944997,-267.70998562382374,0.06413093138487998
20231080481,2023,17.323195105474383,3737.1726792130125,0.6677080491910431,1.2962118690294222,-185.76283687999506,0.06807669978722898
20231080372,2024,17.627018754378618,4537.151030282623,0.6352934965829145,1.623935007933813,693.948860924109,0.04672331534578471
20231080373,2024,17.583175001866266,4422.541097007468,0.6397024101519275,1.6547648149764596,535.1604493570792,0.04864341894232378
20231080382,2024,17.687573818097412,4011.6706119367204,0.6266142638487323,1.3611129248567422,481.6518814490362,0.018817513829220558
20231080449,2024,17.702623909140687,4221.222139708958,0.6563742267813395,1.7017619701285602,254.81219095118666,0.05237585724123347
20231080481,2024,17.69857065689164,4612.504171105079,0.6516292102297657,1.6715874204466774,689.5686550120719,0.051997860825951474
20231080372,2025,16.497162057351396,4786.783727894222,0.5874374174166458,0.49407831090659465,943.5815585357077,-0.0011327638204840576
20231080373,2025,16.388080666425957,4823.148945352178,0.5866258859245688,0.4596704795361499,935.7682977017907,-0.00443310528503484
20231080382,2025,16.89527996323784,4181.817056507349,0.6111875896147367,0.5688190699971697,651.7983260196639,0.0033908395952250213
20231080449,2025,16.405365969180878,4970.214176196402,0.5972230824978315,0.40450403016875136,1003.8042274386315,-0.006775287042274522
20231080481,2025,16.462640390534357,4827.884527799668,0.5948804931221303,0.435657154089395,904.9490117066607,-0.0047508562816839985
20231080488,1984,15.265010749429905,3445.8712159421234,0.5251835084799761,-0.1811707012895365,-20.34563616990681,-0.056312171388774424
20231080496,1984,15.985110599407278,3840.866003813961,0.5140093881824679,-0.342943822704072,281.70130176018074,-0.09734984002121583
20231080535,1984,15.271640582706652,3435.1821054469733,0.5236941029677576,-0.19266391606720745,-45.40888188237568,-0.05855215027724692
20231080488,1985,14.035419877370202,3882.6159744739143,0.49914683383522446,-1.4107615733492391,416.3991223618841,-0.08234884603352605
20231080496,1985,14.798283257691764,4170.823000672421,0.5219390313494003,-1.5297711644195857,611.6582986186404,-0.08942019685428337
20231080535,1985,14.059711869557702,3892.754534560403,0.5005532808426006,-1.4045926292161575,412.16354723105405,-0.08169297240240392
20231080488,1986,12.903153362827027,3960.514707989482,0.5010171552529085,-2.5430280878924147,494.29785587745164,-0.08047852461584204
20231080496,1986,14.055741253452027,3157.80137436041,0.5348395596789032,-2.2723131686593234,-401.36332769337014,-0.07651966852478054
20231080535,1986,12.907056074557147,3941.2769810626783,0.5015519171601989,-2.557248424216713,460.68599373332927,-0.0806943360848057
20231080488,1987,15.143763741202974,3356.9574847065446,0.5659744383657929,-0.30241770951646707,-109.25936740548559,-0.015521241502957639
20231080496,1987,16.10481446584066,3481.8280299373505,0.5725275760496513,-0.22323995627068882,-77.33667211642978,-0.03883165215403239
20231080535,1987,15.15586373978772,3313.562284893596,0.5679310733709563,-0.30844075898614065,-167.02870243575308,-0.01431517987404829
20231080488,1988,14.520300877612613,3648.402774473084,0.5388255848593984,-0.9258805731068289,182.1859223610536,-0.04267009500935215
20231080496,1988,15.855833245705867,4718.399861594094,0.5785722759939225,-0.47222117640548333,1159.2351595403134,-0.032786952209761244
20231080535,1988,14.546961741516554,3668.77913917358,0.5407958834925936,-0.9173427572573054,188.18815184423102,-0.04145036975241101
20231080488,1989,14.778733894790435,3074.618928276017,0.5541676995526904,-0.667447555929007,-391.59792383601325,-0.027327980316060096
20231080496,1989,16.12107212508937,3424.8262989819195,0.6364285058919299,-0.20698229702198034,-134.33840307186074,0.025069277688246183
20231080535,1989,14.821155982086623,3013.4949937015917,0.5571383084953234,-0.643148516687237,-467.09599362775725,-0.025107944749681144
20231080488,1990,15.164907785775029,3904.028162822197,0.5733276780728798,-0.28127366494441297,437.8113107101667,-0.008168001795870738
20231080496,1990,16.268647206347964,3011.697397098015,0.5953934331303466,-0.059407215763386034,-547.4673049557655,-0.015965795073337063
20231080535,1990,15.200471821384156,3835.8534290418725,0.5749181660211583,-0.2638326773897042,355.26244171252347,-0.007328087223846258
20231080488,1991,15.82863974778553,2905.228659645555,0.6423919616079506,0.3824582970660888,-560.9881924664751,0.06089628173920014
20231080496,1991,16.826973222649656,2677.287863702414,0.6911126849794106,0.4989188005383056,-881.8768383513661,0.07975345677572687
20231080535,1991,15.84448677422347,3000.7602815934397,0.6442703857820391,0.38018227544960936,-479.8307057359093,0.06202413253703454
20231080488,1992,12.726826438350997,3571.485475489112,0.5085916862504104,-2.7193550123684442,105.2686233770819,-0.0729039936183401
20231080496,1992,13.99127850187,3539.005146213981,0.5376697031867798,-2.336775920241351,-20.159555839799395,-0.07368952501690396
20231080535,1992,12.760433810690188,3565.0315637152517,0.5101866010482177,-2.703870688083672,84.44057638590266,-0.0720596521967869
20231080488,1993,15.605393283954584,3804.2682506922247,0.5649474374287801,0.1592118332351422,338.0513985801945,-0.01654824243997044
20231080496,1993,16.53905160738077,3538.8438538495066,0.5766538568931622,0.21099718526942013,-20.320848204273716,-0.03470537131052154
20231080535,1993,15.633240352851772,3872.9838006976606,0.565781623080473,0.16893585407791178,392.39281336831164,-0.01646463016453159
20231080488,1994,14.3248802115952,4436.881713052539,0.4750489684758592,-1.1213012391242412,970.6648609405092,-0.1064467113928913
20231080496,1994,15.575756817969761,3987.18741857007,0.5050671261260127,-0.7522976041415887,428.0227165162896,-0.10629210207767104
20231080535,1994,14.358934290512764,4395.079472516923,0.47765766403128146,-1.105370208261096,914.4884851875736,-0.1045885892137231
20231080488,1995,16.69702023215916,3031.252645785681,0.6940062222819806,1.25083878143972,-434.9642063263491,0.11251054241323011
20231080496,1995,17.668316901939534,2181.9631763647712,0.7790590652409953,1.3402624798281835,-1377.201525689009,0.16769983703731162
20231080535,1995,16.705215749878846,3069.073762642912,0.6949249390711818,1.2409112511049862,-411.5172246864372,0.11267868582617724
20231080488,1996,15.724014536539755,3770.607575255653,0.5750075028721342,0.27783308582031374,304.39072314362284,-0.006488176996616302
20231080496,1996,16.523894412275695,4021.421268995127,0.6203048046030897,0.1958399901643446,462.2565669413466,0.008945576399405963
20231080535,1996,15.743642204395258,3857.727714295706,0.5768012199598136,0.2793377056213977,377.13672696635695,-0.00544503328519097
20231080488,1997,15.171548206218802,3848.7352135699525,0.5665304624571927,-0.27463324450063986,382.5183614579223,-0.014965217411557763
20231080496,1997,15.725054808630489,3398.8787097033396,0.5762869251839765,-0.6029996134808613,-160.28599235044067,-0.03507230301970721
20231080535,1997,15.16990291070249,3904.939536295487,0.565439083470864,-0.29440158807136996,424.34854896613797,-0.01680716977414054
20231080488,1998,15.851704153807304,2997.726744426025,0.5872159980698523,0.405522703087863,-468.4901076860051,0.005720318201101748
20231080496,1998,16.252701592099868,3111.914273736609,0.5830204858007121,-0.0753528300114823,-447.2504283171711,-0.02833874240297163
20231080535,1998,15.876476466137433,3012.051799719764,0.5903230087009275,0.4121719673635731,-468.53918760958504,0.008076755455922902
20231080488,1999,16.230888883618377,4098.554997373341,0.6122358570702374,0.7847074328989354,632.3381452613112,0.030740177201486918
20231080496,1999,16.975254188758754,4381.481214094876,0.633236322349429,0.6471997666474039,822.3165120410958,0.021877094145745235
20231080535,1999,16.234113132089817,4082.6258106566656,0.6122664126349339,0.7698086333159573,602.0348233273166,0.030020159389929302
20231080488,2000,13.93003442874857,2755.842103512393,0.5198494060226804,-1.5161470219708715,-710.3747485996373,-0.06164627384607013
20231080496,2000,14.799306854303381,2838.2654021320805,0.5051617728341867,-1.5287475678079687,-720.8992999216998,-0.10619745536949698
20231080535,2000,13.950753652876699,2796.7896767718657,0.52015685575903,-1.5135508458971607,-683.8013105574832,-0.06208939748597453
20231080488,2001,15.750478770767472,3280.2272857205708,0.5994147281914017,0.3042973200480308,-185.98956639145945,0.017919048322651232
20231080496,2001,16.64265618669816,2847.132496446534,0.6535098517994036,0.3146017645868113,-712.0322056072464,0.04215062359571986
20231080535,2001,15.764551354836726,3325.6913757921893,0.5983533167507142,0.3002468560628664,-154.89961153715967,0.016107063505709673
20231080488,2002,15.409641686038697,2952.8706810691324,0.6059347379447855,-0.036539764680744824,-513.3461710428978,0.02443905807603497
20231080496,2002,16.215106720855317,3479.2171857573953,0.6380574524101631,-0.11294770125603293,-79.94751629638495,0.026698224206479382
20231080535,2002,15.417419687906943,2948.499973050591,0.6067302739029566,-0.04688481086691709,-532.0910142787579,0.024484020657952077
20231080488,2003,15.060996254630709,3560.845030954557,0.5522275910361198,-0.3851851960887327,94.62817884252672,-0.029268088832630657
20231080496,2003,16.165554784691892,4872.0737346620135,0.574677715129425,-0.16249963741945805,1312.9090326082332,-0.03668151307425871
20231080535,2003,15.092764611175141,3543.03990166493,0.5538988945678155,-0.37153988759871837,62.44891433558087,-0.028347358677189072
20231080488,2004,13.680518978229486,3978.2474267299863,0.47242670791098257,-1.7656624724899554,512.0305746179561,-0.10906897195776794
20231080496,2004,14.793756884422862,3725.007018354127,0.5022580941216653,-1.534297537688488,165.84231630034674,-0.10910113408201838
20231080535,2004,13.717121496062362,3978.053688351402,0.47268261019957086,-1.7471830027114983,497.4627010220529,-0.1095636430454337
20231080488,2005,17.39203110155853,3237.7297207781444,0.7171286877362293,1.9458496508390883,-228.48713133388583,0.13563300786747878
20231080496,2005,18.279193019866966,2707.647026523329,0.772714192429348,1.951138597755616,-851.5176755304515,0.1613549642256643
20231080535,2005,17.413276643338406,3325.6361018934617,0.7189839289407058,1.9489721445645465,-154.95488543588726,0.13673767569570128
20231080488,2006,15.647606730806672,3169.9041455222387,0.6377583334513468,0.20142528008723026,-296.31270658979156,0.0562626535825963
20231080496,2006,16.66674788654717,3297.091186156692,0.6655796300705732,0.3386934644358206,-262.0735158970883,0.05422040186688948
20231080535,2006,15.662430312668107,3162.9201128317136,0.6374877038673757,0.19812581389424722,-317.6708744976354,0.05524145062237118
20231080488,2007,15.183475023076198,3261.6052439427817,0.6193442499928611,-0.26270642764324315,-204.61160816924848,0.03784857012411058
20231080496,2007,15.9632840626482,3766.9236527747357,0.635210534130381,-0.36477035946315084,207.75895072095545,0.023851305926697264
20231080535,2007,15.192992084613763,3221.557384169742,0.6199525618720868,-0.27131241416009644,-259.0336031596071,0.03770630862708224
20231080488,2008,15.327419272713087,3927.656739513193,0.4541632171036019,-0.1187621780063548,461.43988740116265,-0.1273324627651486
20231080496,2008,16.030094027864777,4193.861166509602,0.44726182323985925,-0.29796039424657295,634.696464455822,-0.16409740496382447
20231080535,2008,15.34918228646984,3966.8045291032536,0.4540156306935744,-0.1151222123040192,486.2135417739046,-0.12823062255143014
20231080488,2009,15.154895428643727,3127.2080770135026,0.5311949703691341,-0.29128602207571497,-339.0087750985276,-0.0503007094996164
20231080496,2009,15.4821482451066,4651.211975738416,0.516952692551993,-0.8459061770047498,1092.047273684636,-0.09440653565169066
20231080535,2009,15.175714608897351,3148.944525644193,0.5337574355477999,-0.28858988987650847,-331.6464616851558,-0.0484888176972047
20231080488,2010,15.951204111956201,2745.7105468446166,0.6068444695220204,0.5050226612367599,-720.5063052674136,0.02534878965326992
20231080496,2010,16.87718262050464,2871.3665071362407,0.6814652978241836,0.5491281983932907,-687.7981949175396,0.07010606962049992
20231080535,2010,15.957968399490142,2687.170025655046,0.606665823944929,0.49366390071628174,-793.4209616743028,0.024419570699924398
20231080488,2011,15.831790570245289,2277.0174344242128,0.6233045075902112,0.38560911952584753,-1189.1994176878175,0.04180882772146066
20231080496,2011,16.84226384923079,3871.956684923223,0.623488829473788,0.5142094271194395,312.79198286944256,0.012129601270104318
20231080535,2011,15.860370061017477,2314.6688270554455,0.6249465541281682,0.3960655622436171,-1165.9221602739035,0.04270030088316368
20231080488,2012,16.358595231650554,3510.5207135859437,0.6490935451350968,0.9124137809311126,44.30386147391346,0.06759786526634626
20231080496,2012,17.29961404109349,2567.4455624032325,0.7269453090263556,0.9715596189821412,-991.7191396505477,0.11558608082267186
20231080535,2012,16.36261559085574,3453.237876478166,0.6495641712562419,0.8983110920818795,-27.35311085118292,0.06731791801123732
20231080488,2013,15.193400740969025,3260.4246597838155,0.5780343154824606,-0.2527807097504162,-205.7921923282147,-0.0034613643862898558
20231080496,2013,16.034613801430964,2935.6349736553184,0.5927688054936865,-0.2934406206803857,-623.5297283984619,-0.018590422709997223
20231080535,2013,15.207147804204965,3271.1478585478417,0.5781854677809249,-0.257156694568895,-209.4431287815073,-0.004060785464079619
20231080488,2014,15.569018065411115,3910.8779223000133,0.5684470037149647,0.12283661469167306,444.6610701879831,-0.013048676153785799
20231080496,2014,16.36580195496049,3928.080676804992,0.5911973014586248,0.037747532849138565,368.9159747512117,-0.0201619267450589
20231080535,2014,15.610585660519803,3936.1958510538066,0.5708387344297384,0.14628116174594297,455.6048637244576,-0.011407518815266138
20231080488,2015,15.359840191274486,3774.1783380004676,0.5277354103065399,-0.0863412594449553,307.96148588843744,-0.05376026956221058
20231080496,2015,15.908998259945236,4108.658889071932,0.5282800744703996,-0.41905616216611463,549.4941870181519,-0.08307915373328412
20231080535,2015,15.355644687707922,3786.707448536447,0.5253981091573116,-0.10865981106593736,306.1164612070979,-0.05684814408769301
20231080488,2016,15.404441534954572,3734.9072888602636,0.545772697918626,-0.041739915764869906,268.6904367482334,-0.035722981950124466
20231080496,2016,16.362287471605384,3302.0163986941,0.5904171531038658,0.03423304949403416,-257.1483033596801,-0.020942075099817936
20231080535,2016,15.415947104191446,3691.0609014441393,0.5462184975122383,-0.04835739458241406,210.4699141147903,-0.03602775573276629
20231080488,2017,14.246545002425933,4134.216206517905,0.5368709725946372,-1.199636448293509,667.9993544058752,-0.04462470727411327
20231080496,2017,15.322240980120682,3416.03714171508,0.5577680606670753,-1.005813441990668,-143.12756033870028,-0.05359116753660842
20231080535,2017,14.25885110523393,4157.1486065135305,0.5380585763329933,-1.2054533935399299,676.5576191841815,-0.04418767691201131
20231080488,2018,16.59623738164487,3317.8543565867853,0.6573243844906236,1.1500559309254275,-148.36249552524487,0.07582870462187308
20231080496,2018,17.79446541606518,5028.4651029928045,0.7145041934864961,1.4664109939538292,1469.3004009390243,0.10314496528281236
20231080535,2018,16.62238077357199,3359.083009518535,0.6578196604051086,1.1580762747981304,-121.50797781081383,0.07557340716010408
20231080488,2019,15.315364283409679,3614.687708146583,0.570068199300902,-0.1308171673097629,148.47085603455298,-0.01142748056784848
20231080496,2019,16.414284580341302,3481.193451150965,0.6539800012992693,0.08623015822995228,-77.97125090281543,0.04262077309558554
20231080535,2019,15.315381974759305,3586.4430963394157,0.5683097399042666,-0.14892252401455508,105.85210901006667,-0.013936513340737977
20231080488,2020,16.860993038398647,3989.232658263731,0.6459561637328908,1.4148115876792051,523.0158061517009,0.06446048386414027
20231080496,2020,17.50374896146252,4047.671902779925,0.6661670867261972,1.17569453935117,488.5072007261447,0.054807858522513464
20231080535,2020,16.899589371335708,3996.655107330966,0.6477121126168565,1.435284872561848,516.0641200016171,0.0654658593718519
20231080488,2021,16.305181736877046,3246.362465240029,0.6229650312854546,0.8590002861576043,-219.85438687200121,0.04146935141670405
20231080496,2021,17.663880042753362,3196.9282830059205,0.6740786094800022,1.3358256206420123,-362.2364190478597,0.06271938127631849
20231080535,2021,16.33779485536661,3285.61338856068,0.6244476949704848,0.8734903565927503,-194.97759876866894,0.04220144172548024
20231080488,2022,15.904007640783334,3946.600094396551,0.5407365510554891,0.45782619006389247,480.38324228452075,-0.04075912881326138
20231080496,2022,16.487513464775645,3864.444597583194,0.5538269361715188,0.15945904266429523,305.2798955294138,-0.05753229203216492
20231080535,2022,15.914551685167396,4004.3432414121226,0.5397663561954092,0.4502471863935362,523.7522540827736,-0.04247989704959532
20231080488,2023,16.838036791483603,2609.426646537905,0.6903994765657312,1.3918553407641614,-856.7902055741251,0.10890379669698069
20231080496,2023,17.445569237418795,4418.536963917141,0.6664454438158816,1.1175148153074446,859.372261863361,0.05508621561219784
20231080535,2023,16.90896671958592,2664.4254848806313,0.6965566509693784,1.4446622208120594,-816.1655024487177,0.11431039772437379
20231080488,2024,17.410438957767212,3561.1109705238064,0.6738962010250328,1.9642575070477708,94.89411841177616,0.09240052115628228
20231080496,2024,17.807136513530395,4368.227350485178,0.6474083052314229,1.4790820914190448,809.062648431398,0.036049077027739185
20231080535,2024,17.438351484658085,3558.55690031931,0.6746753567347347,1.9740469858842253,77.965912989961,0.0924291034897301
20231080488,2025,15.851420359680617,4245.729848004562,0.5593751138629995,0.4052389089611754,779.5129958925318,-0.022120566005750963
20231080496,2025,16.853916609114492,4395.820622525794,0.6162728268473681,0.5258621870031419,836.6559204720133,0.004913598643684347
20231080535,2025,15.874720751720929,4315.4469814222875,0.5599777852821738,0.4104162529470692,834.8559940929385,-0.022268467962830774
