fire_id,fire_year,observation_year,years_since_fire,area_ha,centroid_lat,centroid_lon,NBR,NDVI,NBR_pre,NDVI_pre,dNBR
1985 7098,1985,1984,-1,526.67,48.185275333952234,-77.9583781441743,0.5302314723921399,0.6425989699138344,0.5302314723921399,0.6425989699138344,0.1921282458894747
1985 7098,1985,1985,0,526.67,48.185275333952234,-77.9583781441743,0.33810322650266517,0.33396485067126613,0.5302314723921399,0.6425989699138344,0.1921282458894747
1985 7098,1985,1986,1,526.67,48.185275333952234,-77.9583781441743,0.36520185260332694,0.31861652633697124,0.5302314723921399,0.6425989699138344,0.1921282458894747
1985 7098,1985,1987,2,526.67,48.185275333952234,-77.9583781441743,0.4122822463276867,0.47473289804026336,0.5302314723921399,0.6425989699138344,0.1921282458894747
1985 7098,1985,1988,3,526.67,48.185275333952234,-77.9583781441743,0.43562537358669307,0.6621220821836886,0.5302314723921399,0.6425989699138344,0.1921282458894747
1985 7098,1985,1989,4,526.67,48.185275333952234,-77.9583781441743,0.5409556013165135,0.7127695280343903,0.5302314723921399,0.6425989699138344,0.1921282458894747
1985 7098,1985,1990,5,526.67,48.185275333952234,-77.9583781441743,0.2676083990658329,0.2207455802195464,0.5302314723921399,0.6425989699138344,0.1921282458894747
1985 7098,1985,1991,6,526.67,48.185275333952234,-77.9583781441743,0.5566605951948909,0.7090817728926201,0.5302314723921399,0.6425989699138344,0.1921282458894747
1985 7098,1985,1992,7,526.67,48.185275333952234,-77.9583781441743,0.3076405997173519,0.26078284716554934,0.5302314723921399,0.6425989699138344,0.1921282458894747
1985 7098,1985,1993,8,526.67,48.185275333952234,-77.9583781441743,0.5292053498851598,0.6894126222200614,0.5302314723921399,0.6425989699138344,0.1921282458894747
1985 7098,1985,1994,9,526.67,48.185275333952234,-77.9583781441743,0.5634739186562642,0.6817634085650428,0.5302314723921399,0.6425989699138344,0.1921282458894747
1985 7098,1985,1995,10,526.67,48.185275333952234,-77.9583781441743,0.6151405994625212,0.7673348587326101,0.5302314723921399,0.6425989699138344,0.1921282458894747
1985 7098,1985,1996,11,526.67,48.185275333952234,-77.9583781441743,0.6112680025718715,0.6975739394178717,0.5302314723921399,0.6425989699138344,0.1921282458894747
1985 7098,1985,1997,12,526.67,48.185275333952234,-77.9583781441743,0.45869628344399,0.6541555271083322,0.5302314723921399,0.6425989699138344,0.1921282458894747
1985 7098,1985,1998,13,526.67,48.185275333952234,-77.9583781441743,0.5450076308281073,0.47838681592902116,0.5302314723921399,0.6425989699138344,0.1921282458894747
1985 7098,1985,1999,14,526.67,48.185275333952234,-77.9583781441743,0.6228726372423432,0.7401473532115902,0.5302314723921399,0.6425989699138344,0.1921282458894747
1985 7098,1985,2000,15,526.67,48.185275333952234,-77.9583781441743,0.5331915352972713,0.607361272454585,0.5302314723921399,0.6425989699138344,0.1921282458894747
1985 7098,1985,2001,16,526.67,48.185275333952234,-77.9583781441743,0.3808127697031459,0.24804039977356301,0.5302314723921399,0.6425989699138344,0.1921282458894747
1985 7098,1985,2002,17,526.67,48.185275333952234,-77.9583781441743,0.6347605403766502,0.7363020916352251,0.5302314723921399,0.6425989699138344,0.1921282458894747
1985 7098,1985,2003,18,526.67,48.185275333952234,-77.9583781441743,0.6151719849614112,0.7089436623225279,0.5302314723921399,0.6425989699138344,0.1921282458894747
1985 7098,1985,2004,19,526.67,48.185275333952234,-77.9583781441743,0.5830167280204895,0.6856455252407557,0.5302314723921399,0.6425989699138344,0.1921282458894747
1985 7098,1985,2005,20,526.67,48.185275333952234,-77.9583781441743,0.6709429005150866,0.7636273732436151,0.5302314723921399,0.6425989699138344,0.1921282458894747
1985 7101,1985,1984,-1,228.65,49.05654199549099,-77.83402879130634,0.4678628419787088,0.5068664143663186,0.4678628419787088,0.5068664143663186,0.0101671643538781
1985 7101,1985,1985,0,228.65,49.05654199549099,-77.83402879130634,0.4576956776248307,0.5594202307555524,0.4678628419787088,0.5068664143663186,0.0101671643538781
1985 7101,1985,1986,1,228.65,49.05654199549099,-77.83402879130634,0.4111435791198072,0.2390733151373804,0.4678628419787088,0.5068664143663186,0.0101671643538781
1985 7101,1985,1987,2,228.65,49.05654199549099,-77.83402879130634,0.5023305378366972,0.6859196898926649,0.4678628419787088,0.5068664143663186,0.0101671643538781
1985 7101,1985,1988,3,228.65,49.05654199549099,-77.83402879130634,0.3488579989766651,0.2743648996510968,0.4678628419787088,0.5068664143663186,0.0101671643538781
1985 7101,1985,1989,4,228.65,49.05654199549099,-77.83402879130634,0.4502555561581815,0.5340573934518671,0.4678628419787088,0.5068664143663186,0.0101671643538781
1985 7101,1985,1990,5,228.65,49.05654199549099,-77.83402879130634,0.6107870795374423,0.6702976809875246,0.4678628419787088,0.5068664143663186,0.0101671643538781
1985 7101,1985,1991,6,228.65,49.05654199549099,-77.83402879130634,0.5438201766580489,0.7089412392831475,0.4678628419787088,0.5068664143663186,0.0101671643538781
1985 7101,1985,1992,7,228.65,49.05654199549099,-77.83402879130634,0.5301333128243529,0.6026173606408038,0.4678628419787088,0.5068664143663186,0.0101671643538781
1985 7101,1985,1993,8,228.65,49.05654199549099,-77.83402879130634,0.33100905908771994,0.2675954359510956,0.4678628419787088,0.5068664143663186,0.0101671643538781
1985 7101,1985,1994,9,228.65,49.05654199549099,-77.83402879130634,0.5835461825880104,0.7282738317455775,0.4678628419787088,0.5068664143663186,0.0101671643538781
1985 7101,1985,1995,10,228.65,49.05654199549099,-77.83402879130634,0.6924455360498063,0.8485907096460338,0.4678628419787088,0.5068664143663186,0.0101671643538781
1985 7101,1985,1996,11,228.65,49.05654199549099,-77.83402879130634,0.5994659429151128,0.5175263515446782,0.4678628419787088,0.5068664143663186,0.0101671643538781
1985 7101,1985,1997,12,228.65,49.05654199549099,-77.83402879130634,0.5010194799534378,0.4828126436125867,0.4678628419787088,0.5068664143663186,0.0101671643538781
1985 7101,1985,1998,13,228.65,49.05654199549099,-77.83402879130634,0.6767298276665235,0.8135501036745999,0.4678628419787088,0.5068664143663186,0.0101671643538781
1985 7101,1985,1999,14,228.65,49.05654199549099,-77.83402879130634,0.5769352252287478,0.54120695925246,0.4678628419787088,0.5068664143663186,0.0101671643538781
1985 7101,1985,2000,15,228.65,49.05654199549099,-77.83402879130634,0.3730470673144521,0.4800297544489596,0.4678628419787088,0.5068664143663186,0.0101671643538781
1985 7101,1985,2001,16,228.65,49.05654199549099,-77.83402879130634,0.3766659114790223,0.3066747079391659,0.4678628419787088,0.5068664143663186,0.0101671643538781
1985 7101,1985,2002,17,228.65,49.05654199549099,-77.83402879130634,0.6269482673942276,0.564730328251885,0.4678628419787088,0.5068664143663186,0.0101671643538781
1985 7101,1985,2003,18,228.65,49.05654199549099,-77.83402879130634,0.5849386766766892,0.6384666288519151,0.4678628419787088,0.5068664143663186,0.0101671643538781
1985 7101,1985,2004,19,228.65,49.05654199549099,-77.83402879130634,0.5645952704195498,0.7126742178095888,0.4678628419787088,0.5068664143663186,0.0101671643538781
1985 7101,1985,2005,20,228.65,49.05654199549099,-77.83402879130634,0.6982936613022882,0.8409577712051557,0.4678628419787088,0.5068664143663186,0.0101671643538781
1986 6155,1986,1984,-2,324.23,47.813988143937635,-76.93885977323026,0.5760759445916316,0.7478733256555018,0.4505900382366813,0.4622433193235359,-0.0127486916083982
1986 6155,1986,1985,-1,324.23,47.813988143937635,-76.93885977323026,0.325104131881731,0.17661331299157004,0.4505900382366813,0.4622433193235359,-0.0127486916083982
1986 6155,1986,1986,0,324.23,47.813988143937635,-76.93885977323026,0.4633387298450795,0.1820567786326751,0.4505900382366813,0.4622433193235359,-0.0127486916083982
1986 6155,1986,1987,1,324.23,47.813988143937635,-76.93885977323026,0.4080740244041473,0.5409712643070448,0.4505900382366813,0.4622433193235359,-0.0127486916083982
1986 6155,1986,1988,2,324.23,47.813988143937635,-76.93885977323026,0.5295024829645654,0.732311877212099,0.4505900382366813,0.4622433193235359,-0.0127486916083982
1986 6155,1986,1989,3,324.23,47.813988143937635,-76.93885977323026,0.5918709135887911,0.7638764245574794,0.4505900382366813,0.4622433193235359,-0.0127486916083982
1986 6155,1986,1990,4,324.23,47.813988143937635,-76.93885977323026,0.5610254591641941,0.6738070227709505,0.4505900382366813,0.4622433193235359,-0.0127486916083982
1986 6155,1986,1991,5,324.23,47.813988143937635,-76.93885977323026,0.6270177504864408,0.7406558206756386,0.4505900382366813,0.4622433193235359,-0.0127486916083982
1986 6155,1986,1992,6,324.23,47.813988143937635,-76.93885977323026,0.5616022791261502,0.12062270187547337,0.4505900382366813,0.4622433193235359,-0.0127486916083982
1986 6155,1986,1993,7,324.23,47.813988143937635,-76.93885977323026,0.6037451512816795,0.7286052520288836,0.4505900382366813,0.4622433193235359,-0.0127486916083982
1986 6155,1986,1994,8,324.23,47.813988143937635,-76.93885977323026,0.6036330370291834,0.704568830632703,0.4505900382366813,0.4622433193235359,-0.0127486916083982
1986 6155,1986,1995,9,324.23,47.813988143937635,-76.93885977323026,0.5458201625255547,0.1308414714118519,0.4505900382366813,0.4622433193235359,-0.0127486916083982
1986 6155,1986,1996,10,324.23,47.813988143937635,-76.93885977323026,0.33426130004293275,0.15442895729473063,0.4505900382366813,0.4622433193235359,-0.0127486916083982
1986 6155,1986,1997,11,324.23,47.813988143937635,-76.93885977323026,0.5410770006920598,0.4413354448419122,0.4505900382366813,0.4622433193235359,-0.0127486916083982
1986 6155,1986,1998,12,324.23,47.813988143937635,-76.93885977323026,0.6308072454778858,0.7482503247720993,0.4505900382366813,0.4622433193235359,-0.0127486916083982
1986 6155,1986,1999,13,324.23,47.813988143937635,-76.93885977323026,0.32204386475164165,0.21278743306481612,0.4505900382366813,0.4622433193235359,-0.0127486916083982
1986 6155,1986,2000,14,324.23,47.813988143937635,-76.93885977323026,0.6466120508480748,0.7676117796396092,0.4505900382366813,0.4622433193235359,-0.0127486916083982
1986 6155,1986,2001,15,324.23,47.813988143937635,-76.93885977323026,0.6853559550783866,0.8184527810613231,0.4505900382366813,0.4622433193235359,-0.0127486916083982
1986 6155,1986,2002,16,324.23,47.813988143937635,-76.93885977323026,0.6904383778491415,0.818179585147944,0.4505900382366813,0.4622433193235359,-0.0127486916083982
1986 6155,1986,2003,17,324.23,47.813988143937635,-76.93885977323026,0.5567140199637547,0.5663990295330316,0.4505900382366813,0.4622433193235359,-0.0127486916083982
1986 6155,1986,2004,18,324.23,47.813988143937635,-76.93885977323026,0.5098528780445318,0.6467077472637497,0.4505900382366813,0.4622433193235359,-0.0127486916083982
1986 6155,1986,2005,19,324.23,47.813988143937635,-76.93885977323026,0.5564310254820943,0.4649402325672246,0.4505900382366813,0.4622433193235359,-0.0127486916083982
1986 6155,1986,2006,20,324.23,47.813988143937635,-76.93885977323026,0.4275900468953156,0.3572101069965923,0.4505900382366813,0.4622433193235359,-0.0127486916083982
1986 7088,1986,1984,-2,18919.88,49.83700059029334,-76.13571785114334,0.5898324054392923,0.6835793396462986,0.4140097134368954,0.42187274658047885,0.30069973989302
1986 7088,1986,1985,-1,18919.88,49.83700059029334,-76.13571785114334,0.23818702143449852,0.1601661535146591,0.4140097134368954,0.42187274658047885,0.30069973989302
1986 7088,1986,1986,0,18919.88,49.83700059029334,-76.13571785114334,0.1133099735438754,0.35548034075644297,0.4140097134368954,0.42187274658047885,0.30069973989302
1986 7088,1986,1987,1,18919.88,49.83700059029334,-76.13571785114334,0.32618325588031066,0.03709513485306301,0.4140097134368954,0.42187274658047885,0.30069973989302
1986 7088,1986,1988,2,18919.88,49.83700059029334,-76.13571785114334,0.2539287223284274,0.6133406142745477,0.4140097134368954,0.42187274658047885,0.30069973989302
1986 7088,1986,1989,3,18919.88,49.83700059029334,-76.13571785114334,0.3711105791701818,0.6425301495113916,0.4140097134368954,0.42187274658047885,0.30069973989302
1986 7088,1986,1990,4,18919.88,49.83700059029334,-76.13571785114334,0.32227662554032266,0.07407108598382324,0.4140097134368954,0.42187274658047885,0.30069973989302
1986 7088,1986,1991,5,18919.88,49.83700059029334,-76.13571785114334,0.3847333195259026,0.3261664903093121,0.4140097134368954,0.42187274658047885,0.30069973989302
1986 7088,1986,1992,6,18919.88,49.83700059029334,-76.13571785114334,0.37857037706118474,0.5996120046205576,0.4140097134368954,0.42187274658047885,0.30069973989302
1986 7088,1986,1993,7,18919.88,49.83700059029334,-76.13571785114334,0.38670991660658344,0.6073908522563706,0.4140097134368954,0.42187274658047885,0.30069973989302
1986 7088,1986,1994,8,18919.88,49.83700059029334,-76.13571785114334,0.4277595510986314,0.6386788305358149,0.4140097134368954,0.42187274658047885,0.30069973989302
1986 7088,1986,1995,9,18919.88,49.83700059029334,-76.13571785114334,0.2773272728669027,0.23041028753319306,0.4140097134368954,0.42187274658047885,0.30069973989302
1986 7088,1986,1996,10,18919.88,49.83700059029334,-76.13571785114334,0.2851933385831323,0.1756847194291877,0.4140097134368954,0.42187274658047885,0.30069973989302
1986 7088,1986,1997,11,18919.88,49.83700059029334,-76.13571785114334,0.3066303591332788,0.29302105550073476,0.4140097134368954,0.42187274658047885,0.30069973989302
1986 7088,1986,1998,12,18919.88,49.83700059029334,-76.13571785114334,0.3008039074200276,0.3398649718734806,0.4140097134368954,0.42187274658047885,0.30069973989302
1986 7088,1986,1999,13,18919.88,49.83700059029334,-76.13571785114334,0.3886599958006627,0.324258189138013,0.4140097134368954,0.42187274658047885,0.30069973989302
1986 7088,1986,2000,14,18919.88,49.83700059029334,-76.13571785114334,0.5019760882127364,0.722692004070501,0.4140097134368954,0.42187274658047885,0.30069973989302
1986 7088,1986,2001,15,18919.88,49.83700059029334,-76.13571785114334,0.5507324850718802,0.6836389327309411,0.4140097134368954,0.42187274658047885,0.30069973989302
1986 7088,1986,2002,16,18919.88,49.83700059029334,-76.13571785114334,0.5644493060944676,0.7207100522466066,0.4140097134368954,0.42187274658047885,0.30069973989302
1986 7088,1986,2003,17,18919.88,49.83700059029334,-76.13571785114334,0.27538116973863164,0.21480271640398033,0.4140097134368954,0.42187274658047885,0.30069973989302
1986 7088,1986,2004,18,18919.88,49.83700059029334,-76.13571785114334,0.44824713763191903,0.14648462888125555,0.4140097134368954,0.42187274658047885,0.30069973989302
1986 7088,1986,2005,19,18919.88,49.83700059029334,-76.13571785114334,0.5643882305121855,0.6230943408584242,0.4140097134368954,0.42187274658047885,0.30069973989302
1986 7088,1986,2006,20,18919.88,49.83700059029334,-76.13571785114334,0.4589815492993586,0.35542753432165286,0.4140097134368954,0.42187274658047885,0.30069973989302
1986 7090,1986,1984,-2,7541.14,49.99525901691649,-75.55746331828355,0.5053100809772827,0.6211500627192152,0.5036950970345165,0.545939763270894,0.21837196850197715
1986 7090,1986,1985,-1,7541.14,49.99525901691649,-75.55746331828355,0.5020801130917504,0.4707294638225728,0.5036950970345165,0.545939763270894,0.21837196850197715
1986 7090,1986,1986,0,7541.14,49.99525901691649,-75.55746331828355,0.2853231285325394,0.46692801502739817,0.5036950970345165,0.545939763270894,0.21837196850197715
1986 7090,1986,1987,1,7541.14,49.99525901691649,-75.55746331828355,0.23627948744722174,0.1777620419826127,0.5036950970345165,0.545939763270894,0.21837196850197715
1986 7090,1986,1988,2,7541.14,49.99525901691649,-75.55746331828355,0.35351152884746606,0.4159187939002771,0.5036950970345165,0.545939763270894,0.21837196850197715
1986 7090,1986,1989,3,7541.14,49.99525901691649,-75.55746331828355,0.41854032367617255,0.6426041860144454,0.5036950970345165,0.545939763270894,0.21837196850197715
1986 7090,1986,1990,4,7541.14,49.99525901691649,-75.55746331828355,0.25192420005337707,0.2324565615215916,0.5036950970345165,0.545939763270894,0.21837196850197715
1986 7090,1986,1991,5,7541.14,49.99525901691649,-75.55746331828355,0.31841660795420346,0.15432867537310593,0.5036950970345165,0.545939763270894,0.21837196850197715
1986 7090,1986,1992,6,7541.14,49.99525901691649,-75.55746331828355,0.43155986527976054,0.521472564919013,0.5036950970345165,0.545939763270894,0.21837196850197715
1986 7090,1986,1993,7,7541.14,49.99525901691649,-75.55746331828355,0.4354825358052417,0.6543562094433634,0.5036950970345165,0.545939763270894,0.21837196850197715
1986 7090,1986,1994,8,7541.14,49.99525901691649,-75.55746331828355,0.408333748939156,0.603471090213333,0.5036950970345165,0.545939763270894,0.21837196850197715
1986 7090,1986,1995,9,7541.14,49.99525901691649,-75.55746331828355,0.3925281446536367,0.5839364967309122,0.5036950970345165,0.545939763270894,0.21837196850197715
1986 7090,1986,1996,10,7541.14,49.99525901691649,-75.55746331828355,0.34956956264646444,0.4901938602684676,0.5036950970345165,0.545939763270894,0.21837196850197715
1986 7090,1986,1997,11,7541.14,49.99525901691649,-75.55746331828355,0.27924545432274345,0.36129308672196897,0.5036950970345165,0.545939763270894,0.21837196850197715
1986 7090,1986,1998,12,7541.14,49.99525901691649,-75.55746331828355,0.3261574512601486,0.27531147853409893,0.5036950970345165,0.545939763270894,0.21837196850197715
1986 7090,1986,1999,13,7541.14,49.99525901691649,-75.55746331828355,0.43939824696065016,0.5643867523116975,0.5036950970345165,0.545939763270894,0.21837196850197715
1986 7090,1986,2000,14,7541.14,49.99525901691649,-75.55746331828355,0.2909319061521289,0.2459608328536694,0.5036950970345165,0.545939763270894,0.21837196850197715
1986 7090,1986,2001,15,7541.14,49.99525901691649,-75.55746331828355,0.39453409014410384,0.3947171024317175,0.5036950970345165,0.545939763270894,0.21837196850197715
1986 7090,1986,2002,16,7541.14,49.99525901691649,-75.55746331828355,0.4082125872098342,0.3691761180584239,0.5036950970345165,0.545939763270894,0.21837196850197715
1986 7090,1986,2003,17,7541.14,49.99525901691649,-75.55746331828355,0.4237692038449604,0.5430862263934423,0.5036950970345165,0.545939763270894,0.21837196850197715
1986 7090,1986,2004,18,7541.14,49.99525901691649,-75.55746331828355,0.3925032123561117,0.20893280682205592,0.5036950970345165,0.545939763270894,0.21837196850197715
1986 7090,1986,2005,19,7541.14,49.99525901691649,-75.55746331828355,0.49407851345024617,0.5839720190538171,0.5036950970345165,0.545939763270894,0.21837196850197715
1986 7090,1986,2006,20,7541.14,49.99525901691649,-75.55746331828355,0.47069227437109395,0.6113161699690531,0.5036950970345165,0.545939763270894,0.21837196850197715
1986 7093,1986,1984,-2,2519.99,49.641705056548695,-76.18437056091436,0.5639921375882065,0.6746624736976624,0.46266035523474625,0.4261620437473633,0.20895076501027293
1986 7093,1986,1985,-1,2519.99,49.641705056548695,-76.18437056091436,0.36132857288128595,0.17766161379706413,0.46266035523474625,0.4261620437473633,0.20895076501027293
1986 7093,1986,1986,0,2519.99,49.641705056548695,-76.18437056091436,0.2537095902244733,0.3533203889901163,0.46266035523474625,0.4261620437473633,0.20895076501027293
1986 7093,1986,1987,1,2519.99,49.641705056548695,-76.18437056091436,0.28029232942320526,0.033252744748768215,0.46266035523474625,0.4261620437473633,0.20895076501027293
1986 7093,1986,1988,2,2519.99,49.641705056548695,-76.18437056091436,0.19165436122765428,0.4356298600353014,0.46266035523474625,0.4261620437473633,0.20895076501027293
1986 7093,1986,1989,3,2519.99,49.641705056548695,-76.18437056091436,0.27929906626886813,0.6034826423559522,0.46266035523474625,0.4261620437473633,0.20895076501027293
1986 7093,1986,1990,4,2519.99,49.641705056548695,-76.18437056091436,0.404321969638258,0.12865848610444736,0.46266035523474625,0.4261620437473633,0.20895076501027293
1986 7093,1986,1991,5,2519.99,49.641705056548695,-76.18437056091436,0.40833858620061053,0.31440115531033075,0.46266035523474625,0.4261620437473633,0.20895076501027293
1986 7093,1986,1992,6,2519.99,49.641705056548695,-76.18437056091436,0.3457557009668019,0.5840928444125001,0.46266035523474625,0.4261620437473633,0.20895076501027293
1986 7093,1986,1993,7,2519.99,49.641705056548695,-76.18437056091436,0.4082865680897754,0.6309631850527145,0.46266035523474625,0.4261620437473633,0.20895076501027293
1986 7093,1986,1994,8,2519.99,49.641705056548695,-76.18437056091436,0.4393908061410367,0.6347557456537655,0.46266035523474625,0.4261620437473633,0.20895076501027293
1986 7093,1986,1995,9,2519.99,49.641705056548695,-76.18437056091436,0.39723488306403926,0.6581071227068949,0.46266035523474625,0.4261620437473633,0.20895076501027293
1986 7093,1986,1996,10,2519.99,49.641705056548695,-76.18437056091436,0.27925596063035163,0.1601005997015385,0.46266035523474625,0.4261620437473633,0.20895076501027293
1986 7093,1986,1997,11,2519.99,49.641705056548695,-76.18437056091436,0.2792572395015907,0.09765631599070992,0.46266035523474625,0.4261620437473633,0.20895076501027293
1986 7093,1986,1998,12,2519.99,49.641705056548695,-76.18437056091436,0.20497935301893003,0.14444041502490657,0.46266035523474625,0.4261620437473633,0.20895076501027293
1986 7093,1986,1999,13,2519.99,49.641705056548695,-76.18437056091436,0.4197217985334594,0.3554855040290388,0.46266035523474625,0.4261620437473633,0.20895076501027293
1986 7093,1986,2000,14,2519.99,49.641705056548695,-76.18437056091436,0.416034568703897,0.6368184741812789,0.46266035523474625,0.4261620437473633,0.20895076501027293
1986 7093,1986,2001,15,2519.99,49.641705056548695,-76.18437056091436,0.5215340707047886,0.6933637789496038,0.46266035523474625,0.4261620437473633,0.20895076501027293
1986 7093,1986,2002,16,2519.99,49.641705056548695,-76.18437056091436,0.5605296525797554,0.7050131170929707,0.46266035523474625,0.4261620437473633,0.20895076501027293
1986 7093,1986,2003,17,2519.99,49.641705056548695,-76.18437056091436,0.29885326657234423,0.3261642512079921,0.46266035523474625,0.4261620437473633,0.20895076501027293
1986 7093,1986,2004,18,2519.99,49.641705056548695,-76.18437056091436,0.39361017514348917,0.19329851305699952,0.46266035523474625,0.4261620437473633,0.20895076501027293
1986 7093,1986,2005,19,2519.99,49.641705056548695,-76.18437056091436,0.5682644616444807,0.7207845931856913,0.46266035523474625,0.4261620437473633,0.20895076501027293
1986 7093,1986,2006,20,2519.99,49.641705056548695,-76.18437056091436,0.43553703942155203,0.49608564347136325,0.46266035523474625,0.4261620437473633,0.20895076501027293
1986 7099,1986,1984,-2,7691.59,49.7310079271986,-75.45517809221113,0.5511938011664838,0.6307827938595859,0.5695515264157667,0.6259899293968683,0.3235676480501163
1986 7099,1986,1985,-1,7691.59,49.7310079271986,-75.45517809221113,0.5879092516650496,0.6211970649341506,0.5695515264157667,0.6259899293968683,0.3235676480501163
1986 7099,1986,1986,0,7691.59,49.7310079271986,-75.45517809221113,0.2459838783656504,0.47849088791491073,0.5695515264157667,0.6259899293968683,0.3235676480501163
1986 7099,1986,1987,1,7691.59,49.7310079271986,-75.45517809221113,0.33793380757654484,0.2207319877936115,0.5695515264157667,0.6259899293968683,0.3235676480501163
1986 7099,1986,1988,2,7691.59,49.7310079271986,-75.45517809221113,0.2693489578848102,0.5136876224722943,0.5695515264157667,0.6259899293968683,0.3235676480501163
1986 7099,1986,1989,3,7691.59,49.7310079271986,-75.45517809221113,0.4101548693386846,0.6504078381064727,0.5695515264157667,0.6259899293968683,0.3235676480501163
1986 7099,1986,1990,4,7691.59,49.7310079271986,-75.45517809221113,0.3477155452951455,0.5351002706652125,0.5695515264157667,0.6259899293968683,0.3235676480501163
1986 7099,1986,1991,5,7691.59,49.7310079271986,-75.45517809221113,0.416023612307947,0.04095868737374009,0.5695515264157667,0.6259899293968683,0.3235676480501163
1986 7099,1986,1992,6,7691.59,49.7310079271986,-75.45517809221113,0.42781493927964925,0.5682490167068521,0.5695515264157667,0.6259899293968683,0.3235676480501163
1986 7099,1986,1993,7,7691.59,49.7310079271986,-75.45517809221113,0.4179569455517654,0.6386680763199865,0.5695515264157667,0.6259899293968683,0.3235676480501163
1986 7099,1986,1994,8,7691.59,49.7310079271986,-75.45517809221113,0.40237034819888995,0.5800842501413699,0.5695515264157667,0.6259899293968683,0.3235676480501163
1986 7099,1986,1995,9,7691.59,49.7310079271986,-75.45517809221113,0.37308685385882556,0.4785348411162209,0.5695515264157667,0.6259899293968683,0.3235676480501163
1986 7099,1986,1996,10,7691.59,49.7310079271986,-75.45517809221113,0.38092194396182794,0.3397498893584589,0.5695515264157667,0.6259899293968683,0.3235676480501163
1986 7099,1986,1997,11,7691.59,49.7310079271986,-75.45517809221113,0.4415056868741088,0.6288673532960332,0.5695515264157667,0.6259899293968683,0.3235676480501163
1986 7099,1986,1998,12,7691.59,49.7310079271986,-75.45517809221113,0.3164626340278786,0.08171372322874759,0.5695515264157667,0.6259899293968683,0.3235676480501163
1986 7099,1986,1999,13,7691.59,49.7310079271986,-75.45517809221113,0.4824351047949627,0.5683362703158743,0.5695515264157667,0.6259899293968683,0.3235676480501163
1986 7099,1986,2000,14,7691.59,49.7310079271986,-75.45517809221113,0.240212876517963,0.16790425909084097,0.5695515264157667,0.6259899293968683,0.3235676480501163
1986 7099,1986,2001,15,7691.59,49.7310079271986,-75.45517809221113,0.2949109651025507,0.08194458795396958,0.5695515264157667,0.6259899293968683,0.3235676480501163
1986 7099,1986,2002,16,7691.59,49.7310079271986,-75.45517809221113,0.474589282234501,0.5996276468078319,0.5695515264157667,0.6259899293968683,0.3235676480501163
1986 7099,1986,2003,17,7691.59,49.7310079271986,-75.45517809221113,0.4238447377394968,0.5430969487833434,0.5695515264157667,0.6259899293968683,0.3235676480501163
1986 7099,1986,2004,18,7691.59,49.7310079271986,-75.45517809221113,0.4121086017391736,0.26756179275242814,0.5695515264157667,0.6259899293968683,0.3235676480501163
1986 7099,1986,2005,19,7691.59,49.7310079271986,-75.45517809221113,0.5214839382308255,0.6699635294294891,0.5695515264157667,0.6259899293968683,0.3235676480501163
1986 7099,1986,2006,20,7691.59,49.7310079271986,-75.45517809221113,0.5058680539650144,0.6542816477087136,0.5695515264157667,0.6259899293968683,0.3235676480501163
1986 7100,1986,1984,-2,256.59,49.69175151724237,-75.82901778895389,0.48357648400889713,0.6278981491362469,0.407421056444895,0.47753779451610723,-0.05561852427174646
1986 7100,1986,1985,-1,256.59,49.69175151724237,-75.82901778895389,0.3312656288808929,0.32717743989596765,0.407421056444895,0.47753779451610723,-0.05561852427174646
1986 7100,1986,1986,0,256.59,49.69175151724237,-75.82901778895389,0.4630395807166415,0.6271201799664908,0.407421056444895,0.47753779451610723,-0.05561852427174646
1986 7100,1986,1987,1,256.59,49.69175151724237,-75.82901778895389,0.18156450026720022,0.3415908470039947,0.407421056444895,0.47753779451610723,-0.05561852427174646
1986 7100,1986,1988,2,256.59,49.69175151724237,-75.82901778895389,0.24434716972569812,0.4392348823630846,0.407421056444895,0.47753779451610723,-0.05561852427174646
1986 7100,1986,1989,3,256.59,49.69175151724237,-75.82901778895389,0.4202515573860918,0.6667443215073267,0.407421056444895,0.47753779451610723,-0.05561852427174646
1986 7100,1986,1990,4,256.59,49.69175151724237,-75.82901778895389,0.396410773001531,0.5255024992154205,0.407421056444895,0.47753779451610723,-0.05561852427174646
1986 7100,1986,1991,5,256.59,49.69175151724237,-75.82901778895389,0.3994883601759067,0.03463588950480139,0.407421056444895,0.47753779451610723,-0.05561852427174646
1986 7100,1986,1992,6,256.59,49.69175151724237,-75.82901778895389,0.41639548118738967,0.5690534755181325,0.407421056444895,0.47753779451610723,-0.05561852427174646
1986 7100,1986,1993,7,256.59,49.69175151724237,-75.82901778895389,0.4316800575419842,0.6533597343754881,0.407421056444895,0.47753779451610723,-0.05561852427174646
1986 7100,1986,1994,8,256.59,49.69175151724237,-75.82901778895389,0.44713814993362866,0.6150240079756623,0.407421056444895,0.47753779451610723,-0.05561852427174646
1986 7100,1986,1995,9,256.59,49.69175151724237,-75.82901778895389,0.471028460409848,0.6617150960693327,0.407421056444895,0.47753779451610723,-0.05561852427174646
1986 7100,1986,1996,10,256.59,49.69175151724237,-75.82901778895389,0.4471034699407432,0.5766048788825586,0.407421056444895,0.47753779451610723,-0.05561852427174646
1986 7100,1986,1997,11,256.59,49.69175151724237,-75.82901778895389,0.49052234065349287,0.6112855315734169,0.407421056444895,0.47753779451610723,-0.05561852427174646
1986 7100,1986,1998,12,256.59,49.69175151724237,-75.82901778895389,0.36485403439787195,0.12880403366121795,0.407421056444895,0.47753779451610723,-0.05561852427174646
1986 7100,1986,1999,13,256.59,49.69175151724237,-75.82901778895389,0.5577166780028645,0.7014041672942195,0.407421056444895,0.47753779451610723,-0.05561852427174646
1986 7100,1986,2000,14,256.59,49.69175151724237,-75.82901778895389,0.29404530856149874,0.1540915326159841,0.407421056444895,0.47753779451610723,-0.05561852427174646
1986 7100,1986,2001,15,256.59,49.69175151724237,-75.82901778895389,0.3856550571575481,0.24035492415425325,0.407421056444895,0.47753779451610723,-0.05561852427174646
1986 7100,1986,2002,16,256.59,49.69175151724237,-75.82901778895389,0.5490068618096173,0.7050322105325021,0.407421056444895,0.47753779451610723,-0.05561852427174646
1986 7100,1986,2003,17,256.59,49.69175151724237,-75.82901778895389,0.5018757552340828,0.6620647957788718,0.407421056444895,0.47753779451610723,-0.05561852427174646
1986 7100,1986,2004,18,256.59,49.69175151724237,-75.82901778895389,0.4990925425158579,0.4707158879598156,0.407421056444895,0.47753779451610723,-0.05561852427174646
1986 7100,1986,2005,19,256.59,49.69175151724237,-75.82901778895389,0.5360408083286956,0.5644563205028922,0.407421056444895,0.47753779451610723,-0.05561852427174646
1986 7100,1986,2006,20,256.59,49.69175151724237,-75.82901778895389,0.5487692450775513,0.7090264545237053,0.407421056444895,0.47753779451610723,-0.05561852427174646
1986 7101,1986,1984,-2,57626.02,50.040655213097885,-75.77386716299387,0.5332559587961282,0.6367755269428691,0.46879911333251584,0.41800627551140723,0.35544239183966164
1986 7101,1986,1985,-1,57626.02,50.040655213097885,-75.77386716299387,0.4043422678689035,0.1992370240799453,0.46879911333251584,0.41800627551140723,0.35544239183966164
1986 7101,1986,1986,0,57626.02,50.040655213097885,-75.77386716299387,0.11335672149285422,0.339817035073719,0.46879911333251584,0.41800627551140723,0.35544239183966164
1986 7101,1986,1987,1,57626.02,50.040655213097885,-75.77386716299387,0.293024692678357,0.06619613705174704,0.46879911333251584,0.41800627551140723,0.35544239183966164
1986 7101,1986,1988,2,57626.02,50.040655213097885,-75.77386716299387,0.2695483693252257,0.535122407791313,0.46879911333251584,0.41800627551140723,0.35544239183966164
1986 7101,1986,1989,3,57626.02,50.040655213097885,-75.77386716299387,0.37098157458497893,0.6347602771344564,0.46879911333251584,0.41800627551140723,0.35544239183966164
1986 7101,1986,1990,4,57626.02,50.040655213097885,-75.77386716299387,0.2460618884873101,0.18360046177689884,0.46879911333251584,0.41800627551140723,0.35544239183966164
1986 7101,1986,1991,5,57626.02,50.040655213097885,-75.77386716299387,0.2538740998100262,0.13671061546702148,0.46879911333251584,0.41800627551140723,0.35544239183966164
1986 7101,1986,1992,6,57626.02,50.040655213097885,-75.77386716299387,0.3768511467298533,0.5488547188289887,0.46879911333251584,0.41800627551140723,0.35544239183966164
1986 7101,1986,1993,7,57626.02,50.040655213097885,-75.77386716299387,0.4179786750758235,0.6523964313867295,0.46879911333251584,0.41800627551140723,0.35544239183966164
1986 7101,1986,1994,8,57626.02,50.040655213097885,-75.77386716299387,0.39445866690125864,0.6054984732132458,0.46879911333251584,0.41800627551140723,0.35544239183966164
1986 7101,1986,1995,9,57626.02,50.040655213097885,-75.77386716299387,0.38670889477025694,0.5976889188976011,0.46879911333251584,0.41800627551140723,0.35544239183966164
1986 7101,1986,1996,10,57626.02,50.040655213097885,-75.77386716299387,0.22461386341239636,0.11321732766775876,0.46879911333251584,0.41800627551140723,0.35544239183966164
1986 7101,1986,1997,11,57626.02,50.040655213097885,-75.77386716299387,0.39454336647245597,0.02744884582727185,0.46879911333251584,0.41800627551140723,0.35544239183966164
1986 7101,1986,1998,12,57626.02,50.040655213097885,-75.77386716299387,0.4746127103850656,0.628886778172639,0.46879911333251584,0.41800627551140723,0.35544239183966164
1986 7101,1986,1999,13,57626.02,50.040655213097885,-75.77386716299387,0.4238618367839575,0.4726372056234803,0.46879911333251584,0.41800627551140723,0.35544239183966164
1986 7101,1986,2000,14,57626.02,50.040655213097885,-75.77386716299387,0.3535156241633523,0.5039338325003703,0.46879911333251584,0.41800627551140723,0.35544239183966164
1986 7101,1986,2001,15,57626.02,50.040655213097885,-75.77386716299387,0.46679169673864684,0.5527283549490031,0.46879911333251584,0.41800627551140723,0.35544239183966164
1986 7101,1986,2002,16,57626.02,50.040655213097885,-75.77386716299387,0.4511963154347988,0.5840076071992955,0.46879911333251584,0.41800627551140723,0.35544239183966164
1986 7101,1986,2003,17,57626.02,50.040655213097885,-75.77386716299387,0.3730335096872311,0.38670315001385364,0.46879911333251584,0.41800627551140723,0.35544239183966164
1986 7101,1986,2004,18,57626.02,50.040655213097885,-75.77386716299387,0.41601856598579606,0.18359314512604463,0.46879911333251584,0.41800627551140723,0.35544239183966164
1986 7101,1986,2005,19,57626.02,50.040655213097885,-75.77386716299387,0.5253604732364583,0.6425914258681095,0.46879911333251584,0.41800627551140723,0.35544239183966164
1986 7101,1986,2006,20,57626.02,50.040655213097885,-75.77386716299387,0.4901968342975314,0.636793288322867,0.46879911333251584,0.41800627551140723,0.35544239183966164
1986 7106,1986,1984,-2,38099.2,50.13702619425429,-76.0781240474334,0.5604574366270136,0.6680363540137185,0.5194858605601358,0.3789033523136395,0.42961810819836094
1986 7106,1986,1985,-1,38099.2,50.13702619425429,-76.0781240474334,0.478514284493258,0.08977035061356047,0.5194858605601358,0.3789033523136395,0.42961810819836094
1986 7106,1986,1986,0,38099.2,50.13702619425429,-76.0781240474334,0.08986775236177487,0.27709921844673874,0.5194858605601358,0.3789033523136395,0.42961810819836094
1986 7106,1986,1987,1,38099.2,50.13702619425429,-76.0781240474334,0.3769676963931778,0.051287938129671494,0.5194858605601358,0.3789033523136395,0.42961810819836094
1986 7106,1986,1988,2,38099.2,50.13702619425429,-76.0781240474334,0.32428369121564776,0.6211244450746921,0.5194858605601358,0.3789033523136395,0.42961810819836094
1986 7106,1986,1989,3,38099.2,50.13702619425429,-76.0781240474334,0.40225857080085897,0.5801221694803692,0.5194858605601358,0.3789033523136395,0.42961810819836094
1986 7106,1986,1990,4,38099.2,50.13702619425429,-76.0781240474334,0.2988351819487087,0.08193760030163977,0.5194858605601358,0.3789033523136395,0.42961810819836094
1986 7106,1986,1991,5,38099.2,50.13702619425429,-76.0781240474334,0.3691408530502225,0.41018373989499907,0.5194858605601358,0.3789033523136395,0.42961810819836094
1986 7106,1986,1992,6,38099.2,50.13702619425429,-76.0781240474334,0.3786572249341556,0.5762086878810776,0.5194858605601358,0.3789033523136395,0.42961810819836094
1986 7106,1986,1993,7,38099.2,50.13702619425429,-76.0781240474334,0.4257798656365638,0.6367738907858234,0.5194858605601358,0.3789033523136395,0.42961810819836094
1986 7106,1986,1994,8,38099.2,50.13702619425429,-76.0781240474334,0.47266711890809754,0.6602256918480269,0.5194858605601358,0.3789033523136395,0.42961810819836094
1986 7106,1986,1995,9,38099.2,50.13702619425429,-76.0781240474334,0.31637947972251906,0.5117466769096123,0.5194858605601358,0.3789033523136395,0.42961810819836094
1986 7106,1986,1996,10,38099.2,50.13702619425429,-76.0781240474334,0.30263663259900053,0.12102963248928841,0.5194858605601358,0.3789033523136395,0.42961810819836094
1986 7106,1986,1997,11,38099.2,50.13702619425429,-76.0781240474334,0.4180344730728222,0.03491844181981274,0.5194858605601358,0.3789033523136395,0.42961810819836094
1986 7106,1986,1998,12,38099.2,50.13702619425429,-76.0781240474334,0.49418721286037554,0.6445911554376424,0.5194858605601358,0.3789033523136395,0.42961810819836094
1986 7106,1986,1999,13,38099.2,50.13702619425429,-76.0781240474334,0.43552360440419297,0.4179689245583653,0.5194858605601358,0.3789033523136395,0.42961810819836094
1986 7106,1986,2000,14,38099.2,50.13702619425429,-76.0781240474334,0.4433231516409513,0.6210990956506064,0.5194858605601358,0.3789033523136395,0.42961810819836094
1986 7106,1986,2001,15,38099.2,50.13702619425429,-76.0781240474334,0.503926939223371,0.6523852836802885,0.5194858605601358,0.3789033523136395,0.42961810819836094
1986 7106,1986,2002,16,38099.2,50.13702619425429,-76.0781240474334,0.4960754635994536,0.6601498834786064,0.5194858605601358,0.3789033523136395,0.42961810819836094
1986 7106,1986,2003,17,38099.2,50.13702619425429,-76.0781240474334,0.40427004179722603,0.2773250821073585,0.5194858605601358,0.3789033523136395,0.42961810819836094
1986 7106,1986,2004,18,38099.2,50.13702619425429,-76.0781240474334,0.40817303550038864,0.19137751592627272,0.5194858605601358,0.3789033523136395,0.42961810819836094
1986 7106,1986,2005,19,38099.2,50.13702619425429,-76.0781240474334,0.5370404258302551,0.6269443667853761,0.5194858605601358,0.3789033523136395,0.42961810819836094
1986 7106,1986,2006,20,38099.2,50.13702619425429,-76.0781240474334,0.48825111521711184,0.613334972051507,0.5194858605601358,0.3789033523136395,0.42961810819836094
1986 7115,1986,1984,-2,7902.81,50.18724322441252,-76.39799935321682,0.5216173496956512,0.6309141441832594,0.5000827882682362,0.49314031901742883,0.15402955957515596
1986 7115,1986,1985,-1,7902.81,50.18724322441252,-76.39799935321682,0.478548226840821,0.35536649385159824,0.5000827882682362,0.49314031901742883,0.15402955957515596
1986 7115,1986,1986,0,7902.81,50.18724322441252,-76.39799935321682,0.3460532286930802,0.5370383213179069,0.5000827882682362,0.49314031901742883,0.15402955957515596
1986 7115,1986,1987,1,7902.81,50.18724322441252,-76.39799935321682,0.44334113132771114,0.033703578529875544,0.5000827882682362,0.49314031901742883,0.15402955957515596
1986 7115,1986,1988,2,7902.81,50.18724322441252,-76.39799935321682,0.3164428233518743,0.42774247399926446,0.5000827882682362,0.49314031901742883,0.15402955957515596
1986 7115,1986,1989,3,7902.81,50.18724322441252,-76.39799935321682,0.4159033933741243,0.5408929576398915,0.5000827882682362,0.49314031901742883,0.15402955957515596
1986 7115,1986,1990,4,7902.81,50.18724322441252,-76.39799935321682,0.287060407582342,0.08785441571823795,0.5000827882682362,0.49314031901742883,0.15402955957515596
1986 7115,1986,1991,5,7902.81,50.18724322441252,-76.39799935321682,0.41214407158682215,0.509742664513429,0.5000827882682362,0.49314031901742883,0.15402955957515596
1986 7115,1986,1992,6,7902.81,50.18724322441252,-76.39799935321682,0.4394934921573932,0.5840053234851258,0.5000827882682362,0.49314031901742883,0.15402955957515596
1986 7115,1986,1993,7,7902.81,50.18724322441252,-76.39799935321682,0.4122909942967285,0.5214990095161507,0.5000827882682362,0.49314031901742883,0.15402955957515596
1986 7115,1986,1994,8,7902.81,50.18724322441252,-76.39799935321682,0.44724010528114533,0.5957265770011461,0.5000827882682362,0.49314031901742883,0.15402955957515596
1986 7115,1986,1995,9,7902.81,50.18724322441252,-76.39799935321682,0.4863584388308461,0.6738487306780958,0.5000827882682362,0.49314031901742883,0.15402955957515596
1986 7115,1986,1996,10,7902.81,50.18724322441252,-76.39799935321682,0.3613639249076474,0.33977709996900385,0.5000827882682362,0.49314031901742883,0.15402955957515596
1986 7115,1986,1997,11,7902.81,50.18724322441252,-76.39799935321682,0.4863525540470045,0.05061292275120065,0.5000827882682362,0.49314031901742883,0.15402955957515596
1986 7115,1986,1998,12,7902.81,50.18724322441252,-76.39799935321682,0.5057786217416653,0.6425922826469664,0.5000827882682362,0.49314031901742883,0.15402955957515596
1986 7115,1986,1999,13,7902.81,50.18724322441252,-76.39799935321682,0.40818321954181985,0.30270951663987555,0.5000827882682362,0.49314031901742883,0.15402955957515596
1986 7115,1986,2000,14,7902.81,50.18724322441252,-76.39799935321682,0.4160059247239645,0.5741982650649842,0.5000827882682362,0.49314031901742883,0.15402955957515596
1986 7115,1986,2001,15,7902.81,50.18724322441252,-76.39799935321682,0.41208648544896376,0.4628695535186662,0.5000827882682362,0.49314031901742883,0.15402955957515596
1986 7115,1986,2002,16,7902.81,50.18724322441252,-76.39799935321682,0.4394395074090085,0.44729677171756294,0.5000827882682362,0.49314031901742883,0.15402955957515596
1986 7115,1986,2003,17,7902.81,50.18724322441252,-76.39799935321682,0.3808635666170671,0.24418107395674457,0.5000827882682362,0.49314031901742883,0.15402955957515596
1986 7115,1986,2004,18,7902.81,50.18724322441252,-76.39799935321682,0.3964843510424994,0.2617495874439706,0.5000827882682362,0.49314031901742883,0.15402955957515596
1986 7115,1986,2005,19,7902.81,50.18724322441252,-76.39799935321682,0.49417745090661863,0.47856592142839294,0.5000827882682362,0.49314031901742883,0.15402955957515596
1986 7115,1986,2006,20,7902.81,50.18724322441252,-76.39799935321682,0.5293547831222591,0.6777953001949788,0.5000827882682362,0.49314031901742883,0.15402955957515596
1988 7169,1988,1985,-3,912.38,49.70557798620448,-75.83916575967676,0.3377138130940994,0.3497212111039331,0.3377138130940994,0.3497212111039331,0.09943965634698029
1988 7169,1988,1986,-2,912.38,49.70557798620448,-75.83916575967676,0.5040556221856951,0.6659526223107726,0.3377138130940994,0.3497212111039331,0.09943965634698029
1988 7169,1988,1987,-1,912.38,49.70557798620448,-75.83916575967676,0.20509251070512766,0.3026513732354787,0.3377138130940994,0.3497212111039331,0.09943965634698029
1988 7169,1988,1988,0,912.38,49.70557798620448,-75.83916575967676,0.23827415674711913,0.5177362054302125,0.3377138130940994,0.3497212111039331,0.09943965634698029
1988 7169,1988,1989,1,912.38,49.70557798620448,-75.83916575967676,0.05842818118772568,0.49038787508340204,0.3377138130940994,0.3497212111039331,0.09943965634698029
1988 7169,1988,1990,2,912.38,49.70557798620448,-75.83916575967676,0.2556852259648926,0.3612619588863793,0.3377138130940994,0.3497212111039331,0.09943965634698029
1988 7169,1988,1991,3,912.38,49.70557798620448,-75.83916575967676,0.3682771088146989,0.03222901220116225,0.3377138130940994,0.3497212111039331,0.09943965634698029
1988 7169,1988,1992,4,912.38,49.70557798620448,-75.83916575967676,0.3065419697765664,0.4785699852919135,0.3377138130940994,0.3497212111039331,0.09943965634698029
1988 7169,1988,1993,5,912.38,49.70557798620448,-75.83916575967676,0.31873093543208575,0.6112501394376256,0.3377138130940994,0.3497212111039331,0.09943965634698029
1988 7169,1988,1994,6,912.38,49.70557798620448,-75.83916575967676,0.3221169566836221,0.5333331708257752,0.3377138130940994,0.3497212111039331,0.09943965634698029
1988 7169,1988,1995,7,912.38,49.70557798620448,-75.83916575967676,0.3965755856552468,0.6192158113331978,0.3377138130940994,0.3497212111039331,0.09943965634698029
1988 7169,1988,1996,8,912.38,49.70557798620448,-75.83916575967676,0.2404529189772724,0.23644808267530548,0.3377138130940994,0.3497212111039331,0.09943965634698029
1988 7169,1988,1997,9,912.38,49.70557798620448,-75.83916575967676,0.34184029764778223,0.4862918139823213,0.3377138130940994,0.3497212111039331,0.09943965634698029
1988 7169,1988,1998,10,912.38,49.70557798620448,-75.83916575967676,0.47266565471608485,0.4497937361178784,0.3377138130940994,0.3497212111039331,0.09943965634698029
1988 7169,1988,1999,11,912.38,49.70557798620448,-75.83916575967676,0.5330898878405796,0.6854558402929384,0.3377138130940994,0.3497212111039331,0.09943965634698029
1988 7169,1988,2000,12,912.38,49.70557798620448,-75.83916575967676,0.2792193229788758,0.23053233491535322,0.3377138130940994,0.3497212111039331,0.09943965634698029
1988 7169,1988,2001,13,912.38,49.70557798620448,-75.83916575967676,0.38470499088146753,0.2597141700329092,0.3377138130940994,0.3497212111039331,0.09943965634698029
1988 7169,1988,2002,14,912.38,49.70557798620448,-75.83916575967676,0.5567556099019708,0.7168620970553085,0.3377138130940994,0.3497212111039331,0.09943965634698029
1988 7169,1988,2003,15,912.38,49.70557798620448,-75.83916575967676,0.5216573431967038,0.6893827059902137,0.3377138130940994,0.3497212111039331,0.09943965634698029
1988 7169,1988,2004,16,912.38,49.70557798620448,-75.83916575967676,0.4315857716043252,0.31047971213092546,0.3377138130940994,0.3497212111039331,0.09943965634698029
1988 7169,1988,2005,17,912.38,49.70557798620448,-75.83916575967676,0.5527840315421426,0.6112038531064796,0.3377138130940994,0.3497212111039331,0.09943965634698029
1988 7169,1988,2006,18,912.38,49.70557798620448,-75.83916575967676,0.584116447015494,0.7324623772322687,0.3377138130940994,0.3497212111039331,0.09943965634698029
1988 7169,1988,2007,19,912.38,49.70557798620448,-75.83916575967676,0.5095548822897367,0.5292670556884073,0.3377138130940994,0.3497212111039331,0.09943965634698029
1988 7169,1988,2008,20,912.38,49.70557798620448,-75.83916575967676,0.2832090943798436,0.17588149475101292,0.3377138130940994,0.3497212111039331,0.09943965634698029
1992 7079,1992,1989,-3,2007.52,49.76388876584899,-77.71544814331487,0.3036670607364967,0.06829851263919992,0.4003316594326553,0.2540223328936885,0.2146666961430248
1992 7079,1992,1990,-2,2007.52,49.76388876584899,-77.71544814331487,0.4003316594326553,0.2540223328936885,0.4003316594326553,0.2540223328936885,0.2146666961430248
1992 7079,1992,1991,-1,2007.52,49.76388876584899,-77.71544814331487,0.4396212058218768,0.39311809662505104,0.4003316594326553,0.2540223328936885,0.2146666961430248
1992 7079,1992,1992,0,2007.52,49.76388876584899,-77.71544814331487,0.1856649632896305,0.3183300776504696,0.4003316594326553,0.2540223328936885,0.2146666961430248
1992 7079,1992,1993,1,2007.52,49.76388876584899,-77.71544814331487,0.19912503453241567,0.4119906375273118,0.4003316594326553,0.2540223328936885,0.2146666961430248
1992 7079,1992,1994,2,2007.52,49.76388876584899,-77.71544814331487,0.3478163897580396,0.05839096448593297,0.4003316594326553,0.2540223328936885,0.2146666961430248
1992 7079,1992,1995,3,2007.52,49.76388876584899,-77.71544814331487,0.4394801829365098,0.6895373717853779,0.4003316594326553,0.2540223328936885,0.2146666961430248
1992 7079,1992,1996,4,2007.52,49.76388876584899,-77.71544814331487,0.34193658040380004,0.12685011643406086,0.4003316594326553,0.2540223328936885,0.2146666961430248
1992 7079,1992,1997,5,2007.52,49.76388876584899,-77.71544814331487,0.31438257805552117,0.5018315826640236,0.4003316594326553,0.2540223328936885,0.2146666961430248
1992 7079,1992,1998,6,2007.52,49.76388876584899,-77.71544814331487,0.4784056766898432,0.6425601595478001,0.4003316594326553,0.2540223328936885,0.2146666961430248
1992 7079,1992,1999,7,2007.52,49.76388876584899,-77.71544814331487,0.2986145415853851,0.29878041581392384,0.4003316594326553,0.2540223328936885,0.2146666961430248
1992 7079,1992,2000,8,2007.52,49.76388876584899,-77.71544814331487,0.3223021910124649,0.44121942401470965,0.4003316594326553,0.2540223328936885,0.2146666961430248
1992 7079,1992,2001,9,2007.52,49.76388876584899,-77.71544814331487,0.3925765055217801,0.4804196620707706,0.4003316594326553,0.2540223328936885,0.2146666961430248
1992 7079,1992,2002,10,2007.52,49.76388876584899,-77.71544814331487,0.46287279443521545,0.12692618506348546,0.4003316594326553,0.2540223328936885,0.2146666961430248
1992 7079,1992,2003,11,2007.52,49.76388876584899,-77.71544814331487,0.4471622152496141,0.4864146412437223,0.4003316594326553,0.2540223328936885,0.2146666961430248
1992 7079,1992,2004,12,2007.52,49.76388876584899,-77.71544814331487,0.49017984922425706,0.6503052534541294,0.4003316594326553,0.2540223328936885,0.2146666961430248
1992 7079,1992,2005,13,2007.52,49.76388876584899,-77.71544814331487,0.5410952894662406,0.6660927608105699,0.4003316594326553,0.2540223328936885,0.2146666961430248
1992 7079,1992,2006,14,2007.52,49.76388876584899,-77.71544814331487,0.5174364895779778,0.5801629270073496,0.4003316594326553,0.2540223328936885,0.2146666961430248
1992 7079,1992,2007,15,2007.52,49.76388876584899,-77.71544814331487,0.4666744254792825,0.5039304816006479,0.4003316594326553,0.2540223328936885,0.2146666961430248
1992 7079,1992,2008,16,2007.52,49.76388876584899,-77.71544814331487,0.47846631381127597,0.5955297713526113,0.4003316594326553,0.2540223328936885,0.2146666961430248
1992 7079,1992,2009,17,2007.52,49.76388876584899,-77.71544814331487,0.451123218757616,0.1347803111793726,0.4003316594326553,0.2540223328936885,0.2146666961430248
1992 7079,1992,2010,18,2007.52,49.76388876584899,-77.71544814331487,0.45507671363500146,0.43168548107684457,0.4003316594326553,0.2540223328936885,0.2146666961430248
1992 7079,1992,2011,19,2007.52,49.76388876584899,-77.71544814331487,0.4277822297268812,0.3570812395064086,0.4003316594326553,0.2540223328936885,0.2146666961430248
1992 7079,1992,2012,20,2007.52,49.76388876584899,-77.71544814331487,0.400410280342647,0.35555800149821654,0.4003316594326553,0.2540223328936885,0.2146666961430248
19951080515,1995,1992,-3,130.0,49.93315701026437,-76.1214616072561,0.44743445593580433,0.600874521009868,0.3848000241907261,0.5721763105804959,0.2279531742662532
19951080515,1995,1993,-2,130.0,49.93315701026437,-76.1214616072561,0.23623361607275345,0.32580432223625455,0.3848000241907261,0.5721763105804959,0.2279531742662532
19951080515,1995,1994,-1,130.0,49.93315701026437,-76.1214616072561,0.3848000241907261,0.5721763105804959,0.3848000241907261,0.5721763105804959,0.2279531742662532
19951080515,1995,1995,0,130.0,49.93315701026437,-76.1214616072561,0.15684684992447293,0.14136163091925702,0.3848000241907261,0.5721763105804959,0.2279531742662532
19951080515,1995,1996,1,130.0,49.93315701026437,-76.1214616072561,0.1299697406095839,0.23240673965098002,0.3848000241907261,0.5721763105804959,0.2279531742662532
19951080515,1995,1997,2,130.0,49.93315701026437,-76.1214616072561,0.3815805176245798,0.11516604829159363,0.3848000241907261,0.5721763105804959,0.2279531742662532
19951080515,1995,1998,3,130.0,49.93315701026437,-76.1214616072561,0.30264468409980283,0.5251413266307863,0.3848000241907261,0.5721763105804959,0.2279531742662532
19951080515,1995,1999,4,130.0,49.93315701026437,-76.1214616072561,0.3187617426228092,0.4472440445814653,0.3848000241907261,0.5721763105804959,0.2279531742662532
19951080515,1995,2000,5,130.0,49.93315701026437,-76.1214616072561,0.3264083226623857,0.6158220251887045,0.3848000241907261,0.5721763105804959,0.2279531742662532
19951080515,1995,2001,6,130.0,49.93315701026437,-76.1214616072561,0.32618210642199763,0.42069911589374315,0.3848000241907261,0.5721763105804959,0.2279531742662532
19951080515,1995,2002,7,130.0,49.93315701026437,-76.1214616072561,0.2323069318323658,0.5333630253311267,0.3848000241907261,0.5721763105804959,0.2279531742662532
19951080515,1995,2003,8,130.0,49.93315701026437,-76.1214616072561,0.1907005760093717,0.14542570697119098,0.3848000241907261,0.5721763105804959,0.2279531742662532
19951080515,1995,2004,9,130.0,49.93315701026437,-76.1214616072561,0.44214419786990783,0.07248470097746271,0.3848000241907261,0.5721763105804959,0.2279531742662532
19951080515,1995,2005,10,130.0,49.93315701026437,-76.1214616072561,0.41594249318262,0.6424013117188702,0.3848000241907261,0.5721763105804959,0.2279531742662532
19951080515,1995,2006,11,130.0,49.93315701026437,-76.1214616072561,0.3329004819900723,0.2462492265153367,0.3848000241907261,0.5721763105804959,0.2279531742662532
19951080515,1995,2007,12,130.0,49.93315701026437,-76.1214616072561,0.40031102697083015,0.5609943661866413,0.3848000241907261,0.5721763105804959,0.2279531742662532
19951080515,1995,2008,13,130.0,49.93315701026437,-76.1214616072561,0.46302016558622117,0.6461814888760086,0.3848000241907261,0.5721763105804959,0.2279531742662532
19951080515,1995,2009,14,130.0,49.93315701026437,-76.1214616072561,0.4815626300723978,0.6923445342197413,0.3848000241907261,0.5721763105804959,0.2279531742662532
19951080515,1995,2010,15,130.0,49.93315701026437,-76.1214616072561,0.5095995553479935,0.6389547079863515,0.3848000241907261,0.5721763105804959,0.2279531742662532
19951080515,1995,2011,16,130.0,49.93315701026437,-76.1214616072561,0.5652629574099832,0.7060649900909348,0.3848000241907261,0.5721763105804959,0.2279531742662532
19951080515,1995,2012,17,130.0,49.93315701026437,-76.1214616072561,0.3701844494224062,0.3078026189711076,0.3848000241907261,0.5721763105804959,0.2279531742662532
19951080515,1995,2013,18,130.0,49.93315701026437,-76.1214616072561,0.5360449498632303,0.7333280383475296,0.3848000241907261,0.5721763105804959,0.2279531742662532
19951080515,1995,2014,19,130.0,49.93315701026437,-76.1214616072561,0.307354414417423,0.28326952035789127,0.3848000241907261,0.5721763105804959,0.2279531742662532
19951080515,1995,2015,20,130.0,49.93315701026437,-76.1214616072561,0.3113911846469151,0.12356196532478736,0.3848000241907261,0.5721763105804959,0.2279531742662532
19951080996,1995,1992,-3,47709.0,48.88909162474522,-76.37629736659312,0.5664647380895191,0.6230704424637743,0.5664647380895191,0.6230704424637743,0.022950616849354954
19951080996,1995,1993,-2,47709.0,48.88909162474522,-76.37629736659312,0.5742984699164008,0.6524030729341629,0.5664647380895191,0.6230704424637743,0.022950616849354954
19951080996,1995,1994,-1,47709.0,48.88909162474522,-76.37629736659312,0.35538194001757295,0.16790139581291114,0.5664647380895191,0.6230704424637743,0.022950616849354954
19951080996,1995,1995,0,47709.0,48.88909162474522,-76.37629736659312,0.5435141212401642,0.6837265939001297,0.5664647380895191,0.6230704424637743,0.022950616849354954
19951080996,1995,1996,1,47709.0,48.88909162474522,-76.37629736659312,0.1992102538047962,0.03496443476174144,0.5664647380895191,0.6230704424637743,0.022950616849354954
19951080996,1995,1997,2,47709.0,48.88909162474522,-76.37629736659312,0.23824306846007554,0.08943174939000458,0.5664647380895191,0.6230704424637743,0.022950616849354954
19951080996,1995,1998,3,47709.0,48.88909162474522,-76.37629736659312,0.2324059065222079,0.23820781080288608,0.5664647380895191,0.6230704424637743,0.022950616849354954
19951080996,1995,1999,4,47709.0,48.88909162474522,-76.37629736659312,0.3242312660024274,0.23823471321657427,0.5664647380895191,0.6230704424637743,0.022950616849354954
19951080996,1995,2000,5,47709.0,48.88909162474522,-76.37629736659312,0.34961337825518174,0.1288577271301398,0.5664647380895191,0.6230704424637743,0.022950616849354954
19951080996,1995,2001,6,47709.0,48.88909162474522,-76.37629736659312,0.37102482078384774,0.6211053570662861,0.5664647380895191,0.6230704424637743,0.022950616849354954
19951080996,1995,2002,7,47709.0,48.88909162474522,-76.37629736659312,0.4101613723364077,0.583997503868616,0.5664647380895191,0.6230704424637743,0.022950616849354954
19951080996,1995,2003,8,47709.0,48.88909162474522,-76.37629736659312,0.32421472954908054,0.19913736793346198,0.5664647380895191,0.6230704424637743,0.022950616849354954
19951080996,1995,2004,9,47709.0,48.88909162474522,-76.37629736659312,0.4160331579335697,0.39445416642452963,0.5664647380895191,0.6230704424637743,0.022950616849354954
19951080996,1995,2005,10,47709.0,48.88909162474522,-76.37629736659312,0.4589952316473124,0.5038953665177635,0.5664647380895191,0.6230704424637743,0.022950616849354954
19951080996,1995,2006,11,47709.0,48.88909162474522,-76.37629736659312,0.3788915152906898,0.32424178560523803,0.5664647380895191,0.6230704424637743,0.022950616849354954
19951080996,1995,2007,12,47709.0,48.88909162474522,-76.37629736659312,0.4902387371276687,0.6152323441903546,0.5664647380895191,0.6230704424637743,0.022950616849354954
19951080996,1995,2008,13,47709.0,48.88909162474522,-76.37629736659312,0.44726351028352557,0.48042493991127594,0.5664647380895191,0.6230704424637743,0.022950616849354954
19951080996,1995,2009,14,47709.0,48.88909162474522,-76.37629736659312,0.47273292738086303,0.2931483063342013,0.5664647380895191,0.6230704424637743,0.022950616849354954
19951080996,1995,2010,15,47709.0,48.88909162474522,-76.37629736659312,0.4960840506219205,0.5351786262261616,0.5664647380895191,0.6230704424637743,0.022950616849354954
19951080996,1995,2011,16,47709.0,48.88909162474522,-76.37629736659312,0.5039028738435611,0.4492071725701475,0.5664647380895191,0.6230704424637743,0.022950616849354954
19951080996,1995,2012,17,47709.0,48.88909162474522,-76.37629736659312,0.5351776305373751,0.6836651179083626,0.5664647380895191,0.6230704424637743,0.022950616849354954
19951080996,1995,2013,18,47709.0,48.88909162474522,-76.37629736659312,0.5331937289108658,0.7207159638667383,0.5664647380895191,0.6230704424637743,0.022950616849354954
19951080996,1995,2014,19,47709.0,48.88909162474522,-76.37629736659312,0.5214959150531859,0.5371252041921201,0.5664647380895191,0.6230704424637743,0.022950616849354954
19951080996,1995,2015,20,47709.0,48.88909162474522,-76.37629736659312,0.4941582701789445,0.5898629140869641,0.5664647380895191,0.6230704424637743,0.022950616849354954
19951081068,1995,1992,-3,129.0,48.72614632180551,-77.9071620116888,0.6145921051986794,0.6554697541375772,0.5955712698953206,0.6554697541375772,-0.02374550452595614
19951081068,1995,1993,-2,129.0,48.72614632180551,-77.9071620116888,0.5955712698953206,0.6540629412988275,0.5955712698953206,0.6554697541375772,-0.02374550452595614
19951081068,1995,1994,-1,129.0,48.72614632180551,-77.9071620116888,0.5955634260013287,0.6895420176393203,0.5955712698953206,0.6554697541375772,-0.02374550452595614
19951081068,1995,1995,0,129.0,48.72614632180551,-77.9071620116888,0.6193167744212768,0.732448257902901,0.5955712698953206,0.6554697541375772,-0.02374550452595614
19951081068,1995,1996,1,129.0,48.72614632180551,-77.9071620116888,0.3324993671289541,0.5760037606126264,0.5955712698953206,0.6554697541375772,-0.02374550452595614
19951081068,1995,1997,2,129.0,48.72614632180551,-77.9071620116888,0.21628555137318534,0.478962214896411,0.5955712698953206,0.6554697541375772,-0.02374550452595614
19951081068,1995,1998,3,129.0,48.72614632180551,-77.9071620116888,0.2831413014674334,0.21283908741859148,0.5955712698953206,0.6554697541375772,-0.02374550452595614
19951081068,1995,1999,4,129.0,48.72614632180551,-77.9071620116888,0.415812359332908,0.5842659831995574,0.5955712698953206,0.6554697541375772,-0.02374550452595614
19951081068,1995,2000,5,129.0,48.72614632180551,-77.9071620116888,0.2871406014378934,0.2631064067948912,0.5955712698953206,0.6554697541375772,-0.02374550452595614
19951081068,1995,2001,6,129.0,48.72614632180551,-77.9071620116888,0.27148418195063173,0.14651175954036494,0.5955712698953206,0.6554697541375772,-0.02374550452595614
19951081068,1995,2002,7,129.0,48.72614632180551,-77.9071620116888,0.4314756179371081,0.4510122705505144,0.5955712698953206,0.6554697541375772,-0.02374550452595614
19951081068,1995,2003,8,129.0,48.72614632180551,-77.9071620116888,0.490270360201521,0.5761443109785582,0.5955712698953206,0.6554697541375772,-0.02374550452595614
19951081068,1995,2004,9,129.0,48.72614632180551,-77.9071620116888,0.47465092533148845,0.6503606967351359,0.5955712698953206,0.6554697541375772,-0.02374550452595614
19951081068,1995,2005,10,129.0,48.72614632180551,-77.9071620116888,0.5492658700835044,0.6310129795280032,0.5955712698953206,0.6554697541375772,-0.02374550452595614
19951081068,1995,2006,11,129.0,48.72614632180551,-77.9071620116888,0.5293708677895609,0.7010396837866374,0.5955712698953206,0.6554697541375772,-0.02374550452595614
19951081068,1995,2007,12,129.0,48.72614632180551,-77.9071620116888,0.44705097083132384,0.09175225004924903,0.5955712698953206,0.6554697541375772,-0.02374550452595614
19951081068,1995,2008,13,129.0,48.72614632180551,-77.9071620116888,0.5758265543942735,0.708997201365243,0.5955712698953206,0.6554697541375772,-0.02374550452595614
19951081068,1995,2009,14,129.0,48.72614632180551,-77.9071620116888,0.5050047652092311,0.042791454201964424,0.5955712698953206,0.6554697541375772,-0.02374550452595614
19951081068,1995,2010,15,129.0,48.72614632180551,-77.9071620116888,0.6065994765993711,0.6973343143493161,0.5955712698953206,0.6554697541375772,-0.02374550452595614
19951081068,1995,2011,16,129.0,48.72614632180551,-77.9071620116888,0.5240936583744221,0.4877957793808825,0.5955712698953206,0.6554697541375772,-0.02374550452595614
19951081068,1995,2012,17,129.0,48.72614632180551,-77.9071620116888,0.4033851225614073,0.38675115586679387,0.5955712698953206,0.6554697541375772,-0.02374550452595614
19951081068,1995,2013,18,129.0,48.72614632180551,-77.9071620116888,0.29853993106475385,0.3184608565696924,0.5955712698953206,0.6554697541375772,-0.02374550452595614
19951081068,1995,2014,19,129.0,48.72614632180551,-77.9071620116888,0.44036285001659825,0.5256753223285466,0.5955712698953206,0.6554697541375772,-0.02374550452595614
19951081068,1995,2015,20,129.0,48.72614632180551,-77.9071620116888,0.666896747872509,0.7822053984593353,0.5955712698953206,0.6554697541375772,-0.02374550452595614
19951081084,1995,1992,-3,6925.0,48.658623331136546,-75.95534027646326,0.6055084264069592,0.6113261117580985,0.55088220170932,0.6113261117580985,0.030968102168589473
19951081084,1995,1993,-2,6925.0,48.658623331136546,-75.95534027646326,0.527339510614357,0.6151946629748953,0.55088220170932,0.6113261117580985,0.030968102168589473
19951081084,1995,1994,-1,6925.0,48.658623331136546,-75.95534027646326,0.55088220170932,0.5194883269434324,0.55088220170932,0.6113261117580985,0.030968102168589473
19951081084,1995,1995,0,6925.0,48.658623331136546,-75.95534027646326,0.5199140995407305,0.6522871814798776,0.55088220170932,0.6113261117580985,0.030968102168589473
19951081084,1995,1996,1,6925.0,48.658623331136546,-75.95534027646326,-0.1055713351232678,0.3222967239849575,0.55088220170932,0.6113261117580985,0.030968102168589473
19951081084,1995,1997,2,6925.0,48.658623331136546,-75.95534027646326,0.1991684617488106,0.16015340838304387,0.55088220170932,0.6113261117580985,0.030968102168589473
19951081084,1995,1998,3,6925.0,48.658623331136546,-75.95534027646326,0.23050277673228964,0.36332277484132647,0.55088220170932,0.6113261117580985,0.030968102168589473
19951081084,1995,1999,4,6925.0,48.658623331136546,-75.95534027646326,0.2851218915308254,0.5723161177490952,0.55088220170932,0.6113261117580985,0.030968102168589473
19951081084,1995,2000,5,6925.0,48.658623331136546,-75.95534027646326,0.22465955802955134,0.2538216869127485,0.55088220170932,0.6113261117580985,0.030968102168589473
19951081084,1995,2001,6,6925.0,48.658623331136546,-75.95534027646326,0.353573809400299,0.5956906311369896,0.55088220170932,0.6113261117580985,0.030968102168589473
19951081084,1995,2002,7,6925.0,48.658623331136546,-75.95534027646326,0.4003608282282241,0.4571550638648008,0.55088220170932,0.6113261117580985,0.030968102168589473
19951081084,1995,2003,8,6925.0,48.658623331136546,-75.95534027646326,0.3613802411322967,0.45506751406136087,0.55088220170932,0.6113261117580985,0.030968102168589473
19951081084,1995,2004,9,6925.0,48.658623331136546,-75.95534027646326,0.41992135485533677,0.255828713484421,0.55088220170932,0.6113261117580985,0.030968102168589473
19951081084,1995,2005,10,6925.0,48.658623331136546,-75.95534027646326,0.45901491837189173,0.5097761921625402,0.55088220170932,0.6113261117580985,0.030968102168589473
19951081084,1995,2006,11,6925.0,48.658623331136546,-75.95534027646326,0.38088794161400674,0.4590549123692791,0.55088220170932,0.6113261117580985,0.030968102168589473
19951081084,1995,2007,12,6925.0,48.658623331136546,-75.95534027646326,0.5097780187178127,0.5840659482769963,0.55088220170932,0.6113261117580985,0.030968102168589473
19951081084,1995,2008,13,6925.0,48.658623331136546,-75.95534027646326,0.3183747952357481,0.0585147548061057,0.55088220170932,0.6113261117580985,0.030968102168589473
19951081084,1995,2009,14,6925.0,48.658623331136546,-75.95534027646326,0.4785016139620299,0.4316459251543016,0.55088220170932,0.6113261117580985,0.030968102168589473
19951081084,1995,2010,15,6925.0,48.658623331136546,-75.95534027646326,0.45899185745004134,0.33205763504288494,0.55088220170932,0.6113261117580985,0.030968102168589473
19951081084,1995,2011,16,6925.0,48.658623331136546,-75.95534027646326,0.5488009723982525,0.6191424166555172,0.55088220170932,0.6113261117580985,0.030968102168589473
19951081084,1995,2012,17,6925.0,48.658623331136546,-75.95534027646326,0.5527769279955173,0.6836018017552176,0.55088220170932,0.6113261117580985,0.030968102168589473
19951081084,1995,2013,18,6925.0,48.658623331136546,-75.95534027646326,0.5683097555495805,0.7129091164921961,0.55088220170932,0.6113261117580985,0.030968102168589473
19951081084,1995,2014,19,6925.0,48.658623331136546,-75.95534027646326,0.5215155795844866,0.5606395145355665,0.55088220170932,0.6113261117580985,0.030968102168589473
19951081084,1995,2015,20,6925.0,48.658623331136546,-75.95534027646326,0.40430884730835603,0.3711698421265212,0.55088220170932,0.6113261117580985,0.030968102168589473
19961080302,1996,1993,-3,1088.0,48.84667981558052,-76.65210441308228,0.5879356628376214,0.5976397358396629,0.568424344165906,0.5976397358396629,0.32777541034962177
19961080302,1996,1994,-2,1088.0,48.84667981558052,-76.65210441308228,0.39159883116317945,0.08787358729471076,0.568424344165906,0.5976397358396629,0.32777541034962177
19961080302,1996,1995,-1,1088.0,48.84667981558052,-76.65210441308228,0.568424344165906,0.6934341064667943,0.568424344165906,0.5976397358396629,0.32777541034962177
19961080302,1996,1996,0,1088.0,48.84667981558052,-76.65210441308228,0.2406489338162843,0.41601733395515456,0.568424344165906,0.5976397358396629,0.32777541034962177
19961080302,1996,1997,1,1088.0,48.84667981558052,-76.65210441308228,0.051201384465669936,0.25986935334562306,0.568424344165906,0.5976397358396629,0.32777541034962177
19961080302,1996,1998,2,1088.0,48.84667981558052,-76.65210441308228,0.03325034452512016,0.41219313440465233,0.568424344165906,0.5976397358396629,0.32777541034962177
19961080302,1996,1999,3,1088.0,48.84667981558052,-76.65210441308228,0.23617125898402191,0.08970579760325945,0.568424344165906,0.5976397358396629,0.32777541034962177
19961080302,1996,2000,4,1088.0,48.84667981558052,-76.65210441308228,0.37699507321713405,-0.33012042738428743,0.568424344165906,0.5976397358396629,0.32777541034962177
19961080302,1996,2001,5,1088.0,48.84667981558052,-76.65210441308228,0.2559684261299667,0.6034190054668217,0.568424344165906,0.5976397358396629,0.32777541034962177
19961080302,1996,2002,6,1088.0,48.84667981558052,-76.65210441308228,0.34972281896306745,0.6153439325701308,0.568424344165906,0.5976397358396629,0.32777541034962177
19961080302,1996,2003,7,1088.0,48.84667981558052,-76.65210441308228,0.36133145478493106,0.533176624657769,0.568424344165906,0.5976397358396629,0.32777541034962177
19961080302,1996,2004,8,1088.0,48.84667981558052,-76.65210441308228,0.36927608899139464,0.5525635381337425,0.568424344165906,0.5976397358396629,0.32777541034962177
19961080302,1996,2005,9,1088.0,48.84667981558052,-76.65210441308228,0.42757316507196325,0.5798736569334635,0.568424344165906,0.5976397358396629,0.32777541034962177
19961080302,1996,2006,10,1088.0,48.84667981558052,-76.65210441308228,0.38488493777261207,0.513708438347248,0.568424344165906,0.5976397358396629,0.32777541034962177
19961080302,1996,2007,11,1088.0,48.84667981558052,-76.65210441308228,0.4239155439203681,0.5800014454157018,0.568424344165906,0.5976397358396629,0.32777541034962177
19961080302,1996,2008,12,1088.0,48.84667981558052,-76.65210441308228,0.4434317966620006,0.48808647377345543,0.568424344165906,0.5976397358396629,0.32777541034962177
19961080302,1996,2009,13,1088.0,48.84667981558052,-76.65210441308228,0.384651254547919,0.21463418703636286,0.568424344165906,0.5976397358396629,0.32777541034962177
19961080302,1996,2010,14,1088.0,48.84667981558052,-76.65210441308228,0.44730600308360663,0.4079515664040292,0.568424344165906,0.5976397358396629,0.32777541034962177
19961080302,1996,2011,15,1088.0,48.84667981558052,-76.65210441308228,0.4628970905560964,0.2988976016318003,0.568424344165906,0.5976397358396629,0.32777541034962177
19961080302,1996,2012,16,1088.0,48.84667981558052,-76.65210441308228,0.38462101897274764,-0.1839214716020387,0.568424344165906,0.5976397358396629,0.32777541034962177
19961080302,1996,2013,17,1088.0,48.84667981558052,-76.65210441308228,0.5018165590536238,0.7089829840118118,0.568424344165906,0.5976397358396629,0.32777541034962177
19961080302,1996,2014,18,1088.0,48.84667981558052,-76.65210441308228,0.517583798245884,0.5332943576032593,0.568424344165906,0.5976397358396629,0.32777541034962177
19961080302,1996,2015,19,1088.0,48.84667981558052,-76.65210441308228,0.4785789289326502,0.6231034583272693,0.568424344165906,0.5976397358396629,0.32777541034962177
19961080302,1996,2016,20,1088.0,48.84667981558052,-76.65210441308228,0.5370414215956287,0.6697313565106758,0.568424344165906,0.5976397358396629,0.32777541034962177
19961080399,1996,1993,-3,881.0,50.00459098335045,-76.44000113717601,0.486239817495294,0.5527869428728514,0.486239817495294,0.5527869428728514,0.29666802713696316
19961080399,1996,1994,-2,881.0,50.00459098335045,-76.44000113717601,0.4823340103445268,0.5176483700741685,0.486239817495294,0.5527869428728514,0.29666802713696316
19961080399,1996,1995,-1,881.0,50.00459098335045,-76.44000113717601,0.5448854005324871,0.6661236911935909,0.486239817495294,0.5527869428728514,0.29666802713696316
19961080399,1996,1996,0,881.0,50.00459098335045,-76.44000113717601,0.18957179035833086,0.15401890235482144,0.486239817495294,0.5527869428728514,0.29666802713696316
19961080399,1996,1997,1,881.0,50.00459098335045,-76.44000113717601,0.3064385144119505,0.08491420909939616,0.486239817495294,0.5527869428728514,0.29666802713696316
19961080399,1996,1998,2,881.0,50.00459098335045,-76.44000113717601,0.0720650500077406,0.42781194203306055,0.486239817495294,0.5527869428728514,0.29666802713696316
19961080399,1996,1999,3,881.0,50.00459098335045,-76.44000113717601,0.2832423108084638,0.22053249037773068,0.486239817495294,0.5527869428728514,0.29666802713696316
19961080399,1996,2000,4,881.0,50.00459098335045,-76.44000113717601,0.22472195342409074,0.4549866360852457,0.486239817495294,0.5527869428728514,0.29666802713696316
19961080399,1996,2001,5,881.0,50.00459098335045,-76.44000113717601,0.3380394854398293,0.5720949047277321,0.486239817495294,0.5527869428728514,0.29666802713696316
19961080399,1996,2002,6,881.0,50.00459098335045,-76.44000113717601,0.39257104322976516,0.5215790626059318,0.486239817495294,0.5527869428728514,0.29666802713696316
19961080399,1996,2003,7,881.0,50.00459098335045,-76.44000113717601,0.34973657799342794,0.33393944448146606,0.486239817495294,0.5527869428728514,0.29666802713696316
19961080399,1996,2004,8,881.0,50.00459098335045,-76.44000113717601,0.39249586633892397,0.0896918490151202,0.486239817495294,0.5527869428728514,0.29666802713696316
19961080399,1996,2005,9,881.0,50.00459098335045,-76.44000113717601,0.4667700029338381,0.4121466975891726,0.486239817495294,0.5527869428728514,0.29666802713696316
19961080399,1996,2006,10,881.0,50.00459098335045,-76.44000113717601,0.48648082413701066,0.6895224897870491,0.486239817495294,0.5527869428728514,0.29666802713696316
19961080399,1996,2007,11,881.0,50.00459098335045,-76.44000113717601,0.45890888142410946,0.6307659315434194,0.486239817495294,0.5527869428728514,0.29666802713696316
19961080399,1996,2008,12,881.0,50.00459098335045,-76.44000113717601,0.5216689088111054,0.599557679456419,0.486239817495294,0.5527869428728514,0.29666802713696316
19961080399,1996,2009,13,881.0,50.00459098335045,-76.44000113717601,0.4354919624977792,0.3535457113087614,0.486239817495294,0.5527869428728514,0.29666802713696316
19961080399,1996,2010,14,881.0,50.00459098335045,-76.44000113717601,0.4472834529233976,0.4901451554508652,0.486239817495294,0.5527869428728514,0.29666802713696316
19961080399,1996,2011,15,881.0,50.00459098335045,-76.44000113717601,0.4472324099538575,0.3769128345564541,0.486239817495294,0.5527869428728514,0.29666802713696316
19961080399,1996,2012,16,881.0,50.00459098335045,-76.44000113717601,0.38853249915048466,0.0982251562137161,0.486239817495294,0.5527869428728514,0.29666802713696316
19961080399,1996,2013,17,881.0,50.00459098335045,-76.44000113717601,0.525431274715398,0.7011861995551436,0.486239817495294,0.5527869428728514,0.29666802713696316
19961080399,1996,2014,18,881.0,50.00459098335045,-76.44000113717601,0.45904380856135174,0.4005181720388292,0.486239817495294,0.5527869428728514,0.29666802713696316
19961080399,1996,2015,19,881.0,50.00459098335045,-76.44000113717601,0.5136954340961738,0.6427475153789393,0.486239817495294,0.5527869428728514,0.29666802713696316
19961080399,1996,2016,20,881.0,50.00459098335045,-76.44000113717601,0.5917191470387619,0.7559705727146045,0.486239817495294,0.5527869428728514,0.29666802713696316
19961080536,1996,1993,-3,6862.0,50.294283458815954,-76.2048146362308,0.5050263772019388,0.5333095746371728,0.5253518603596903,0.6543075703988042,0.21124637769316257
19961080536,1996,1994,-2,6862.0,50.294283458815954,-76.2048146362308,0.541126193765978,0.6543075703988042,0.5253518603596903,0.6543075703988042,0.21124637769316257
19961080536,1996,1995,-1,6862.0,50.294283458815954,-76.2048146362308,0.5253518603596903,0.6621424274124788,0.5253518603596903,0.6543075703988042,0.21124637769316257
19961080536,1996,1996,0,6862.0,50.294283458815954,-76.2048146362308,0.3141054826665277,0.05984325176423467,0.5253518603596903,0.6543075703988042,0.21124637769316257
19961080536,1996,1997,1,6862.0,50.294283458815954,-76.2048146362308,0.5195411532488176,0.019467786421033008,0.5253518603596903,0.6543075703988042,0.21124637769316257
19961080536,1996,1998,2,6862.0,50.294283458815954,-76.2048146362308,0.2283699310940924,0.5953489083076425,0.5253518603596903,0.6543075703988042,0.21124637769316257
19961080536,1996,1999,3,6862.0,50.294283458815954,-76.2048146362308,0.3336420617501254,0.3341466295723344,0.5253518603596903,0.6543075703988042,0.21124637769316257
19961080536,1996,2000,4,6862.0,50.294283458815954,-76.2048146362308,0.2869403624118958,0.5841652239635213,0.5253518603596903,0.6543075703988042,0.21124637769316257
19961080536,1996,2001,5,6862.0,50.294283458815954,-76.2048146362308,0.35334073970956803,0.4549938320485356,0.5253518603596903,0.6543075703988042,0.21124637769316257
19961080536,1996,2002,6,6862.0,50.294283458815954,-76.2048146362308,0.3456310712551212,0.3965245443725569,0.5253518603596903,0.6543075703988042,0.21124637769316257
19961080536,1996,2003,7,6862.0,50.294283458815954,-76.2048146362308,0.3339463724880279,0.20513972628598054,0.5253518603596903,0.6543075703988042,0.21124637769316257
19961080536,1996,2004,8,6862.0,50.294283458815954,-76.2048146362308,0.336865997233,0.2247737833454106,0.5253518603596903,0.6543075703988042,0.21124637769316257
19961080536,1996,2005,9,6862.0,50.294283458815954,-76.2048146362308,0.43562144730353175,0.5725149838672039,0.5253518603596903,0.6543075703988042,0.21124637769316257
19961080536,1996,2006,10,6862.0,50.294283458815954,-76.2048146362308,0.44315011396539455,0.6308308864431349,0.5253518603596903,0.6543075703988042,0.21124637769316257
19961080536,1996,2007,11,6862.0,50.294283458815954,-76.2048146362308,0.3885334647384995,0.38497596171382004,0.5253518603596903,0.6543075703988042,0.21124637769316257
19961080536,1996,2008,12,6862.0,50.294283458815954,-76.2048146362308,0.3416052082422476,0.29101719174652324,0.5253518603596903,0.6543075703988042,0.21124637769316257
19961080536,1996,2009,13,6862.0,50.294283458815954,-76.2048146362308,0.36610461257278587,0.10033570524639882,0.5253518603596903,0.6543075703988042,0.21124637769316257
19961080536,1996,2010,14,6862.0,50.294283458815954,-76.2048146362308,0.39738256740313155,0.24018606650354002,0.5253518603596903,0.6543075703988042,0.21124637769316257
19961080536,1996,2011,15,6862.0,50.294283458815954,-76.2048146362308,0.5059233377692606,0.6622865623328973,0.5253518603596903,0.6543075703988042,0.21124637769316257
19961080536,1996,2012,16,6862.0,50.294283458815954,-76.2048146362308,0.3611771605919542,0.18340998382268964,0.5253518603596903,0.6543075703988042,0.21124637769316257
19961080536,1996,2013,17,6862.0,50.294283458815954,-76.2048146362308,0.4942331014350804,0.7283195794779698,0.5253518603596903,0.6543075703988042,0.21124637769316257
19961080536,1996,2014,18,6862.0,50.294283458815954,-76.2048146362308,0.4834203757792306,0.66612987705612,0.5253518603596903,0.6543075703988042,0.21124637769316257
19961080536,1996,2015,19,6862.0,50.294283458815954,-76.2048146362308,0.5069100299690177,0.6659475791824013,0.5253518603596903,0.6543075703988042,0.21124637769316257
19961080536,1996,2016,20,6862.0,50.294283458815954,-76.2048146362308,0.48263479045806307,0.45522517466750934,0.5253518603596903,0.6543075703988042,0.21124637769316257
19961080651,1996,1993,-3,4130.0,50.18051397610666,-75.86210334401093,0.5556282790021875,0.6659648119832222,0.5556282790021875,0.6504910499511471,0.32222275066736805
19961080651,1996,1994,-2,4130.0,50.18051397610666,-75.86210334401093,0.5712154167020597,0.6466011421539462,0.5556282790021875,0.6504910499511471,0.32222275066736805
19961080651,1996,1995,-1,4130.0,50.18051397610666,-75.86210334401093,0.5408417828350258,0.6504910499511471,0.5556282790021875,0.6504910499511471,0.32222275066736805
19961080651,1996,1996,0,4130.0,50.18051397610666,-75.86210334401093,0.23340552833481942,0.10727230112784936,0.5556282790021875,0.6504910499511471,0.32222275066736805
19961080651,1996,1997,1,4130.0,50.18051397610666,-75.86210334401093,0.4880380427278018,-0.02663072097676322,0.5556282790021875,0.6504910499511471,0.32222275066736805
19961080651,1996,1998,2,4130.0,50.18051397610666,-75.86210334401093,0.23867953037442408,0.5761008511658827,0.5556282790021875,0.6504910499511471,0.32222275066736805
19961080651,1996,1999,3,4130.0,50.18051397610666,-75.86210334401093,0.3421042397548154,0.37112727000475054,0.5556282790021875,0.6504910499511471,0.32222275066736805
19961080651,1996,2000,4,4130.0,50.18051397610666,-75.86210334401093,0.2089421426983751,0.5917548157380735,0.5556282790021875,0.6504910499511471,0.32222275066736805
19961080651,1996,2001,5,4130.0,50.18051397610666,-75.86210334401093,0.3380826426189336,0.6192355918682709,0.5556282790021875,0.6504910499511471,0.32222275066736805
19961080651,1996,2002,6,4130.0,50.18051397610666,-75.86210334401093,0.33787092677163333,0.5918720425070931,0.5556282790021875,0.6504910499511471,0.32222275066736805
19961080651,1996,2003,7,4130.0,50.18051397610666,-75.86210334401093,0.24007599054074957,0.2754323164549804,0.5556282790021875,0.6504910499511471,0.32222275066736805
19961080651,1996,2004,8,4130.0,50.18051397610666,-75.86210334401093,0.29111640481379564,0.10695018655926804,0.5556282790021875,0.6504910499511471,0.32222275066736805
19961080651,1996,2005,9,4130.0,50.18051397610666,-75.86210334401093,0.4394868527845905,0.5995404259147312,0.5556282790021875,0.6504910499511471,0.32222275066736805
19961080651,1996,2006,10,4130.0,50.18051397610666,-75.86210334401093,0.35737714591571357,0.4237202939651665,0.5556282790021875,0.6504910499511471,0.32222275066736805
19961080651,1996,2007,11,4130.0,50.18051397610666,-75.86210334401093,0.40824569000145666,0.4277224986740416,0.5556282790021875,0.6504910499511471,0.32222275066736805
19961080651,1996,2008,12,4130.0,50.18051397610666,-75.86210334401093,0.2478958035484193,0.21441146018933746,0.5556282790021875,0.6504910499511471,0.32222275066736805
19961080651,1996,2009,13,4130.0,50.18051397610666,-75.86210334401093,0.38693125193675937,0.5745268505061354,0.5556282790021875,0.6504910499511471,0.32222275066736805
19961080651,1996,2010,14,4130.0,50.18051397610666,-75.86210334401093,0.4394358952631936,0.6307818613384263,0.5556282790021875,0.6504910499511471,0.32222275066736805
19961080651,1996,2011,15,4130.0,50.18051397610666,-75.86210334401093,0.4783783314963738,0.6622021328744931,0.5556282790021875,0.6504910499511471,0.32222275066736805
19961080651,1996,2012,16,4130.0,50.18051397610666,-75.86210334401093,0.37792529661657587,0.23022964509009491,0.5556282790021875,0.6504910499511471,0.32222275066736805
19961080651,1996,2013,17,4130.0,50.18051397610666,-75.86210334401093,0.4315579587563917,0.6679882849781934,0.5556282790021875,0.6504910499511471,0.32222275066736805
19961080651,1996,2014,18,4130.0,50.18051397610666,-75.86210334401093,0.48253129760234126,0.689310843763309,0.5556282790021875,0.6504910499511471,0.32222275066736805
19961080651,1996,2015,19,4130.0,50.18051397610666,-75.86210334401093,0.4042221145546234,0.35757348746910755,0.5556282790021875,0.6504910499511471,0.32222275066736805
19961080651,1996,2016,20,4130.0,50.18051397610666,-75.86210334401093,0.5087894325199313,0.43559985724784545,0.5556282790021875,0.6504910499511471,0.32222275066736805
19961080668,1996,1993,-3,816.0,50.25215675832303,-76.22988235042439,0.4786168196718919,0.5406926897599154,0.5135898894688204,0.6269457578788066,0.19897439460327132
19961080668,1996,1994,-2,816.0,50.25215675832303,-76.22988235042439,0.5330539757631415,0.6269457578788066,0.5135898894688204,0.6269457578788066,0.19897439460327132
19961080668,1996,1995,-1,816.0,50.25215675832303,-76.22988235042439,0.5135898894688204,0.6620749571804938,0.5135898894688204,0.6269457578788066,0.19897439460327132
19961080668,1996,1996,0,816.0,50.25215675832303,-76.22988235042439,0.31461549486554913,0.08794700544542837,0.5135898894688204,0.6269457578788066,0.19897439460327132
19961080668,1996,1997,1,816.0,50.25215675832303,-76.22988235042439,0.5897322796770079,0.01899465375528717,0.5135898894688204,0.6269457578788066,0.19897439460327132
19961080668,1996,1998,2,816.0,50.25215675832303,-76.22988235042439,0.2988160602695047,0.6232640543884389,0.5135898894688204,0.6269457578788066,0.19897439460327132
19961080668,1996,1999,3,816.0,50.25215675832303,-76.22988235042439,0.298850376190013,0.26736787047564137,0.5135898894688204,0.6269457578788066,0.19897439460327132
19961080668,1996,2000,4,816.0,50.25215675832303,-76.22988235042439,0.3067273788032261,0.6034040044519012,0.5135898894688204,0.6269457578788066,0.19897439460327132
19961080668,1996,2001,5,816.0,50.25215675832303,-76.22988235042439,0.3573587934878311,0.39655818836337503,0.5135898894688204,0.6269457578788066,0.19897439460327132
19961080668,1996,2002,6,816.0,50.25215675832303,-76.22988235042439,0.33387713170818023,0.4005567155873832,0.5135898894688204,0.6269457578788066,0.19897439460327132
19961080668,1996,2003,7,816.0,50.25215675832303,-76.22988235042439,0.3691241835764724,0.12683591999474125,0.5135898894688204,0.6269457578788066,0.19897439460327132
19961080668,1996,2004,8,816.0,50.25215675832303,-76.22988235042439,0.2989378976742702,0.25588173614368637,0.5135898894688204,0.6269457578788066,0.19897439460327132
19961080668,1996,2005,9,816.0,50.25215675832303,-76.22988235042439,0.4630167613424541,0.5294803273309405,0.5135898894688204,0.6269457578788066,0.19897439460327132
19961080668,1996,2006,10,816.0,50.25215675832303,-76.22988235042439,0.4433294180876192,0.661937928181894,0.5135898894688204,0.6269457578788066,0.19897439460327132
19961080668,1996,2007,11,816.0,50.25215675832303,-76.22988235042439,0.34953076666001986,0.3927213855643456,0.5135898894688204,0.6269457578788066,0.19897439460327132
19961080668,1996,2008,12,816.0,50.25215675832303,-76.22988235042439,0.4042674534106746,0.525294528583504,0.5135898894688204,0.6269457578788066,0.19897439460327132
19961080668,1996,2009,13,816.0,50.25215675832303,-76.22988235042439,0.377061861170982,0.25577199326258226,0.5135898894688204,0.6269457578788066,0.19897439460327132
19961080668,1996,2010,14,816.0,50.25215675832303,-76.22988235042439,0.420104008304479,0.22839045842116662,0.5135898894688204,0.6269457578788066,0.19897439460327132
19961080668,1996,2011,15,816.0,50.25215675832303,-76.22988235042439,0.5138984584849788,0.6660790715427956,0.5135898894688204,0.6269457578788066,0.19897439460327132
19961080668,1996,2012,16,816.0,50.25215675832303,-76.22988235042439,0.35728860396036466,0.12068647966088887,0.5135898894688204,0.6269457578788066,0.19897439460327132
19961080668,1996,2013,17,816.0,50.25215675832303,-76.22988235042439,0.4316544647040363,0.6738073426610476,0.5135898894688204,0.6269457578788066,0.19897439460327132
19961080668,1996,2014,18,816.0,50.25215675832303,-76.22988235042439,0.4559593142376548,0.5371131202927459,0.5135898894688204,0.6269457578788066,0.19897439460327132
19961080668,1996,2015,19,816.0,50.25215675832303,-76.22988235042439,0.45520039100112014,0.6620295044599799,0.5135898894688204,0.6269457578788066,0.19897439460327132
19961080668,1996,2016,20,816.0,50.25215675832303,-76.22988235042439,0.46696682432438896,0.4120902084903608,0.5135898894688204,0.6269457578788066,0.19897439460327132
19971080207,1997,1994,-3,5355.0,50.326633081147506,-77.5126215107155,0.34572330171259424,0.14646254319105173,0.41996208935984247,0.14646254319105173,0.251920409393481
19971080207,1997,1995,-2,5355.0,50.326633081147506,-77.5126215107155,0.5803194962194109,0.6680756613081821,0.41996208935984247,0.14646254319105173,0.251920409393481
19971080207,1997,1996,-1,5355.0,50.326633081147506,-77.5126215107155,0.41996208935984247,0.036919843692573874,0.41996208935984247,0.14646254319105173,0.251920409393481
19971080207,1997,1997,0,5355.0,50.326633081147506,-77.5126215107155,0.1680416799663615,0.44923019506096495,0.41996208935984247,0.14646254319105173,0.251920409393481
19971080207,1997,1998,1,5355.0,50.326633081147506,-77.5126215107155,0.00391467159732713,0.3320863668995526,0.41996208935984247,0.14646254319105173,0.251920409393481
19971080207,1997,1999,2,5355.0,50.326633081147506,-77.5126215107155,0.23047321156280892,0.25382790513462045,0.41996208935984247,0.14646254319105173,0.251920409393481
19971080207,1997,2000,3,5355.0,50.326633081147506,-77.5126215107155,0.19145756070472725,0.30867675827983454,0.41996208935984247,0.14646254319105173,0.251920409393481
19971080207,1997,2001,4,5355.0,50.326633081147506,-77.5126215107155,0.18551086925820234,0.10542154281673856,0.41996208935984247,0.14646254319105173,0.251920409393481
19971080207,1997,2002,5,5355.0,50.326633081147506,-77.5126215107155,0.30272398285505697,0.16796685375528458,0.41996208935984247,0.14646254319105173,0.251920409393481
19971080207,1997,2003,6,5355.0,50.326633081147506,-77.5126215107155,0.2793183397193663,0.21474909009470894,0.41996208935984247,0.14646254319105173,0.251920409393481
19971080207,1997,2004,7,5355.0,50.326633081147506,-77.5126215107155,0.3417788690333427,0.503881398839806,0.41996208935984247,0.14646254319105173,0.251920409393481
19971080207,1997,2005,8,5355.0,50.326633081147506,-77.5126215107155,0.47074676550223027,0.6601470078407382,0.41996208935984247,0.14646254319105173,0.251920409393481
19971080207,1997,2006,9,5355.0,50.326633081147506,-77.5126215107155,0.4570094540366677,0.6680403210235406,0.41996208935984247,0.14646254319105173,0.251920409393481
19971080207,1997,2007,10,5355.0,50.326633081147506,-77.5126215107155,0.32619595509266025,0.3319960979013781,0.41996208935984247,0.14646254319105173,0.251920409393481
19971080207,1997,2008,11,5355.0,50.326633081147506,-77.5126215107155,0.41601139530462145,0.19921699115669356,0.41996208935984247,0.14646254319105173,0.251920409393481
19971080207,1997,2009,12,5355.0,50.326633081147506,-77.5126215107155,0.4237953740459478,0.24405521038104544,0.41996208935984247,0.14646254319105173,0.251920409393481
19971080207,1997,2010,13,5355.0,50.326633081147506,-77.5126215107155,0.4473375733622896,0.3396714602723481,0.41996208935984247,0.14646254319105173,0.251920409393481
19971080207,1997,2011,14,5355.0,50.326633081147506,-77.5126215107155,0.2753498787251055,0.16787496012142605,0.41996208935984247,0.14646254319105173,0.251920409393481
19971080207,1997,2012,15,5355.0,50.326633081147506,-77.5126215107155,0.41986810990165124,0.16802381756043835,0.41996208935984247,0.14646254319105173,0.251920409393481
19971080207,1997,2013,16,5355.0,50.326633081147506,-77.5126215107155,0.49025527169859134,0.4100677853940423,0.41996208935984247,0.14646254319105173,0.251920409393481
19971080207,1997,2014,17,5355.0,50.326633081147506,-77.5126215107155,0.5608062096437073,0.44337625222196186,0.41996208935984247,0.14646254319105173,0.251920409393481
19971080207,1997,2015,18,5355.0,50.326633081147506,-77.5126215107155,0.5254046275607985,0.6601721061686753,0.41996208935984247,0.14646254319105173,0.251920409393481
19971080207,1997,2016,19,5355.0,50.326633081147506,-77.5126215107155,0.41195521213448966,0.17396104740903257,0.41996208935984247,0.14646254319105173,0.251920409393481
19971080207,1997,2017,20,5355.0,50.326633081147506,-77.5126215107155,0.3653001113794928,0.4648431115875813,0.41996208935984247,0.14646254319105173,0.251920409393481
19971080232,1997,1994,-3,2557.0,49.74724343861713,-76.29138417327283,0.5839165567928145,0.6738798627903815,0.48980778521556667,0.5526338139880762,0.19088406247630257
19971080232,1997,1995,-2,2557.0,49.74724343861713,-76.29138417327283,0.3213011869858186,0.15670959362353631,0.48980778521556667,0.5526338139880762,0.19088406247630257
19971080232,1997,1996,-1,2557.0,49.74724343861713,-76.29138417327283,0.48980778521556667,0.5526338139880762,0.48980778521556667,0.5526338139880762,0.19088406247630257
19971080232,1997,1997,0,2557.0,49.74724343861713,-76.29138417327283,0.2989237227392641,0.072090543217554,0.48980778521556667,0.5526338139880762,0.19088406247630257
19971080232,1997,1998,1,2557.0,49.74724343861713,-76.29138417327283,0.18546382327792257,0.18957462593145608,0.48980778521556667,0.5526338139880762,0.19088406247630257
19971080232,1997,1999,2,2557.0,49.74724343861713,-76.29138417327283,0.24420866492933901,0.21483959342059,0.48980778521556667,0.5526338139880762,0.19088406247630257
19971080232,1997,2000,3,2557.0,49.74724343861713,-76.29138417327283,0.23159516401504002,0.5196460171189993,0.48980778521556667,0.5526338139880762,0.19088406247630257
19971080232,1997,2001,4,2557.0,49.74724343861713,-76.29138417327283,0.37282272553716533,0.607371584467143,0.48980778521556667,0.5526338139880762,0.19088406247630257
19971080232,1997,2002,5,2557.0,49.74724343861713,-76.29138417327283,0.39258141476972847,0.6660996663186972,0.48980778521556667,0.5526338139880762,0.19088406247630257
19971080232,1997,2003,6,2557.0,49.74724343861713,-76.29138417327283,0.2636723349433238,0.20119164622922833,0.48980778521556667,0.5526338139880762,0.19088406247630257
19971080232,1997,2004,7,2557.0,49.74724343861713,-76.29138417327283,0.3681275296780634,0.20893575680564722,0.48980778521556667,0.5526338139880762,0.19088406247630257
19971080232,1997,2005,8,2557.0,49.74724343861713,-76.29138417327283,0.5020289734025065,0.658203539670929,0.48980778521556667,0.5526338139880762,0.19088406247630257
19971080232,1997,2006,9,2557.0,49.74724343861713,-76.29138417327283,0.43548870753049235,0.50395368085785,0.48980778521556667,0.5526338139880762,0.19088406247630257
19971080232,1997,2007,10,2557.0,49.74724343861713,-76.29138417327283,0.49804205647344324,0.64263255311844,0.48980778521556667,0.5526338139880762,0.19088406247630257
19971080232,1997,2008,11,2557.0,49.74724343861713,-76.29138417327283,0.4981858495499314,0.697192818307672,0.48980778521556667,0.5526338139880762,0.19088406247630257
19971080232,1997,2009,12,2557.0,49.74724343861713,-76.29138417327283,0.45904354497632893,0.18348278737700813,0.48980778521556667,0.5526338139880762,0.19088406247630257
19971080232,1997,2010,13,2557.0,49.74724343861713,-76.29138417327283,0.509784623323765,0.46677226628010227,0.48980778521556667,0.5526338139880762,0.19088406247630257
19971080232,1997,2011,14,2557.0,49.74724343861713,-76.29138417327283,0.5683866872175706,0.720668264006646,0.48980778521556667,0.5526338139880762,0.19088406247630257
19971080232,1997,2012,15,2557.0,49.74724343861713,-76.29138417327283,0.46684803207728526,0.05063757055738832,0.48980778521556667,0.5526338139880762,0.19088406247630257
19971080232,1997,2013,16,2557.0,49.74724343861713,-76.29138417327283,0.5917525692022456,0.7753935241076585,0.48980778521556667,0.5526338139880762,0.19088406247630257
19971080232,1997,2014,17,2557.0,49.74724343861713,-76.29138417327283,0.5997119068516309,0.7538879236547318,0.48980778521556667,0.5526338139880762,0.19088406247630257
19971080232,1997,2015,18,2557.0,49.74724343861713,-76.29138417327283,0.5760791987879659,0.7129343946768262,0.48980778521556667,0.5526338139880762,0.19088406247630257
19971080232,1997,2016,19,2557.0,49.74724343861713,-76.29138417327283,0.6191846460642525,0.7676354414785055,0.48980778521556667,0.5526338139880762,0.19088406247630257
19971080232,1997,2017,20,2557.0,49.74724343861713,-76.29138417327283,0.4863389376683123,0.6308225181682678,0.48980778521556667,0.5526338139880762,0.19088406247630257
19981080225,1998,1995,-3,4130.0,49.299970111740684,-76.86471954166912,0.6309066038411884,0.7559002042491162,0.5643555097365144,0.6544071488591907,0.435452590993128
19981080225,1998,1996,-2,4130.0,49.299970111740684,-76.86471954166912,0.5604855937729639,0.5486531331349411,0.5643555097365144,0.6544071488591907,0.435452590993128
19981080225,1998,1997,-1,4130.0,49.299970111740684,-76.86471954166912,0.5643555097365144,0.6544071488591907,0.5643555097365144,0.6544071488591907,0.435452590993128
19981080225,1998,1998,0,4130.0,49.299970111740684,-76.86471954166912,0.12890291874338639,0.2441115799118575,0.5643555097365144,0.6544071488591907,0.435452590993128
19981080225,1998,1999,1,4130.0,49.299970111740684,-76.86471954166912,0.21484073220426392,0.35350369107429347,0.5643555097365144,0.6544071488591907,0.435452590993128
19981080225,1998,2000,2,4130.0,49.299970111740684,-76.86471954166912,0.2383158708660419,0.3027432956597811,0.5643555097365144,0.6544071488591907,0.435452590993128
19981080225,1998,2001,3,4130.0,49.299970111740684,-76.86471954166912,0.3651768774323331,0.5879695163755476,0.5643555097365144,0.6544071488591907,0.435452590993128
19981080225,1998,2002,4,4130.0,49.299970111740684,-76.86471954166912,0.43944626716006985,0.5996500852463039,0.5643555097365144,0.6544071488591907,0.435452590993128
19981080225,1998,2003,5,4130.0,49.299970111740684,-76.86471954166912,0.2987705708565582,0.2752479725299505,0.5643555097365144,0.6544071488591907,0.435452590993128
19981080225,1998,2004,6,4130.0,49.299970111740684,-76.86471954166912,0.3731276546613182,0.47273486480502264,0.5643555097365144,0.6544071488591907,0.435452590993128
19981080225,1998,2005,7,4130.0,49.299970111740684,-76.86471954166912,0.5214866149152917,0.615113899612507,0.5643555097365144,0.6544071488591907,0.435452590993128
19981080225,1998,2006,8,4130.0,49.299970111740684,-76.86471954166912,0.5136283845908625,0.6972244817172795,0.5643555097365144,0.6544071488591907,0.435452590993128
19981080225,1998,2007,9,4130.0,49.299970111740684,-76.86471954166912,0.47456291197631073,0.5975689814097926,0.5643555097365144,0.6544071488591907,0.435452590993128
19981080225,1998,2008,10,4130.0,49.299970111740684,-76.86471954166912,0.5136699486223724,0.6777998888142223,0.5643555097365144,0.6544071488591907,0.435452590993128
19981080225,1998,2009,11,4130.0,49.299970111740684,-76.86471954166912,0.4042580696450966,0.22832690055512259,0.5643555097365144,0.6544071488591907,0.435452590993128
19981080225,1998,2010,12,4130.0,49.299970111740684,-76.86471954166912,0.4902506439111927,0.2910348594588124,0.5643555097365144,0.6544071488591907,0.435452590993128
19981080225,1998,2011,13,4130.0,49.299970111740684,-76.86471954166912,0.5449763857264537,0.5644340696299768,0.5643555097365144,0.6544071488591907,0.435452590993128
19981080225,1998,2012,14,4130.0,49.299970111740684,-76.86471954166912,0.4864557201309335,0.4256115864949568,0.5643555097365144,0.6544071488591907,0.435452590993128
19981080225,1998,2013,15,4130.0,49.299970111740684,-76.86471954166912,0.4082024391396946,0.32216260583862816,0.5643555097365144,0.6544071488591907,0.435452590993128
19981080225,1998,2014,16,4130.0,49.299970111740684,-76.86471954166912,0.6153452010764875,0.7636586478371089,0.5643555097365144,0.6544071488591907,0.435452590993128
19981080225,1998,2015,17,4130.0,49.299970111740684,-76.86471954166912,0.56053714935434,0.716776680449843,0.5643555097365144,0.6544071488591907,0.435452590993128
19981080225,1998,2016,18,4130.0,49.299970111740684,-76.86471954166912,0.5331545938193951,0.6114262713236748,0.5643555097365144,0.6544071488591907,0.435452590993128
19981080225,1998,2017,19,4130.0,49.299970111740684,-76.86471954166912,0.5058411364726246,0.47274565370166965,0.5643555097365144,0.6544071488591907,0.435452590993128
19981080225,1998,2018,20,4130.0,49.299970111740684,-76.86471954166912,0.5801385485820038,0.7285653405057724,0.5643555097365144,0.6544071488591907,0.435452590993128
19991080950,1999,1996,-3,339.0,48.117213682180775,-78.36434934880326,0.5403898576205126,0.595673082275503,0.46972700604416945,0.5601240014257464,-0.04470784432351921
19991080950,1999,1997,-2,339.0,48.117213682180775,-78.36434934880326,0.4046806874590692,0.5601240014257464,0.46972700604416945,0.5601240014257464,-0.04470784432351921
19991080950,1999,1998,-1,339.0,48.117213682180775,-78.36434934880326,0.46972700604416945,0.3926495881413822,0.46972700604416945,0.5601240014257464,-0.04470784432351921
19991080950,1999,1999,0,339.0,48.117213682180775,-78.36434934880326,0.5144348503676887,0.5445203500645835,0.46972700604416945,0.5601240014257464,-0.04470784432351921
19991080950,1999,2000,1,339.0,48.117213682180775,-78.36434934880326,-0.0969392438983746,0.302736810215259,0.46972700604416945,0.5601240014257464,-0.04470784432351921
19991080950,1999,2001,2,339.0,48.117213682180775,-78.36434934880326,0.27941383865061115,0.3714011324347505,0.46972700604416945,0.5601240014257464,-0.04470784432351921
19991080950,1999,2002,3,339.0,48.117213682180775,-78.36434934880326,0.2948414465189071,0.505728779759725,0.46972700604416945,0.5601240014257464,-0.04470784432351921
19991080950,1999,2003,4,339.0,48.117213682180775,-78.36434934880326,0.2557949033423906,0.42393525453904457,0.46972700604416945,0.5601240014257464,-0.04470784432351921
19991080950,1999,2004,5,339.0,48.117213682180775,-78.36434934880326,0.3497929238602993,0.6005627279534242,0.46972700604416945,0.5601240014257464,-0.04470784432351921
19991080950,1999,2005,6,339.0,48.117213682180775,-78.36434934880326,0.4511414451368383,0.674074600453907,0.46972700604416945,0.5601240014257464,-0.04470784432351921
19991080950,1999,2006,7,339.0,48.117213682180775,-78.36434934880326,0.4589633467213072,0.6474243473600505,0.46972700604416945,0.5601240014257464,-0.04470784432351921
19991080950,1999,2007,8,339.0,48.117213682180775,-78.36434934880326,0.4239484920543991,0.5956058998674159,0.46972700604416945,0.5601240014257464,-0.04470784432351921
19991080950,1999,2008,9,339.0,48.117213682180775,-78.36434934880326,0.46389231477941445,0.5410476882014152,0.46972700604416945,0.5601240014257464,-0.04470784432351921
19991080950,1999,2009,10,339.0,48.117213682180775,-78.36434934880326,0.3573192382443409,0.13860405577630802,0.46972700604416945,0.5601240014257464,-0.04470784432351921
19991080950,1999,2010,11,339.0,48.117213682180775,-78.36434934880326,0.45897412309840496,0.6466290775252772,0.46972700604416945,0.5601240014257464,-0.04470784432351921
19991080950,1999,2011,12,339.0,48.117213682180775,-78.36434934880326,0.4550519423687092,0.5920684791412484,0.46972700604416945,0.5601240014257464,-0.04470784432351921
19991080950,1999,2012,13,339.0,48.117213682180775,-78.36434934880326,0.4665401377247272,0.6209676961680548,0.46972700604416945,0.5601240014257464,-0.04470784432351921
19991080950,1999,2013,14,339.0,48.117213682180775,-78.36434934880326,0.3212717986102869,0.5330537794961787,0.46972700604416945,0.5601240014257464,-0.04470784432351921
19991080950,1999,2014,15,339.0,48.117213682180775,-78.36434934880326,0.4619560352473145,0.23623485002582376,0.46972700604416945,0.5601240014257464,-0.04470784432351921
19991080950,1999,2015,16,339.0,48.117213682180775,-78.36434934880326,0.5019123343622389,0.7011315453625089,0.46972700604416945,0.5601240014257464,-0.04470784432351921
19991080950,1999,2016,17,339.0,48.117213682180775,-78.36434934880326,0.5254683184378285,0.6813615450790651,0.46972700604416945,0.5601240014257464,-0.04470784432351921
19991080950,1999,2017,18,339.0,48.117213682180775,-78.36434934880326,0.5605671050416036,0.7236017674959038,0.46972700604416945,0.5601240014257464,-0.04470784432351921
19991080950,1999,2018,19,339.0,48.117213682180775,-78.36434934880326,0.5175287428825331,0.7021787349596881,0.46972700604416945,0.5601240014257464,-0.04470784432351921
19991080950,1999,2019,20,339.0,48.117213682180775,-78.36434934880326,0.5691995316391302,0.7098061465692135,0.46972700604416945,0.5601240014257464,-0.04470784432351921
20011080405,2001,1998,-3,256.4,49.70480833728018,-78.48090165117655,0.344733656215231,0.33021558225112985,0.344733656215231,0.33021558225112985,0.11429343475946324
20011080405,2001,1999,-2,256.4,49.70480833728018,-78.48090165117655,0.3104539891821484,0.24501697438401515,0.344733656215231,0.33021558225112985,0.11429343475946324
20011080405,2001,2000,-1,256.4,49.70480833728018,-78.48090165117655,0.48137195093937657,0.3964132728460286,0.344733656215231,0.33021558225112985,0.11429343475946324
20011080405,2001,2001,0,256.4,49.70480833728018,-78.48090165117655,0.23044022145576776,0.15041226776417588,0.344733656215231,0.33021558225112985,0.11429343475946324
20011080405,2001,2002,1,256.4,49.70480833728018,-78.48090165117655,0.21677507155886036,0.24029558570798182,0.344733656215231,0.33021558225112985,0.11429343475946324
20011080405,2001,2003,2,256.4,49.70480833728018,-78.48090165117655,0.15810968879555845,0.2529329587551347,0.344733656215231,0.33021558225112985,0.11429343475946324
20011080405,2001,2004,3,256.4,49.70480833728018,-78.48090165117655,0.24026552898529493,0.31835226615432927,0.344733656215231,0.33021558225112985,0.11429343475946324
20011080405,2001,2005,4,256.4,49.70480833728018,-78.48090165117655,0.3102909358456002,0.576124030892281,0.344733656215231,0.33021558225112985,0.11429343475946324
20011080405,2001,2006,5,256.4,49.70480833728018,-78.48090165117655,0.3301115820115302,0.5489232080021091,0.344733656215231,0.33021558225112985,0.11429343475946324
20011080405,2001,2007,6,256.4,49.70480833728018,-78.48090165117655,0.3328889715631017,0.34183898819383485,0.344733656215231,0.33021558225112985,0.11429343475946324
20011080405,2001,2008,7,256.4,49.70480833728018,-78.48090165117655,0.38885074049146673,0.5214449772505698,0.344733656215231,0.33021558225112985,0.11429343475946324
20011080405,2001,2009,8,256.4,49.70480833728018,-78.48090165117655,0.3844760161830428,0.34974242839611663,0.344733656215231,0.33021558225112985,0.11429343475946324
20011080405,2001,2010,9,256.4,49.70480833728018,-78.48090165117655,0.4001708174115733,0.6229228359880532,0.344733656215231,0.33021558225112985,0.11429343475946324
20011080405,2001,2011,10,256.4,49.70480833728018,-78.48090165117655,0.41697325451231504,0.5567093519563315,0.344733656215231,0.33021558225112985,0.11429343475946324
20011080405,2001,2012,11,256.4,49.70480833728018,-78.48090165117655,0.37670071413087625,0.32464723205831114,0.344733656215231,0.33021558225112985,0.11429343475946324
20011080405,2001,2013,12,256.4,49.70480833728018,-78.48090165117655,0.3485259400612371,0.45852604780189665,0.344733656215231,0.33021558225112985,0.11429343475946324
20011080405,2001,2014,13,256.4,49.70480833728018,-78.48090165117655,0.4627663508063811,0.6229518171774455,0.344733656215231,0.33021558225112985,0.11429343475946324
20011080405,2001,2015,14,256.4,49.70480833728018,-78.48090165117655,0.4971029449163598,0.6688987808845097,0.344733656215231,0.33021558225112985,0.11429343475946324
20011080405,2001,2016,15,256.4,49.70480833728018,-78.48090165117655,0.34587398004292214,0.33002265602927444,0.344733656215231,0.33021558225112985,0.11429343475946324
20011080405,2001,2017,16,256.4,49.70480833728018,-78.48090165117655,0.45503802272460336,0.6271118305473402,0.344733656215231,0.33021558225112985,0.11429343475946324
20011080405,2001,2018,17,256.4,49.70480833728018,-78.48090165117655,0.48540792261336707,0.6777513283181897,0.344733656215231,0.33021558225112985,0.11429343475946324
20011080405,2001,2019,18,256.4,49.70480833728018,-78.48090165117655,0.532172399096172,0.7051665394860407,0.344733656215231,0.33021558225112985,0.11429343475946324
20011080405,2001,2020,19,256.4,49.70480833728018,-78.48090165117655,0.29207347677575857,0.24795380887230564,0.344733656215231,0.33021558225112985,0.11429343475946324
20011080405,2001,2021,20,256.4,49.70480833728018,-78.48090165117655,0.5303603796399773,0.6856209321187775,0.344733656215231,0.33021558225112985,0.11429343475946324
20051080355,2005,2002,-3,244.08220654,49.31871946205053,-75.50624885618394,0.6036526599186758,0.6701843723056126,0.5839864134734691,0.6582098452308743,0.4417195273750095
20051080355,2005,2003,-2,244.08220654,49.31871946205053,-75.50624885618394,0.5839864134734691,0.6582098452308743,0.5839864134734691,0.6582098452308743,0.4417195273750095
20051080355,2005,2004,-1,244.08220654,49.31871946205053,-75.50624885618394,0.5330397730111422,0.451169453711474,0.5839864134734691,0.6582098452308743,0.4417195273750095
20051080355,2005,2005,0,244.08220654,49.31871946205053,-75.50624885618394,0.14226688609845958,0.3810924800143381,0.5839864134734691,0.6582098452308743,0.4417195273750095
20051080355,2005,2006,1,244.08220654,49.31871946205053,-75.50624885618394,0.10382781411449456,0.4004214436000444,0.5839864134734691,0.6582098452308743,0.4417195273750095
20051080355,2005,2007,2,244.08220654,49.31871946205053,-75.50624885618394,0.25188069700317034,0.5176982038975787,0.5839864134734691,0.6582098452308743,0.4417195273750095
20051080355,2005,2008,3,244.08220654,49.31871946205053,-75.50624885618394,0.2752494996504336,0.26715320262780196,0.5839864134734691,0.6582098452308743,0.4417195273750095
20051080355,2005,2009,4,244.08220654,49.31871946205053,-75.50624885618394,0.3537790906912205,0.41591163709361906,0.5839864134734691,0.6582098452308743,0.4417195273750095
20051080355,2005,2010,5,244.08220654,49.31871946205053,-75.50624885618394,0.4237685946862031,0.11913949633691746,0.5839864134734691,0.6582098452308743,0.4417195273750095
20051080355,2005,2011,6,244.08220654,49.31871946205053,-75.50624885618394,0.3459588213839316,0.5292182637204802,0.5839864134734691,0.6582098452308743,0.4417195273750095
20051080355,2005,2012,7,244.08220654,49.31871946205053,-75.50624885618394,0.24435354128015244,0.2067408493892457,0.5839864134734691,0.6582098452308743,0.4417195273750095
20051080355,2005,2013,8,244.08220654,49.31871946205053,-75.50624885618394,0.41616660955242674,0.71689759172425,0.5839864134734691,0.6582098452308743,0.4417195273750095
20051080355,2005,2014,9,244.08220654,49.31871946205053,-75.50624885618394,0.4707595739649088,0.6971969749100465,0.5839864134734691,0.6582098452308743,0.4417195273750095
20051080355,2005,2015,10,244.08220654,49.31871946205053,-75.50624885618394,0.4150218423656287,0.5254252978730122,0.5839864134734691,0.6582098452308743,0.4417195273750095
20051080355,2005,2016,11,244.08220654,49.31871946205053,-75.50624885618394,0.4590719420403498,0.6781641340427685,0.5839864134734691,0.6582098452308743,0.4417195273750095
20051080355,2005,2017,12,244.08220654,49.31871946205053,-75.50624885618394,0.38858398466518573,0.5638273156999414,0.5839864134734691,0.6582098452308743,0.4417195273750095
20051080355,2005,2018,13,244.08220654,49.31871946205053,-75.50624885618394,0.4981332259018623,0.7013476017669716,0.5839864134734691,0.6582098452308743,0.4417195273750095
20051080355,2005,2019,14,244.08220654,49.31871946205053,-75.50624885618394,0.443410630710437,0.6072865259313988,0.5839864134734691,0.6582098452308743,0.4417195273750095
20051080355,2005,2020,15,244.08220654,49.31871946205053,-75.50624885618394,0.4555392157038915,0.6465109563497868,0.5839864134734691,0.6582098452308743,0.4417195273750095
20051080355,2005,2021,16,244.08220654,49.31871946205053,-75.50624885618394,0.5499901000117282,0.7401570863269333,0.5839864134734691,0.6582098452308743,0.4417195273750095
20051080355,2005,2022,17,244.08220654,49.31871946205053,-75.50624885618394,0.5791990601167939,0.7244931481834068,0.5839864134734691,0.6582098452308743,0.4417195273750095
20051080355,2005,2023,18,244.08220654,49.31871946205053,-75.50624885618394,0.24791397369422866,0.5056133615099716,0.5839864134734691,0.6582098452308743,0.4417195273750095
20051080355,2005,2024,19,244.08220654,49.31871946205053,-75.50624885618394,0.3732114753608211,0.5609094647523476,0.5839864134734691,0.6582098452308743,0.4417195273750095
20051080355,2005,2025,20,244.08220654,49.31871946205053,-75.50624885618394,0.33372355700345313,0.5802841176555166,0.5839864134734691,0.6582098452308743,0.4417195273750095
20051080374,2005,2002,-3,1122.49200649,49.92604651264526,-75.48194742713852,0.5723252452998436,0.6504371323941244,0.5059947241148706,0.5371660407916916,0.04699738402402359
20051080374,2005,2003,-2,1122.49200649,49.92604651264526,-75.48194742713852,0.5059947241148706,0.5371660407916916,0.5059947241148706,0.5371660407916916,0.04699738402402359
20051080374,2005,2004,-1,1122.49200649,49.92604651264526,-75.48194742713852,0.37706705327866386,0.24833203788855807,0.5059947241148706,0.5371660407916916,0.04699738402402359
20051080374,2005,2005,0,1122.49200649,49.92604651264526,-75.48194742713852,0.458997340090847,0.6699471776150446,0.5059947241148706,0.5371660407916916,0.04699738402402359
20051080374,2005,2006,1,1122.49200649,49.92604651264526,-75.48194742713852,-0.04314084697115173,0.31053803926624524,0.5059947241148706,0.5371660407916916,0.04699738402402359
20051080374,2005,2007,2,1122.49200649,49.92604651264526,-75.48194742713852,0.12704529097935247,0.25997755651975885,0.5059947241148706,0.5371660407916916,0.04699738402402359
20051080374,2005,2008,3,1122.49200649,49.92604651264526,-75.48194742713852,0.18160423193057673,0.17772477774084602,0.5059947241148706,0.5371660407916916,0.04699738402402359
20051080374,2005,2009,4,1122.49200649,49.92604651264526,-75.48194742713852,0.22845729575529752,0.26770572048816954,0.5059947241148706,0.5371660407916916,0.04699738402402359
20051080374,2005,2010,5,1122.49200649,49.92604651264526,-75.48194742713852,0.20502940406443307,0.5429655609417225,0.5059947241148706,0.5371660407916916,0.04699738402402359
20051080374,2005,2011,6,1122.49200649,49.92604651264526,-75.48194742713852,0.28325530233145996,0.572241555800404,0.5059947241148706,0.5371660407916916,0.04699738402402359
20051080374,2005,2012,7,1122.49200649,49.92604651264526,-75.48194742713852,0.3105485287010127,0.2537998323545417,0.5059947241148706,0.5371660407916916,0.04699738402402359
20051080374,2005,2013,8,1122.49200649,49.92604651264526,-75.48194742713852,0.2987565723140401,0.6367728516182607,0.5059947241148706,0.5371660407916916,0.04699738402402359
20051080374,2005,2014,9,1122.49200649,49.92604651264526,-75.48194742713852,0.41212401810473226,0.6736790989433722,0.5059947241148706,0.5371660407916916,0.04699738402402359
20051080374,2005,2015,10,1122.49200649,49.92604651264526,-75.48194742713852,0.42389728496592916,0.5801836126962855,0.5059947241148706,0.5371660407916916,0.04699738402402359
20051080374,2005,2016,11,1122.49200649,49.92604651264526,-75.48194742713852,0.5018955845772705,0.7050073992484217,0.5059947241148706,0.5371660407916916,0.04699738402402359
20051080374,2005,2017,12,1122.49200649,49.92604651264526,-75.48194742713852,0.47063885384080045,0.6854810676085565,0.5059947241148706,0.5371660407916916,0.04699738402402359
20051080374,2005,2018,13,1122.49200649,49.92604651264526,-75.48194742713852,0.5176563854601363,0.7226393992743262,0.5059947241148706,0.5371660407916916,0.04699738402402359
20051080374,2005,2019,14,1122.49200649,49.92604651264526,-75.48194742713852,0.47457759509027403,0.6503087897698524,0.5059947241148706,0.5371660407916916,0.04699738402402359
20051080374,2005,2020,15,1122.49200649,49.92604651264526,-75.48194742713852,0.5058767922094769,0.6816814433935476,0.5059947241148706,0.5371660407916916,0.04699738402402359
20051080374,2005,2021,16,1122.49200649,49.92604651264526,-75.48194742713852,0.5841069784062038,0.7558756771620181,0.5059947241148706,0.5371660407916916,0.04699738402402359
20051080374,2005,2022,17,1122.49200649,49.92604651264526,-75.48194742713852,0.5955789291925827,0.7324822673246397,0.5059947241148706,0.5371660407916916,0.04699738402402359
20051080374,2005,2023,18,1122.49200649,49.92604651264526,-75.48194742713852,0.5292445704558106,0.6816098112039863,0.5059947241148706,0.5371660407916916,0.04699738402402359
20051080374,2005,2024,19,1122.49200649,49.92604651264526,-75.48194742713852,0.6075150747330847,0.7480510441586714,0.5059947241148706,0.5371660407916916,0.04699738402402359
20051080374,2005,2025,20,1122.49200649,49.92604651264526,-75.48194742713852,0.5331955587436492,0.697377459420254,0.5059947241148706,0.5371660407916916,0.04699738402402359
20051080583,2005,2002,-3,3141.66528479,48.82830090144458,-77.0108461516439,0.6074243861578318,0.681583738282711,0.5721857380197667,0.6738145538670268,0.300655933953526
20051080583,2005,2003,-2,3141.66528479,48.82830090144458,-77.0108461516439,0.43155203953449095,0.3143563085062816,0.5721857380197667,0.6738145538670268,0.300655933953526
20051080583,2005,2004,-1,3141.66528479,48.82830090144458,-77.0108461516439,0.5721857380197667,0.6738145538670268,0.5721857380197667,0.6738145538670268,0.300655933953526
20051080583,2005,2005,0,3141.66528479,48.82830090144458,-77.0108461516439,0.27152980406624067,0.4277823086482273,0.5721857380197667,0.6738145538670268,0.300655933953526
20051080583,2005,2006,1,3141.66528479,48.82830090144458,-77.0108461516439,-0.01964502810751891,0.25583070497340077,0.5721857380197667,0.6738145538670268,0.300655933953526
20051080583,2005,2007,2,3141.66528479,48.82830090144458,-77.0108461516439,0.06049464836190229,0.36126375391354787,0.5721857380197667,0.6738145538670268,0.300655933953526
20051080583,2005,2008,3,3141.66528479,48.82830090144458,-77.0108461516439,0.18160253354711825,0.45887718679916595,0.5721857380197667,0.6738145538670268,0.300655933953526
20051080583,2005,2009,4,3141.66528479,48.82830090144458,-77.0108461516439,0.24415395770304404,0.32618401645995687,0.5721857380197667,0.6738145538670268,0.300655933953526
20051080583,2005,2010,5,3141.66528479,48.82830090144458,-77.0108461516439,0.3184273283826753,0.24019276589174562,0.5721857380197667,0.6738145538670268,0.300655933953526
20051080583,2005,2011,6,3141.66528479,48.82830090144458,-77.0108461516439,0.3768803724316435,0.2246397252827399,0.5721857380197667,0.6738145538670268,0.300655933953526
20051080583,2005,2012,7,3141.66528479,48.82830090144458,-77.0108461516439,0.3808193452246463,0.277427775206726,0.5721857380197667,0.6738145538670268,0.300655933953526
20051080583,2005,2013,8,3141.66528479,48.82830090144458,-77.0108461516439,0.3535914986907179,0.6074628518691655,0.5721857380197667,0.6738145538670268,0.300655933953526
20051080583,2005,2014,9,3141.66528479,48.82830090144458,-77.0108461516439,0.4590057746133242,0.6465229103479977,0.5721857380197667,0.6738145538670268,0.300655933953526
20051080583,2005,2015,10,3141.66528479,48.82830090144458,-77.0108461516439,0.44332904903353987,0.5957711438704122,0.5721857380197667,0.6738145538670268,0.300655933953526
20051080583,2005,2016,11,3141.66528479,48.82830090144458,-77.0108461516439,0.5058673074358239,0.7050581739884327,0.5721857380197667,0.6738145538670268,0.300655933953526
20051080583,2005,2017,12,3141.66528479,48.82830090144458,-77.0108461516439,0.4941742468682912,0.6777301269040836,0.5721857380197667,0.6738145538670268,0.300655933953526
20051080583,2005,2018,13,3141.66528479,48.82830090144458,-77.0108461516439,0.4706729495855017,0.6269744047957989,0.5721857380197667,0.6738145538670268,0.300655933953526
20051080583,2005,2019,14,3141.66528479,48.82830090144458,-77.0108461516439,0.5214566170965649,0.689518558534208,0.5721857380197667,0.6738145538670268,0.300655933953526
20051080583,2005,2020,15,3141.66528479,48.82830090144458,-77.0108461516439,0.3447599478872447,0.19728270537442252,0.5721857380197667,0.6738145538670268,0.300655933953526
20051080583,2005,2021,16,3141.66528479,48.82830090144458,-77.0108461516439,0.4629373158735283,0.6308130818684655,0.5721857380197667,0.6738145538670268,0.300655933953526
20051080583,2005,2022,17,3141.66528479,48.82830090144458,-77.0108461516439,0.5995977170312431,0.7753973978007632,0.5721857380197667,0.6738145538670268,0.300655933953526
20051080583,2005,2023,18,3141.66528479,48.82830090144458,-77.0108461516439,0.3301141249520753,0.3418328756308626,0.5721857380197667,0.6738145538670268,0.300655933953526
20051080583,2005,2024,19,3141.66528479,48.82830090144458,-77.0108461516439,0.5878810631722478,0.7598275355863037,0.5721857380197667,0.6738145538670268,0.300655933953526
20051080583,2005,2025,20,3141.66528479,48.82830090144458,-77.0108461516439,0.5528079410578614,0.7402467619974848,0.5721857380197667,0.6738145538670268,0.300655933953526
20051080653,2005,2002,-3,1489.45362486,50.199120231899414,-76.8437138543693,0.47466734152126416,0.41806406102548055,0.408192606395404,0.34196357052054693,0.015462697655248991
20051080653,2005,2003,-2,1489.45362486,50.199120231899414,-76.8437138543693,0.408192606395404,0.34196357052054693,0.408192606395404,0.34196357052054693,0.015462697655248991
20051080653,2005,2004,-1,1489.45362486,50.199120231899414,-76.8437138543693,0.3651884452917297,0.13087553433952473,0.408192606395404,0.34196357052054693,0.015462697655248991
20051080653,2005,2005,0,1489.45362486,50.199120231899414,-76.8437138543693,0.392729908740155,0.45679721220180414,0.408192606395404,0.34196357052054693,0.015462697655248991
20051080653,2005,2006,1,1489.45362486,50.199120231899414,-76.8437138543693,-0.019806446135477628,0.28489566393720084,0.408192606395404,0.34196357052054693,0.015462697655248991
20051080653,2005,2007,2,1489.45362486,50.199120231899414,-76.8437138543693,-0.04289083625927635,0.36317730399696935,0.408192606395404,0.34196357052054693,0.015462697655248991
20051080653,2005,2008,3,1489.45362486,50.199120231899414,-76.8437138543693,0.1620997418724983,0.2929852727980466,0.408192606395404,0.34196357052054693,0.015462697655248991
20051080653,2005,2009,4,1489.45362486,50.199120231899414,-76.8437138543693,0.34966394268066375,0.06662927094759832,0.408192606395404,0.34196357052054693,0.015462697655248991
20051080653,2005,2010,5,1489.45362486,50.199120231899414,-76.8437138543693,0.19728794501725908,0.44910465094608787,0.408192606395404,0.34196357052054693,0.015462697655248991
20051080653,2005,2011,6,1489.45362486,50.199120231899414,-76.8437138543693,0.23632054121535453,0.5585554077149931,0.408192606395404,0.34196357052054693,0.015462697655248991
20051080653,2005,2012,7,1489.45362486,50.199120231899414,-76.8437138543693,0.40438967810528675,0.027692035065317554,0.408192606395404,0.34196357052054693,0.015462697655248991
20051080653,2005,2013,8,1489.45362486,50.199120231899414,-76.8437138543693,0.29283451247939374,0.6053724157798246,0.408192606395404,0.34196357052054693,0.015462697655248991
20051080653,2005,2014,9,1489.45362486,50.199120231899414,-76.8437138543693,0.4003875063650457,0.23641367323313014,0.408192606395404,0.34196357052054693,0.015462697655248991
20051080653,2005,2015,10,1489.45362486,50.199120231899414,-76.8437138543693,0.3886623496176804,0.5957049677630489,0.408192606395404,0.34196357052054693,0.015462697655248991
20051080653,2005,2016,11,1489.45362486,50.199120231899414,-76.8437138543693,0.40825608012905146,0.49798599572177,0.408192606395404,0.34196357052054693,0.015462697655248991
20051080653,2005,2017,12,1489.45362486,50.199120231899414,-76.8437138543693,0.36525114885984805,0.38080861007970773,0.408192606395404,0.34196357052054693,0.015462697655248991
20051080653,2005,2018,13,1489.45362486,50.199120231899414,-76.8437138543693,0.4237776233475341,0.5565573128848395,0.408192606395404,0.34196357052054693,0.015462697655248991
20051080653,2005,2019,14,1489.45362486,50.199120231899414,-76.8437138543693,0.44730376762279095,0.668129397739302,0.408192606395404,0.34196357052054693,0.015462697655248991
20051080653,2005,2020,15,1489.45362486,50.199120231899414,-76.8437138543693,0.3730816093980998,0.4316126230942343,0.408192606395404,0.34196357052054693,0.015462697655248991
20051080653,2005,2021,16,1489.45362486,50.199120231899414,-76.8437138543693,0.5409405863569529,0.7227069640341105,0.408192606395404,0.34196357052054693,0.015462697655248991
20051080653,2005,2022,17,1489.45362486,50.199120231899414,-76.8437138543693,0.5840079983783527,0.7615531442688336,0.408192606395404,0.34196357052054693,0.015462697655248991
20051080653,2005,2023,18,1489.45362486,50.199120231899414,-76.8437138543693,0.5567060535001261,0.6678359390957495,0.408192606395404,0.34196357052054693,0.015462697655248991
20051080653,2005,2024,19,1489.45362486,50.199120231899414,-76.8437138543693,0.6113220776952645,0.7304103113285785,0.408192606395404,0.34196357052054693,0.015462697655248991
20051080653,2005,2025,20,1489.45362486,50.199120231899414,-76.8437138543693,0.6074077474536865,0.7616793369551884,0.408192606395404,0.34196357052054693,0.015462697655248991
20051080691,2005,2002,-3,379.078920262,49.26481758567402,-76.5157234541866,0.6476253154381106,0.7441527450937566,0.41997713642783174,0.3925665734850192,-0.034768203554359556
20051080691,2005,2003,-2,379.078920262,49.26481758567402,-76.5157234541866,0.31838808696909116,0.2636370249997284,0.41997713642783174,0.3925665734850192,-0.034768203554359556
20051080691,2005,2004,-1,379.078920262,49.26481758567402,-76.5157234541866,0.41997713642783174,0.3925665734850192,0.41997713642783174,0.3925665734850192,-0.034768203554359556
20051080691,2005,2005,0,379.078920262,49.26481758567402,-76.5157234541866,0.4547453399821913,0.6074973801982227,0.41997713642783174,0.3925665734850192,-0.034768203554359556
20051080691,2005,2006,1,379.078920262,49.26481758567402,-76.5157234541866,0.21462974518333863,0.31476359420530553,0.41997713642783174,0.3925665734850192,-0.034768203554359556
20051080691,2005,2007,2,379.078920262,49.26481758567402,-76.5157234541866,0.2288164190628057,0.41997864488335224,0.41997713642783174,0.3925665734850192,-0.034768203554359556
20051080691,2005,2008,3,379.078920262,49.26481758567402,-76.5157234541866,0.2674815493053219,0.4081298265831814,0.41997713642783174,0.3925665734850192,-0.034768203554359556
20051080691,2005,2009,4,379.078920262,49.26481758567402,-76.5157234541866,0.2752154768338566,0.24014205419907295,0.41997713642783174,0.3925665734850192,-0.034768203554359556
20051080691,2005,2010,5,379.078920262,49.26481758567402,-76.5157234541866,0.43655870391460905,0.1287671544472973,0.41997713642783174,0.3925665734850192,-0.034768203554359556
20051080691,2005,2011,6,379.078920262,49.26481758567402,-76.5157234541866,0.40431009227408443,0.6190860192692638,0.41997713642783174,0.3925665734850192,-0.034768203554359556
20051080691,2005,2012,7,379.078920262,49.26481758567402,-76.5157234541866,0.416159978502399,0.5198271993553252,0.41997713642783174,0.3925665734850192,-0.034768203554359556
20051080691,2005,2013,8,379.078920262,49.26481758567402,-76.5157234541866,0.4314291100979747,0.6934599248184168,0.41997713642783174,0.3925665734850192,-0.034768203554359556
20051080691,2005,2014,9,379.078920262,49.26481758567402,-76.5157234541866,0.5251681172011816,0.7168327565538437,0.41997713642783174,0.3925665734850192,-0.034768203554359556
20051080691,2005,2015,10,379.078920262,49.26481758567402,-76.5157234541866,0.5099711872404146,0.6933701639625551,0.41997713642783174,0.3925665734850192,-0.034768203554359556
20051080691,2005,2016,11,379.078920262,49.26481758567402,-76.5157234541866,0.5762703474298525,0.7050691976369652,0.41997713642783174,0.3925665734850192,-0.034768203554359556
20051080691,2005,2017,12,379.078920262,49.26481758567402,-76.5157234541866,0.4267856235824472,0.3614098125939175,0.41997713642783174,0.3925665734850192,-0.034768203554359556
20051080691,2005,2018,13,379.078920262,49.26481758567402,-76.5157234541866,0.5771649143619628,0.681558996968144,0.41997713642783174,0.3925665734850192,-0.034768203554359556
20051080691,2005,2019,14,379.078920262,49.26481758567402,-76.5157234541866,0.5642172097279184,0.6383860880080039,0.41997713642783174,0.3925665734850192,-0.034768203554359556
20051080691,2005,2020,15,379.078920262,49.26481758567402,-76.5157234541866,0.4628548989740844,0.6344298227204314,0.41997713642783174,0.3925665734850192,-0.034768203554359556
20051080691,2005,2021,16,379.078920262,49.26481758567402,-76.5157234541866,0.6153224503695254,0.7871747738294316,0.41997713642783174,0.3925665734850192,-0.034768203554359556
20051080691,2005,2022,17,379.078920262,49.26481758567402,-76.5157234541866,0.6709886905525873,0.8222691590648268,0.41997713642783174,0.3925665734850192,-0.034768203554359556
20051080691,2005,2023,18,379.078920262,49.26481758567402,-76.5157234541866,0.4667316069177204,0.5174843815985434,0.41997713642783174,0.3925665734850192,-0.034768203554359556
20051080691,2005,2024,19,379.078920262,49.26481758567402,-76.5157234541866,0.6072611294427529,0.7675115975318653,0.41997713642783174,0.3925665734850192,-0.034768203554359556
20051080691,2005,2025,20,379.078920262,49.26481758567402,-76.5157234541866,0.5956600278326092,0.7753130607625975,0.41997713642783174,0.3925665734850192,-0.034768203554359556
20051080695,2005,2002,-3,4924.15304877,49.39736441369288,-75.5829540926639,0.6073621331203286,0.701197420357967,0.5449118463989232,0.6386049828612708,0.1562566946156182
20051080695,2005,2003,-2,4924.15304877,49.39736441369288,-75.5829540926639,0.5449118463989232,0.6386049828612708,0.5449118463989232,0.6386049828612708,0.1562566946156182
20051080695,2005,2004,-1,4924.15304877,49.39736441369288,-75.5829540926639,0.3847480190858662,0.23243418737309418,0.5449118463989232,0.6386049828612708,0.1562566946156182
20051080695,2005,2005,0,4924.15304877,49.39736441369288,-75.5829540926639,0.388655151783305,0.6348352857578783,0.5449118463989232,0.6386049828612708,0.1562566946156182
20051080695,2005,2006,1,4924.15304877,49.39736441369288,-75.5829540926639,0.011706678124841795,0.2949275338508036,0.5449118463989232,0.6386049828612708,0.1562566946156182
20051080695,2005,2007,2,4924.15304877,49.39736441369288,-75.5829540926639,0.09774558154002558,0.3457298932231881,0.5449118463989232,0.6386049828612708,0.1562566946156182
20051080695,2005,2008,3,4924.15304877,49.39736441369288,-75.5829540926639,0.24607309192658589,0.19138104272132792,0.5449118463989232,0.6386049828612708,0.1562566946156182
20051080695,2005,2009,4,4924.15304877,49.39736441369288,-75.5829540926639,0.2402187379010086,0.37107713682815413,0.5449118463989232,0.6386049828612708,0.1562566946156182
20051080695,2005,2010,5,4924.15304877,49.39736441369288,-75.5829540926639,0.2949208781548714,0.24808613585737121,0.5449118463989232,0.6386049828612708,0.1562566946156182
20051080695,2005,2011,6,4924.15304877,49.39736441369288,-75.5829540926639,0.31056611791754885,0.5410325410416066,0.5449118463989232,0.6386049828612708,0.1562566946156182
20051080695,2005,2012,7,4924.15304877,49.39736441369288,-75.5829540926639,0.31831965631024545,0.12895154896768252,0.5449118463989232,0.6386049828612708,0.1562566946156182
20051080695,2005,2013,8,4924.15304877,49.39736441369288,-75.5829540926639,0.33800782350727027,0.6503528457164105,0.5449118463989232,0.6386049828612708,0.1562566946156182
20051080695,2005,2014,9,4924.15304877,49.39736441369288,-75.5829540926639,0.4160923827430726,0.6309015786512756,0.5449118463989232,0.6386049828612708,0.1562566946156182
20051080695,2005,2015,10,4924.15304877,49.39736441369288,-75.5829540926639,0.3769089679250929,0.462932456951374,0.5449118463989232,0.6386049828612708,0.1562566946156182
20051080695,2005,2016,11,4924.15304877,49.39736441369288,-75.5829540926639,0.47854664890586535,0.6777774899123429,0.5449118463989232,0.6386049828612708,0.1562566946156182
20051080695,2005,2017,12,4924.15304877,49.39736441369288,-75.5829540926639,0.43167661703266874,0.627024073998696,0.5449118463989232,0.6386049828612708,0.1562566946156182
20051080695,2005,2018,13,4924.15304877,49.39736441369288,-75.5829540926639,0.4902462387070064,0.6659562566535064,0.5449118463989232,0.6386049828612708,0.1562566946156182
20051080695,2005,2019,14,4924.15304877,49.39736441369288,-75.5829540926639,0.451230192131796,0.556616382950078,0.5449118463989232,0.6386049828612708,0.1562566946156182
20051080695,2005,2020,15,4924.15304877,49.39736441369288,-75.5829540926639,0.48634906686436985,0.654308747799576,0.5449118463989232,0.6386049828612708,0.1562566946156182
20051080695,2005,2021,16,4924.15304877,49.39736441369288,-75.5829540926639,0.5644500455056944,0.7363435050971635,0.5449118463989232,0.6386049828612708,0.1562566946156182
20051080695,2005,2022,17,4924.15304877,49.39736441369288,-75.5829540926639,0.47072498926958717,0.4276577697688315,0.5449118463989232,0.6386049828612708,0.1562566946156182
20051080695,2005,2023,18,4924.15304877,49.39736441369288,-75.5829540926639,0.5273554945759814,0.6894962092183722,0.5449118463989232,0.6386049828612708,0.1562566946156182
20051080695,2005,2024,19,4924.15304877,49.39736441369288,-75.5829540926639,0.427741001325819,0.5292866655642336,0.5449118463989232,0.6386049828612708,0.1562566946156182
20051080695,2005,2025,20,4924.15304877,49.39736441369288,-75.5829540926639,0.42778273142317397,0.6269781175372402,0.5449118463989232,0.6386049828612708,0.1562566946156182
20051080742,2005,2002,-3,638.528462337,49.37625535046806,-75.33171996660937,0.4866134548300653,0.5134831924157472,0.3964490803871751,0.26359701134541225,-0.04474269931924235
20051080742,2005,2003,-2,638.528462337,49.37625535046806,-75.33171996660937,0.3964490803871751,0.26359701134541225,0.3964490803871751,0.26359701134541225,-0.04474269931924235
20051080742,2005,2004,-1,638.528462337,49.37625535046806,-75.33171996660937,0.3534914330639285,0.1270031304131943,0.3964490803871751,0.26359701134541225,-0.04474269931924235
20051080742,2005,2005,0,638.528462337,49.37625535046806,-75.33171996660937,0.44119177970641743,0.6661044915493507,0.3964490803871751,0.26359701134541225,-0.04474269931924235
20051080742,2005,2006,1,638.528462337,49.37625535046806,-75.33171996660937,0.027271567496106236,0.2597892795543174,0.3964490803871751,0.26359701134541225,-0.04474269931924235
20051080742,2005,2007,2,638.528462337,49.37625535046806,-75.33171996660937,-0.017550289931591353,0.3303845867733593,0.3964490803871751,0.26359701134541225,-0.04474269931924235
20051080742,2005,2008,3,638.528462337,49.37625535046806,-75.33171996660937,0.2167883155117494,0.18336055769748208,0.3964490803871751,0.26359701134541225,-0.04474269931924235
20051080742,2005,2009,4,638.528462337,49.37625535046806,-75.33171996660937,0.19722255050812276,0.20902289767786683,0.3964490803871751,0.26359701134541225,-0.04474269931924235
20051080742,2005,2010,5,638.528462337,49.37625535046806,-75.33171996660937,0.29886329617197027,0.14258685628993217,0.3964490803871751,0.26359701134541225,-0.04474269931924235
20051080742,2005,2011,6,638.528462337,49.37625535046806,-75.33171996660937,0.23660786493925,0.49036995642616066,0.3964490803871751,0.26359701134541225,-0.04474269931924235
20051080742,2005,2012,7,638.528462337,49.37625535046806,-75.33171996660937,0.2987321338430998,0.13686451752482842,0.3964490803871751,0.26359701134541225,-0.04474269931924235
20051080742,2005,2013,8,638.528462337,49.37625535046806,-75.33171996660937,0.2867825756751263,0.5996757781195952,0.3964490803871751,0.26359701134541225,-0.04474269931924235
20051080742,2005,2014,9,638.528462337,49.37625535046806,-75.33171996660937,0.38870867456767505,0.541096127439301,0.3964490803871751,0.26359701134541225,-0.04474269931924235
20051080742,2005,2015,10,638.528462337,49.37625535046806,-75.33171996660937,0.3692736985869773,0.451170859638105,0.3964490803871751,0.26359701134541225,-0.04474269931924235
20051080742,2005,2016,11,638.528462337,49.37625535046806,-75.33171996660937,0.4626767989082977,0.650242096795393,0.3964490803871751,0.26359701134541225,-0.04474269931924235
20051080742,2005,2017,12,638.528462337,49.37625535046806,-75.33171996660937,0.4161227594104278,0.5876532808096896,0.3964490803871751,0.26359701134541225,-0.04474269931924235
20051080742,2005,2018,13,638.528462337,49.37625535046806,-75.33171996660937,0.505853643587511,0.7049680719073076,0.3964490803871751,0.26359701134541225,-0.04474269931924235
20051080742,2005,2019,14,638.528462337,49.37625535046806,-75.33171996660937,0.49400320703725414,0.6973521824240866,0.3964490803871751,0.26359701134541225,-0.04474269931924235
20051080742,2005,2020,15,638.528462337,49.37625535046806,-75.33171996660937,0.4901417024179586,0.6659341917799482,0.3964490803871751,0.26359701134541225,-0.04474269931924235
20051080742,2005,2021,16,638.528462337,49.37625535046806,-75.33171996660937,0.5956653360019083,0.7441337777017591,0.3964490803871751,0.26359701134541225,-0.04474269931924235
20051080742,2005,2022,17,638.528462337,49.37625535046806,-75.33171996660937,0.5294113196480195,0.6619814145181641,0.3964490803871751,0.26359701134541225,-0.04474269931924235
20051080742,2005,2023,18,638.528462337,49.37625535046806,-75.33171996660937,0.3417524487806186,0.5528413295765408,0.3964490803871751,0.26359701134541225,-0.04474269931924235
20051080742,2005,2024,19,638.528462337,49.37625535046806,-75.33171996660937,0.24423704170691463,0.38096902181059694,0.3964490803871751,0.26359701134541225,-0.04474269931924235
20051080742,2005,2025,20,638.528462337,49.37625535046806,-75.33171996660937,0.20882154260644623,0.4118889909122518,0.3964490803871751,0.26359701134541225,-0.04474269931924235
20051080768,2005,2002,-3,154.16764101,49.112264637481864,-77.9616239663096,0.4123938846580928,0.26764787416440944,0.4123938846580928,0.3457816884047476,-0.0035603583076100342
20051080768,2005,2003,-2,154.16764101,49.112264637481864,-77.9616239663096,0.3539147318834955,0.3457816884047476,0.4123938846580928,0.3457816884047476,-0.0035603583076100342
20051080768,2005,2004,-1,154.16764101,49.112264637481864,-77.9616239663096,0.6311491619729904,0.7483274670360867,0.4123938846580928,0.3457816884047476,-0.0035603583076100342
20051080768,2005,2005,0,154.16764101,49.112264637481864,-77.9616239663096,0.4159542429657028,0.7166838918265545,0.4123938846580928,0.3457816884047476,-0.0035603583076100342
20051080768,2005,2006,1,154.16764101,49.112264637481864,-77.9616239663096,0.025058484747366935,0.3305959812634615,0.4123938846580928,0.3457816884047476,-0.0035603583076100342
20051080768,2005,2007,2,154.16764101,49.112264637481864,-77.9616239663096,0.27136813985303254,0.10819832078991037,0.4123938846580928,0.3457816884047476,-0.0035603583076100342
20051080768,2005,2008,3,154.16764101,49.112264637481864,-77.9616239663096,0.14583062058535784,0.30250120561248095,0.4123938846580928,0.3457816884047476,-0.0035603583076100342
20051080768,2005,2009,4,154.16764101,49.112264637481864,-77.9616239663096,0.3182913633980639,0.36882636739310976,0.4123938846580928,0.3457816884047476,-0.0035603583076100342
20051080768,2005,2010,5,154.16764101,49.112264637481864,-77.9616239663096,0.25173881626199773,0.4508474163110717,0.4123938846580928,0.3457816884047476,-0.0035603583076100342
20051080768,2005,2011,6,154.16764101,49.112264637481864,-77.9616239663096,0.29863333165213873,0.5681089336730112,0.4123938846580928,0.3457816884047476,-0.0035603583076100342
20051080768,2005,2012,7,154.16764101,49.112264637481864,-77.9616239663096,0.28619681895061344,-0.21691437363001248,0.4123938846580928,0.3457816884047476,-0.0035603583076100342
20051080768,2005,2013,8,154.16764101,49.112264637481864,-77.9616239663096,0.3337890139244457,0.19728145779980616,0.4123938846580928,0.3457816884047476,-0.0035603583076100342
20051080768,2005,2014,9,154.16764101,49.112264637481864,-77.9616239663096,0.4306013626873292,0.318232153864859,0.4123938846580928,0.3457816884047476,-0.0035603583076100342
20051080768,2005,2015,10,154.16764101,49.112264637481864,-77.9616239663096,0.43168077556100776,0.5875154966525371,0.4123938846580928,0.3457816884047476,-0.0035603583076100342
20051080768,2005,2016,11,154.16764101,49.112264637481864,-77.9616239663096,0.48606680847708955,0.68580678229107,0.4123938846580928,0.3457816884047476,-0.0035603583076100342
20051080768,2005,2017,12,154.16764101,49.112264637481864,-77.9616239663096,0.36508011192701645,0.39669396444385946,0.4123938846580928,0.3457816884047476,-0.0035603583076100342
20051080768,2005,2018,13,154.16764101,49.112264637481864,-77.9616239663096,0.4861262931064222,0.6779052843976527,0.4123938846580928,0.3457816884047476,-0.0035603583076100342
20051080768,2005,2019,14,154.16764101,49.112264637481864,-77.9616239663096,0.5021909491271979,0.6856750442645151,0.4123938846580928,0.3457816884047476,-0.0035603583076100342
20051080768,2005,2020,15,154.16764101,49.112264637481864,-77.9616239663096,0.4599426455409267,0.3725605714806264,0.4123938846580928,0.3457816884047476,-0.0035603583076100342
20051080768,2005,2021,16,154.16764101,49.112264637481864,-77.9616239663096,0.3535924994821399,0.45119798641382486,0.4123938846580928,0.3457816884047476,-0.0035603583076100342
20051080768,2005,2022,17,154.16764101,49.112264637481864,-77.9616239663096,0.592002583752346,0.7638004914070122,0.4123938846580928,0.3457816884047476,-0.0035603583076100342
20051080768,2005,2023,18,154.16764101,49.112264637481864,-77.9616239663096,0.5682408133042756,0.7051752284694889,0.4123938846580928,0.3457816884047476,-0.0035603583076100342
20051080768,2005,2024,19,154.16764101,49.112264637481864,-77.9616239663096,0.611367222411517,0.782897260264962,0.4123938846580928,0.3457816884047476,-0.0035603583076100342
20051080768,2005,2025,20,154.16764101,49.112264637481864,-77.9616239663096,0.5488086845390573,0.7524086052338349,0.4123938846580928,0.3457816884047476,-0.0035603583076100342
20051080797,2005,2002,-3,213.756777452,48.69530700623441,-75.77072556498383,0.49005350183614105,0.38080031221244176,0.4824395766351819,0.38080031221244176,0.06614926901258689
20051080797,2005,2003,-2,213.756777452,48.69530700623441,-75.77072556498383,0.4824395766351819,0.4086189516116084,0.4824395766351819,0.38080031221244176,0.06614926901258689
20051080797,2005,2004,-1,213.756777452,48.69530700623441,-75.77072556498383,0.38777324296058335,0.13892523197888196,0.4824395766351819,0.38080031221244176,0.06614926901258689
20051080797,2005,2005,0,213.756777452,48.69530700623441,-75.77072556498383,0.416290307622595,0.45130816020034076,0.4824395766351819,0.38080031221244176,0.06614926901258689
20051080797,2005,2006,1,213.756777452,48.69530700623441,-75.77072556498383,0.06042139946346332,0.29859717940001973,0.4824395766351819,0.38080031221244176,0.06614926901258689
20051080797,2005,2007,2,213.756777452,48.69530700623441,-75.77072556498383,0.09195114819955746,0.40085504823200585,0.4824395766351819,0.38080031221244176,0.06614926901258689
20051080797,2005,2008,3,213.756777452,48.69530700623441,-75.77072556498383,0.1904691045981992,0.06748683742993303,0.4824395766351819,0.38080031221244176,0.06614926901258689
20051080797,2005,2009,4,213.756777452,48.69530700623441,-75.77072556498383,0.3185095321935297,0.15914445547525233,0.4824395766351819,0.38080031221244176,0.06614926901258689
20051080797,2005,2010,5,213.756777452,48.69530700623441,-75.77072556498383,0.35346845887316775,0.5020782129651811,0.4824395766351819,0.38080031221244176,0.06614926901258689
20051080797,2005,2011,6,213.756777452,48.69530700623441,-75.77072556498383,0.33391097927430746,0.49020701836589037,0.4824395766351819,0.38080031221244176,0.06614926901258689
20051080797,2005,2012,7,213.756777452,48.69530700623441,-75.77072556498383,0.2873548531698148,0.35520759732456203,0.4824395766351819,0.38080031221244176,0.06614926901258689
20051080797,2005,2013,8,213.756777452,48.69530700623441,-75.77072556498383,0.4002089721941024,0.6308757160639519,0.4824395766351819,0.38080031221244176,0.06614926901258689
20051080797,2005,2014,9,213.756777452,48.69530700623441,-75.77072556498383,0.4042450625241844,0.4080960046400785,0.4824395766351819,0.38080031221244176,0.06614926901258689
20051080797,2005,2015,10,213.756777452,48.69530700623441,-75.77072556498383,0.3212411578504841,0.19708490183214156,0.4824395766351819,0.38080031221244176,0.06614926901258689
20051080797,2005,2016,11,213.756777452,48.69530700623441,-75.77072556498383,0.45525285036327356,0.47492012441585324,0.4824395766351819,0.38080031221244176,0.06614926901258689
20051080797,2005,2017,12,213.756777452,48.69530700623441,-75.77072556498383,0.5173105734114997,0.701560472499708,0.4824395766351819,0.38080031221244176,0.06614926901258689
20051080797,2005,2018,13,213.756777452,48.69530700623441,-75.77072556498383,0.5410204085682458,0.6777778254370865,0.4824395766351819,0.38080031221244176,0.06614926901258689
20051080797,2005,2019,14,213.756777452,48.69530700623441,-75.77072556498383,0.5342056512258396,0.6114512593694115,0.4824395766351819,0.38080031221244176,0.06614926901258689
20051080797,2005,2020,15,213.756777452,48.69530700623441,-75.77072556498383,0.5058427195937093,0.6310326603324928,0.4824395766351819,0.38080031221244176,0.06614926901258689
20051080797,2005,2021,16,213.756777452,48.69530700623441,-75.77072556498383,0.5602841031042316,0.7011030727481113,0.4824395766351819,0.38080031221244176,0.06614926901258689
20051080797,2005,2022,17,213.756777452,48.69530700623441,-75.77072556498383,0.5056041528209658,0.568443727422398,0.4824395766351819,0.38080031221244176,0.06614926901258689
20051080797,2005,2023,18,213.756777452,48.69530700623441,-75.77072556498383,0.45888167088068876,0.4903274159906058,0.4824395766351819,0.38080031221244176,0.06614926901258689
20051080797,2005,2024,19,213.756777452,48.69530700623441,-75.77072556498383,0.4901858259125839,0.556740455301202,0.4824395766351819,0.38080031221244176,0.06614926901258689
20051080797,2005,2025,20,213.756777452,48.69530700623441,-75.77072556498383,0.5907365361753629,0.7164268943944084,0.4824395766351819,0.38080031221244176,0.06614926901258689
20051081299,2005,2002,-3,1353.31869645,48.17984563720563,-78.51278151425139,0.6707328400308801,0.8198094804991068,0.575912970028946,0.7050156346839626,-0.09307235563872096
20051081299,2005,2003,-2,1353.31869645,48.17984563720563,-78.51278151425139,0.575912970028946,0.7050156346839626,0.575912970028946,0.7050156346839626,-0.09307235563872096
20051081299,2005,2004,-1,1353.31869645,48.17984563720563,-78.51278151425139,0.5254616565181939,0.5992104652008347,0.575912970028946,0.7050156346839626,-0.09307235563872096
20051081299,2005,2005,0,1353.31869645,48.17984563720563,-78.51278151425139,0.668985325667667,0.7762834196198498,0.575912970028946,0.7050156346839626,-0.09307235563872096
20051081299,2005,2006,1,1353.31869645,48.17984563720563,-78.51278151425139,0.24066819730568695,0.5018339317081566,0.575912970028946,0.7050156346839626,-0.09307235563872096
20051081299,2005,2007,2,1353.31869645,48.17984563720563,-78.51278151425139,0.2872840551232379,0.5756538026985041,0.575912970028946,0.7050156346839626,-0.09307235563872096
20051081299,2005,2008,3,1353.31869645,48.17984563720563,-78.51278151425139,0.42768714084826154,0.40137536142301466,0.575912970028946,0.7050156346839626,-0.09307235563872096
20051081299,2005,2009,4,1353.31869645,48.17984563720563,-78.51278151425139,0.41489632469157356,0.29567456443371615,0.575912970028946,0.7050156346839626,-0.09307235563872096
20051081299,2005,2010,5,1353.31869645,48.17984563720563,-78.51278151425139,0.4509111626967186,0.6734612868080745,0.575912970028946,0.7050156346839626,-0.09307235563872096
20051081299,2005,2011,6,1353.31869645,48.17984563720563,-78.51278151425139,0.5018133033673944,0.5791259477656175,0.575912970028946,0.7050156346839626,-0.09307235563872096
20051081299,2005,2012,7,1353.31869645,48.17984563720563,-78.51278151425139,0.5254116020849869,0.6973139887200106,0.575912970028946,0.7050156346839626,-0.09307235563872096
20051081299,2005,2013,8,1353.31869645,48.17984563720563,-78.51278151425139,0.38963788056612375,0.17340724422232656,0.575912970028946,0.7050156346839626,-0.09307235563872096
20051081299,2005,2014,9,1353.31869645,48.17984563720563,-78.51278151425139,0.4755978966878081,0.22037111530637274,0.575912970028946,0.7050156346839626,-0.09307235563872096
20051081299,2005,2015,10,1353.31869645,48.17984563720563,-78.51278151425139,0.47958469143244453,0.6466880487486037,0.575912970028946,0.7050156346839626,-0.09307235563872096
20051081299,2005,2016,11,1353.31869645,48.17984563720563,-78.51278151425139,0.4403314223599472,0.5913373555652598,0.575912970028946,0.7050156346839626,-0.09307235563872096
20051081299,2005,2017,12,1353.31869645,48.17984563720563,-78.51278151425139,0.5572821197309777,0.7481589730243425,0.575912970028946,0.7050156346839626,-0.09307235563872096
20051081299,2005,2018,13,1353.31869645,48.17984563720563,-78.51278151425139,0.5540019404522818,0.7548481586689106,0.575912970028946,0.7050156346839626,-0.09307235563872096
20051081299,2005,2019,14,1353.31869645,48.17984563720563,-78.51278151425139,0.5957370272867994,0.7583623785616355,0.575912970028946,0.7050156346839626,-0.09307235563872096
20051081299,2005,2020,15,1353.31869645,48.17984563720563,-78.51278151425139,0.40130265861986913,0.25596086250526867,0.575912970028946,0.7050156346839626,-0.09307235563872096
20051081299,2005,2021,16,1353.31869645,48.17984563720563,-78.51278151425139,0.5725169580998646,0.7565083835024923,0.575912970028946,0.7050156346839626,-0.09307235563872096
20051081299,2005,2022,17,1353.31869645,48.17984563720563,-78.51278151425139,0.6435942645548651,0.8094727591296862,0.575912970028946,0.7050156346839626,-0.09307235563872096
20051081299,2005,2023,18,1353.31869645,48.17984563720563,-78.51278151425139,0.5633626425296637,0.7334400823311097,0.575912970028946,0.7050156346839626,-0.09307235563872096
20051081299,2005,2024,19,1353.31869645,48.17984563720563,-78.51278151425139,0.625863372714638,0.8018477462104585,0.575912970028946,0.7050156346839626,-0.09307235563872096
20051081299,2005,2025,20,1353.31869645,48.17984563720563,-78.51278151425139,0.5441451718455328,0.727392495532466,0.575912970028946,0.7050156346839626,-0.09307235563872096
20061080486,2006,2003,-3,679.098554854,49.57711708344799,-76.70840301922433,0.4277489078133282,0.3651499141862813,0.4277489078133282,0.3651499141862813,0.058656346216103716
20061080486,2006,2004,-2,679.098554854,49.57711708344799,-76.70840301922433,0.3885991306923238,0.15208921334892755,0.4277489078133282,0.3651499141862813,0.058656346216103716
20061080486,2006,2005,-1,679.098554854,49.57711708344799,-76.70840301922433,0.6036451702512458,0.6618751394656146,0.4277489078133282,0.3651499141862813,0.058656346216103716
20061080486,2006,2006,0,679.098554854,49.57711708344799,-76.70840301922433,0.3690925615972245,0.5957473475842775,0.4277489078133282,0.3651499141862813,0.058656346216103716
20061080486,2006,2007,1,679.098554854,49.57711708344799,-76.70840301922433,-0.07412904962720138,0.3143991646293957,0.4277489078133282,0.3651499141862813,0.058656346216103716
20061080486,2006,2008,2,679.098554854,49.57711708344799,-76.70840301922433,0.09559908797777503,0.380837149797207,0.4277489078133282,0.3651499141862813,0.058656346216103716
20061080486,2006,2009,3,679.098554854,49.57711708344799,-76.70840301922433,0.4161284804460171,0.09747187143027702,0.4277489078133282,0.3651499141862813,0.058656346216103716
20061080486,2006,2010,4,679.098554854,49.57711708344799,-76.70840301922433,0.31836590080921634,0.3225534360863645,0.4277489078133282,0.3651499141862813,0.058656346216103716
20061080486,2006,2011,5,679.098554854,49.57711708344799,-76.70840301922433,0.3301143700361758,0.6153766011121603,0.4277489078133282,0.3651499141862813,0.058656346216103716
20061080486,2006,2012,6,679.098554854,49.57711708344799,-76.70840301922433,0.39256968876724924,0.4729065749627343,0.4277489078133282,0.3651499141862813,0.058656346216103716
20061080486,2006,2013,7,679.098554854,49.57711708344799,-76.70840301922433,0.3730197656489206,0.673848705421301,0.4277489078133282,0.3651499141862813,0.058656346216103716
20061080486,2006,2014,8,679.098554854,49.57711708344799,-76.70840301922433,0.4668059834107652,0.6777657763990781,0.4277489078133282,0.3651499141862813,0.058656346216103716
20061080486,2006,2015,9,679.098554854,49.57711708344799,-76.70840301922433,0.4628801146937398,0.6699460781062059,0.4277489078133282,0.3651499141862813,0.058656346216103716
20061080486,2006,2016,10,679.098554854,49.57711708344799,-76.70840301922433,0.4902377222599918,0.7051668782176675,0.4277489078133282,0.3651499141862813,0.058656346216103716
20061080486,2006,2017,11,679.098554854,49.57711708344799,-76.70840301922433,0.4589051406200859,0.5373725879167562,0.4277489078133282,0.3651499141862813,0.058656346216103716
20061080486,2006,2018,12,679.098554854,49.57711708344799,-76.70840301922433,0.5057259733509729,0.7206449977243506,0.4277489078133282,0.3651499141862813,0.058656346216103716
20061080486,2006,2019,13,679.098554854,49.57711708344799,-76.70840301922433,0.5058823416858584,0.6425929277051398,0.4277489078133282,0.3651499141862813,0.058656346216103716
20061080486,2006,2020,14,679.098554854,49.57711708344799,-76.70840301922433,0.4667411048991675,0.6622070615165865,0.4277489078133282,0.3651499141862813,0.058656346216103716
20061080486,2006,2021,15,679.098554854,49.57711708344799,-76.70840301922433,0.5645137095235844,0.7599102427633306,0.4277489078133282,0.3651499141862813,0.058656346216103716
20061080486,2006,2022,16,679.098554854,49.57711708344799,-76.70840301922433,0.6191039406723998,0.7949993951641982,0.4277489078133282,0.3651499141862813,0.058656346216103716
20061080486,2006,2023,17,679.098554854,49.57711708344799,-76.70840301922433,0.3418670466278903,0.5175898352801911,0.4277489078133282,0.3651499141862813,0.058656346216103716
20061080486,2006,2024,18,679.098554854,49.57711708344799,-76.70840301922433,0.43939217947935777,0.7087226794073047,0.4277489078133282,0.3651499141862813,0.058656346216103716
20061080486,2006,2025,19,679.098554854,49.57711708344799,-76.70840301922433,0.4394867219081136,0.7012114444005575,0.4277489078133282,0.3651499141862813,0.058656346216103716
20071080193,2007,2004,-3,1181.48907462,48.25716183576918,-76.39055215697803,0.45901520845039,0.40261727771071676,0.45901520845039,0.537022106627632,0.43361883087762043
20071080193,2007,2005,-2,1181.48907462,48.25716183576918,-76.39055215697803,0.5332446723497998,0.5840146375864046,0.45901520845039,0.537022106627632,0.43361883087762043
20071080193,2007,2006,-1,1181.48907462,48.25716183576918,-76.39055215697803,0.45115708032729357,0.537022106627632,0.45901520845039,0.537022106627632,0.43361883087762043
20071080193,2007,2007,0,1181.48907462,48.25716183576918,-76.39055215697803,0.025396377572769597,0.31435419827076844,0.45901520845039,0.537022106627632,0.43361883087762043
20071080193,2007,2008,1,1181.48907462,48.25716183576918,-76.39055215697803,0.2205917943143465,0.15999528579453687,0.45901520845039,0.537022106627632,0.43361883087762043
20071080193,2007,2009,2,1181.48907462,48.25716183576918,-76.39055215697803,0.27938476599517525,0.3222158925214568,0.45901520845039,0.537022106627632,0.43361883087762043
20071080193,2007,2010,3,1181.48907462,48.25716183576918,-76.39055215697803,0.2597618979889807,0.21673111664879058,0.45901520845039,0.537022106627632,0.43361883087762043
20071080193,2007,2011,4,1181.48907462,48.25716183576918,-76.39055215697803,0.3338412020055776,0.40043779593708645,0.45901520845039,0.537022106627632,0.43361883087762043
20071080193,2007,2012,5,1181.48907462,48.25716183576918,-76.39055215697803,0.3300554308415779,0.49629887383140886,0.45901520845039,0.537022106627632,0.43361883087762043
20071080193,2007,2013,6,1181.48907462,48.25716183576918,-76.39055215697803,0.36123518999300924,0.5838546623845113,0.45901520845039,0.537022106627632,0.43361883087762043
20071080193,2007,2014,7,1181.48907462,48.25716183576918,-76.39055215697803,0.4198321116189636,0.43561788407587615,0.45901520845039,0.537022106627632,0.43361883087762043
20071080193,2007,2015,8,1181.48907462,48.25716183576918,-76.39055215697803,0.3572637876870411,0.3009202115548643,0.45901520845039,0.537022106627632,0.43361883087762043
20071080193,2007,2016,9,1181.48907462,48.25716183576918,-76.39055215697803,0.4277164257604728,0.3769972342996037,0.45901520845039,0.537022106627632,0.43361883087762043
20071080193,2007,2017,10,1181.48907462,48.25716183576918,-76.39055215697803,0.5214212904821215,0.7246028065439795,0.45901520845039,0.537022106627632,0.43361883087762043
20071080193,2007,2018,11,1181.48907462,48.25716183576918,-76.39055215697803,0.5800903928301329,0.763773968532289,0.45901520845039,0.537022106627632,0.43361883087762043
20071080193,2007,2019,12,1181.48907462,48.25716183576918,-76.39055215697803,0.5957943482572283,0.7519267818803942,0.45901520845039,0.537022106627632,0.43361883087762043
20071080193,2007,2020,13,1181.48907462,48.25716183576918,-76.39055215697803,0.4041928481471242,0.49786014813536766,0.45901520845039,0.537022106627632,0.43361883087762043
20071080193,2007,2021,14,1181.48907462,48.25716183576918,-76.39055215697803,0.5956281624406035,0.7128926166373306,0.45901520845039,0.537022106627632,0.43361883087762043
20071080193,2007,2022,15,1181.48907462,48.25716183576918,-76.39055215697803,0.5369859838149634,0.6934921381171683,0.45901520845039,0.537022106627632,0.43361883087762043
20071080193,2007,2023,16,1181.48907462,48.25716183576918,-76.39055215697803,0.4472186260827374,0.5686494667318484,0.45901520845039,0.537022106627632,0.43361883087762043
20071080193,2007,2024,17,1181.48907462,48.25716183576918,-76.39055215697803,0.6503673569934466,0.8025972464477819,0.45901520845039,0.537022106627632,0.43361883087762043
20071080193,2007,2025,18,1181.48907462,48.25716183576918,-76.39055215697803,0.6621242830799665,0.8144555555931423,0.45901520845039,0.537022106627632,0.43361883087762043
20071080254,2007,2004,-3,53351.1275417,48.18445925464699,-76.46495330047061,0.5586104260867222,0.675843989152753,0.5586104260867222,0.6289367622981465,0.5312418679674216
20071080254,2007,2005,-2,53351.1275417,48.18445925464699,-76.46495330047061,0.5762078929478187,0.6289367622981465,0.5586104260867222,0.6289367622981465,0.5312418679674216
20071080254,2007,2006,-1,53351.1275417,48.18445925464699,-76.46495330047061,0.4804584015304605,0.519571210922783,0.5586104260867222,0.6289367622981465,0.5312418679674216
20071080254,2007,2007,0,53351.1275417,48.18445925464699,-76.46495330047061,0.027368558119300633,0.32420219249399385,0.5586104260867222,0.6289367622981465,0.5312418679674216
20071080254,2007,2008,1,53351.1275417,48.18445925464699,-76.46495330047061,0.24608145329451803,0.19139718853987864,0.5586104260867222,0.6289367622981465,0.5312418679674216
20071080254,2007,2009,2,53351.1275417,48.18445925464699,-76.46495330047061,0.33788163284736605,0.3007701208540208,0.5586104260867222,0.6289367622981465,0.5312418679674216
20071080254,2007,2010,3,53351.1275417,48.18445925464699,-76.46495330047061,0.3691273404566975,0.5136773378699582,0.5586104260867222,0.6289367622981465,0.5312418679674216
20071080254,2007,2011,4,53351.1275417,48.18445925464699,-76.46495330047061,0.3847722376777149,0.44921076856756686,0.5586104260867222,0.6289367622981465,0.5312418679674216
20071080254,2007,2012,5,53351.1275417,48.18445925464699,-76.46495330047061,0.40240157142626837,0.6133030817198915,0.5586104260867222,0.6289367622981465,0.5312418679674216
20071080254,2007,2013,6,53351.1275417,48.18445925464699,-76.46495330047061,0.44143029801255507,0.6855362956255219,0.5586104260867222,0.6289367622981465,0.5312418679674216
20071080254,2007,2014,7,53351.1275417,48.18445925464699,-76.46495330047061,0.4863487962645108,0.6621211357089122,0.5586104260867222,0.6289367622981465,0.5312418679674216
20071080254,2007,2015,8,53351.1275417,48.18445925464699,-76.46495330047061,0.44152611033704403,0.44923105251246387,0.5586104260867222,0.6289367622981465,0.5312418679674216
20071080254,2007,2016,9,53351.1275417,48.18445925464699,-76.46495330047061,0.503921087111247,0.5976894803272181,0.5586104260867222,0.6289367622981465,0.5312418679674216
20071080254,2007,2017,10,53351.1275417,48.18445925464699,-76.46495330047061,0.4882845641228813,0.6445616264891971,0.5586104260867222,0.6289367622981465,0.5312418679674216
20071080254,2007,2018,11,53351.1275417,48.18445925464699,-76.46495330047061,0.5839795742086924,0.7480547625890868,0.5586104260867222,0.6289367622981465,0.5312418679674216
20071080254,2007,2019,12,53351.1275417,48.18445925464699,-76.46495330047061,0.5957080964134489,0.7597739276172988,0.5586104260867222,0.6289367622981465,0.5312418679674216
20071080254,2007,2020,13,53351.1275417,48.18445925464699,-76.46495330047061,0.5293025077007846,0.6914533878489366,0.5586104260867222,0.6289367622981465,0.5312418679674216
20071080254,2007,2021,14,53351.1275417,48.18445925464699,-76.46495330047061,0.4941284676471334,0.5508088184608962,0.5586104260867222,0.6289367622981465,0.5312418679674216
20071080254,2007,2022,15,53351.1275417,48.18445925464699,-76.46495330047061,0.5976608004951734,0.7460879332995061,0.5586104260867222,0.6289367622981465,0.5312418679674216
20071080254,2007,2023,16,53351.1275417,48.18445925464699,-76.46495330047061,0.4550930186271279,0.5488445262855126,0.5586104260867222,0.6289367622981465,0.5312418679674216
20071080254,2007,2024,17,53351.1275417,48.18445925464699,-76.46495330047061,0.6523674429002135,0.8144735662656192,0.5586104260867222,0.6289367622981465,0.5312418679674216
20071080254,2007,2025,18,53351.1275417,48.18445925464699,-76.46495330047061,0.6289098847850119,0.7988491201169247,0.5586104260867222,0.6289367622981465,0.5312418679674216
20071080461,2007,2004,-3,8768.67450129,50.37115455513174,-76.569161371557,0.373029862819641,0.33429952135461083,0.4433337917509318,0.4864000477632953,0.20693333651107723
20071080461,2007,2005,-2,8768.67450129,50.37115455513174,-76.569161371557,0.4433337917509318,0.4864000477632953,0.4433337917509318,0.4864000477632953,0.20693333651107723
20071080461,2007,2006,-1,8768.67450129,50.37115455513174,-76.569161371557,0.5100596611572098,0.6691422835524449,0.4433337917509318,0.4864000477632953,0.20693333651107723
20071080461,2007,2007,0,8768.67450129,50.37115455513174,-76.569161371557,0.23640045523985456,0.5133061626520085,0.4433337917509318,0.4864000477632953,0.20693333651107723
20071080461,2007,2008,1,8768.67450129,50.37115455513174,-76.569161371557,0.2520026854489962,0.31436880208143486,0.4433337917509318,0.4864000477632953,0.20693333651107723
20071080461,2007,2009,2,8768.67450129,50.37115455513174,-76.569161371557,0.314291822652225,0.3688589049323276,0.4433337917509318,0.4864000477632953,0.20693333651107723
20071080461,2007,2010,3,8768.67450129,50.37115455513174,-76.569161371557,0.2359733743287221,0.3106099662409382,0.4433337917509318,0.4864000477632953,0.20693333651107723
20071080461,2007,2011,4,8768.67450129,50.37115455513174,-76.569161371557,0.29063829367945876,0.40096944948179924,0.4433337917509318,0.4864000477632953,0.20693333651107723
20071080461,2007,2012,5,8768.67450129,50.37115455513174,-76.569161371557,0.3690729255176806,-0.3242842005469332,0.4433337917509318,0.4864000477632953,0.20693333651107723
20071080461,2007,2013,6,8768.67450129,50.37115455513174,-76.569161371557,0.275243014159435,0.580491205601232,0.4433337917509318,0.4864000477632953,0.20693333651107723
20071080461,2007,2014,7,8768.67450129,50.37115455513174,-76.569161371557,0.40533017165778457,0.602828884758899,0.4433337917509318,0.4864000477632953,0.20693333651107723
20071080461,2007,2015,8,8768.67450129,50.37115455513174,-76.569161371557,0.3696377530737089,0.419238375638577,0.4433337917509318,0.4864000477632953,0.20693333651107723
20071080461,2007,2016,9,8768.67450129,50.37115455513174,-76.569161371557,0.4562388729496243,0.6541961665782099,0.4433337917509318,0.4864000477632953,0.20693333651107723
20071080461,2007,2017,10,8768.67450129,50.37115455513174,-76.569161371557,0.4112320684463356,0.5968187983723108,0.4433337917509318,0.4864000477632953,0.20693333651107723
20071080461,2007,2018,11,8768.67450129,50.37115455513174,-76.569161371557,0.4050854553122991,0.3696352731711661,0.4433337917509318,0.4864000477632953,0.20693333651107723
20071080461,2007,2019,12,8768.67450129,50.37115455513174,-76.569161371557,0.3855448025566708,0.5374413701873925,0.4433337917509318,0.4864000477632953,0.20693333651107723
20071080461,2007,2020,13,8768.67450129,50.37115455513174,-76.569161371557,0.46242844757452717,0.645413752348988,0.4433337917509318,0.4864000477632953,0.20693333651107723
20071080461,2007,2021,14,8768.67450129,50.37115455513174,-76.569161371557,0.4628400303262987,0.6749418504583228,0.4433337917509318,0.4864000477632953,0.20693333651107723
20071080461,2007,2022,15,8768.67450129,50.37115455513174,-76.569161371557,0.5305393408848117,0.694195265247373,0.4433337917509318,0.4864000477632953,0.20693333651107723
20071080461,2007,2023,16,8768.67450129,50.37115455513174,-76.569161371557,0.39664051890315305,0.5015574666239881,0.4433337917509318,0.4864000477632953,0.20693333651107723
20071080461,2007,2024,17,8768.67450129,50.37115455513174,-76.569161371557,0.5593134894216204,0.7433702982598266,0.4433337917509318,0.4864000477632953,0.20693333651107723
20071080461,2007,2025,18,8768.67450129,50.37115455513174,-76.569161371557,0.5019279081031953,0.7002219378729926,0.4433337917509318,0.4864000477632953,0.20693333651107723
20071080492,2007,2004,-3,310.23465581,49.32606356026601,-76.4032325925473,0.5487847364562036,0.4800620172266952,0.5487847364562036,0.4800620172266952,0.6070274634739623
20071080492,2007,2005,-2,310.23465581,49.32606356026601,-76.4032325925473,0.6539707030683333,0.6970723681802632,0.5487847364562036,0.4800620172266952,0.6070274634739623
20071080492,2007,2006,-1,310.23465581,49.32606356026601,-76.4032325925473,0.3065488560224161,0.25411821984955263,0.5487847364562036,0.4800620172266952,0.6070274634739623
20071080492,2007,2007,0,310.23465581,49.32606356026601,-76.4032325925473,-0.058242727017758636,0.4355947918229407,0.5487847364562036,0.4800620172266952,0.6070274634739623
20071080492,2007,2008,1,310.23465581,49.32606356026601,-76.4032325925473,0.01994597989399358,0.3336976383824499,0.5487847364562036,0.4800620172266952,0.6070274634739623
20071080492,2007,2009,2,310.23465581,49.32606356026601,-76.4032325925473,0.12857993251713984,0.3613678182188723,0.5487847364562036,0.4800620172266952,0.6070274634739623
20071080492,2007,2010,3,310.23465581,49.32606356026601,-76.4032325925473,0.3848319224421291,0.09752448248307319,0.5487847364562036,0.4800620172266952,0.6070274634739623
20071080492,2007,2011,4,310.23465581,49.32606356026601,-76.4032325925473,0.28330889435590434,0.5760102488814585,0.5487847364562036,0.4800620172266952,0.6070274634739623
20071080492,2007,2012,5,310.23465581,49.32606356026601,-76.4032325925473,0.3337416834988281,0.5662205576868059,0.5487847364562036,0.4800620172266952,0.6070274634739623
20071080492,2007,2013,6,310.23465581,49.32606356026601,-76.4032325925473,0.38068967989793323,0.6973543585373713,0.5487847364562036,0.4800620172266952,0.6070274634739623
20071080492,2007,2014,7,310.23465581,49.32606356026601,-76.4032325925473,0.4394019558817929,0.6034568708157227,0.5487847364562036,0.4800620172266952,0.6070274634739623
20071080492,2007,2015,8,310.23465581,49.32606356026601,-76.4032325925473,0.4238995198500427,0.631876412375412,0.5487847364562036,0.4800620172266952,0.6070274634739623
20071080492,2007,2016,9,310.23465581,49.32606356026601,-76.4032325925473,0.49800455342121097,0.6620927965645903,0.5487847364562036,0.4800620172266952,0.6070274634739623
20071080492,2007,2017,10,310.23465581,49.32606356026601,-76.4032325925473,0.4200378850507343,0.4436600933588165,0.5487847364562036,0.4800620172266952,0.6070274634739623
20071080492,2007,2018,11,310.23465581,49.32606356026601,-76.4032325925473,0.5596702027748774,0.6505793302771142,0.5487847364562036,0.4800620172266952,0.6070274634739623
20071080492,2007,2019,12,310.23465581,49.32606356026601,-76.4032325925473,0.5292577362819576,0.6657964616328051,0.5487847364562036,0.4800620172266952,0.6070274634739623
20071080492,2007,2020,13,310.23465581,49.32606356026601,-76.4032325925473,0.48633330108097644,0.7091440064395067,0.5487847364562036,0.4800620172266952,0.6070274634739623
20071080492,2007,2021,14,310.23465581,49.32606356026601,-76.4032325925473,0.5527876855304192,0.7598474628252094,0.5487847364562036,0.4800620172266952,0.6070274634739623
20071080492,2007,2022,15,310.23465581,49.32606356026601,-76.4032325925473,0.6230464249781318,0.7792186769824795,0.5487847364562036,0.4800620172266952,0.6070274634739623
20071080492,2007,2023,16,310.23465581,49.32606356026601,-76.4032325925473,0.5293652866382275,0.47068932143109543,0.5487847364562036,0.4800620172266952,0.6070274634739623
20071080492,2007,2024,17,310.23465581,49.32606356026601,-76.4032325925473,0.6153480947588581,0.775335020100483,0.5487847364562036,0.4800620172266952,0.6070274634739623
20071080492,2007,2025,18,310.23465581,49.32606356026601,-76.4032325925473,0.5839463896448985,0.767573660141576,0.5487847364562036,0.4800620172266952,0.6070274634739623
20071080506,2007,2004,-3,741.051196725,49.42403795674385,-75.52516484576161,0.40436511577428313,0.20903511990598514,0.40436511577428313,0.5213678607171445,0.251924459125392
20071080506,2007,2005,-2,741.051196725,49.42403795674385,-75.52516484576161,0.5178720449205425,0.6310362900867916,0.40436511577428313,0.5213678607171445,0.251924459125392
20071080506,2007,2006,-1,741.051196725,49.42403795674385,-75.52516484576161,0.3552797473488124,0.5213678607171445,0.40436511577428313,0.5213678607171445,0.251924459125392
20071080506,2007,2007,0,741.051196725,49.42403795674385,-75.52516484576161,0.15244065664889112,0.32192062059101906,0.40436511577428313,0.5213678607171445,0.251924459125392
20071080506,2007,2008,1,741.051196725,49.42403795674385,-75.52516484576161,0.08985794152545391,0.25976557363776376,0.40436511577428313,0.5213678607171445,0.251924459125392
20071080506,2007,2009,2,741.051196725,49.42403795674385,-75.52516484576161,0.14262519407000906,0.29103513003010245,0.40436511577428313,0.5213678607171445,0.251924459125392
20071080506,2007,2010,3,741.051196725,49.42403795674385,-75.52516484576161,0.27148736169310206,0.16626022113509092,0.40436511577428313,0.5213678607171445,0.251924459125392
20071080506,2007,2011,4,741.051196725,49.42403795674385,-75.52516484576161,0.2637053464050727,0.5486735335407317,0.40436511577428313,0.5213678607171445,0.251924459125392
20071080506,2007,2012,5,741.051196725,49.42403795674385,-75.52516484576161,0.25586858112605465,0.09021618137537911,0.40436511577428313,0.5213678607171445,0.251924459125392
20071080506,2007,2013,6,741.051196725,49.42403795674385,-75.52516484576161,0.34178274635679073,0.6581865246739692,0.40436511577428313,0.5213678607171445,0.251924459125392
20071080506,2007,2014,7,741.051196725,49.42403795674385,-75.52516484576161,0.4159774122282913,0.6036134799361519,0.40436511577428313,0.5213678607171445,0.251924459125392
20071080506,2007,2015,8,741.051196725,49.42403795674385,-75.52516484576161,0.377007623004066,0.416017080382392,0.40436511577428313,0.5213678607171445,0.251924459125392
20071080506,2007,2016,9,741.051196725,49.42403795674385,-75.52516484576161,0.49415666069419617,0.7050511294676575,0.40436511577428313,0.5213678607171445,0.251924459125392
20071080506,2007,2017,10,741.051196725,49.42403795674385,-75.52516484576161,0.4471619361456261,0.6385728506286562,0.40436511577428313,0.5213678607171445,0.251924459125392
20071080506,2007,2018,11,741.051196725,49.42403795674385,-75.52516484576161,0.5019256230129431,0.6815587251618015,0.40436511577428313,0.5213678607171445,0.251924459125392
20071080506,2007,2019,12,741.051196725,49.42403795674385,-75.52516484576161,0.4864707024814343,0.5801458428950131,0.40436511577428313,0.5213678607171445,0.251924459125392
20071080506,2007,2020,13,741.051196725,49.42403795674385,-75.52516484576161,0.5059923988505682,0.673933386815573,0.40436511577428313,0.5213678607171445,0.251924459125392
20071080506,2007,2021,14,741.051196725,49.42403795674385,-75.52516484576161,0.5790663705535338,0.7518251277640359,0.40436511577428313,0.5213678607171445,0.251924459125392
20071080506,2007,2022,15,741.051196725,49.42403795674385,-75.52516484576161,0.5333424056524876,0.6191521360870718,0.40436511577428313,0.5213678607171445,0.251924459125392
20071080506,2007,2023,16,741.051196725,49.42403795674385,-75.52516484576161,0.552635891928223,0.6935309783188878,0.40436511577428313,0.5213678607171445,0.251924459125392
20071080506,2007,2024,17,741.051196725,49.42403795674385,-75.52516484576161,0.42394971298582773,0.5800804787699191,0.40436511577428313,0.5213678607171445,0.251924459125392
20071080506,2007,2025,18,741.051196725,49.42403795674385,-75.52516484576161,0.31821843376100256,0.4666498720975302,0.40436511577428313,0.5213678607171445,0.251924459125392
20071080572,2007,2004,-3,224.20862677,49.11142225814307,-75.52500060705644,0.42388358121188013,0.44757461732140247,0.43537625198868607,0.611407760897262,0.26538579152213193
20071080572,2007,2005,-2,224.20862677,49.11142225814307,-75.52500060705644,0.5133769501096505,0.6425449089494633,0.43537625198868607,0.611407760897262,0.26538579152213193
20071080572,2007,2006,-1,224.20862677,49.11142225814307,-75.52500060705644,0.43537625198868607,0.611407760897262,0.43537625198868607,0.611407760897262,0.26538579152213193
20071080572,2007,2007,0,224.20862677,49.11142225814307,-75.52500060705644,0.16999046046655414,0.42351867588574843,0.43537625198868607,0.611407760897262,0.26538579152213193
20071080572,2007,2008,1,224.20862677,49.11142225814307,-75.52500060705644,0.2599672665385671,0.09019003181591935,0.43537625198868607,0.611407760897262,0.26538579152213193
20071080572,2007,2009,2,224.20862677,49.11142225814307,-75.52500060705644,0.26396615550278185,0.34563017824677844,0.43537625198868607,0.611407760897262,0.26538579152213193
20071080572,2007,2010,3,224.20862677,49.11142225814307,-75.52500060705644,0.267230075232955,0.458957920580791,0.43537625198868607,0.611407760897262,0.26538579152213193
20071080572,2007,2011,4,224.20862677,49.11142225814307,-75.52500060705644,0.334345766905526,0.4901636042186981,0.43537625198868607,0.611407760897262,0.26538579152213193
20071080572,2007,2012,5,224.20862677,49.11142225814307,-75.52500060705644,0.34939542741756413,-0.37840968874749586,0.43537625198868607,0.611407760897262,0.26538579152213193
20071080572,2007,2013,6,224.20862677,49.11142225814307,-75.52500060705644,0.27600780076156173,0.6424468603403999,0.43537625198868607,0.611407760897262,0.26538579152213193
20071080572,2007,2014,7,224.20862677,49.11142225814307,-75.52500060705644,0.4079428865863931,0.6348350920672186,0.43537625198868607,0.611407760897262,0.26538579152213193
20071080572,2007,2015,8,224.20862677,49.11142225814307,-75.52500060705644,0.25875568148153166,0.2009904097986666,0.43537625198868607,0.611407760897262,0.26538579152213193
20071080572,2007,2016,9,224.20862677,49.11142225814307,-75.52500060705644,0.3807300152256574,0.5371832955846846,0.43537625198868607,0.611407760897262,0.26538579152213193
20071080572,2007,2017,10,224.20862677,49.11142225814307,-75.52500060705644,0.39661476782103894,0.6658945037083897,0.43537625198868607,0.611407760897262,0.26538579152213193
20071080572,2007,2018,11,224.20862677,49.11142225814307,-75.52500060705644,0.3927092078238407,0.6427112505778516,0.43537625198868607,0.611407760897262,0.26538579152213193
20071080572,2007,2019,12,224.20862677,49.11142225814307,-75.52500060705644,0.4353157079255809,0.6581742654082599,0.43537625198868607,0.611407760897262,0.26538579152213193
20071080572,2007,2020,13,224.20862677,49.11142225814307,-75.52500060705644,0.36913238641732304,0.5368849323611233,0.43537625198868607,0.611407760897262,0.26538579152213193
20071080572,2007,2021,14,224.20862677,49.11142225814307,-75.52500060705644,0.4898710598815289,0.6816667305706204,0.43537625198868607,0.611407760897262,0.26538579152213193
20071080572,2007,2022,15,224.20862677,49.11142225814307,-75.52500060705644,0.40527463160306104,0.48643612702315936,0.43537625198868607,0.611407760897262,0.26538579152213193
20071080572,2007,2023,16,224.20862677,49.11142225814307,-75.52500060705644,0.3809406496285012,0.6074644653355588,0.43537625198868607,0.611407760897262,0.26538579152213193
20071080572,2007,2024,17,224.20862677,49.11142225814307,-75.52500060705644,0.3884922540396701,0.6113565225044351,0.43537625198868607,0.611407760897262,0.26538579152213193
20071080572,2007,2025,18,224.20862677,49.11142225814307,-75.52500060705644,0.3730573822531256,0.6036493821435518,0.43537625198868607,0.611407760897262,0.26538579152213193
20091080312,2009,2006,-3,373.0390543,50.31946916776016,-76.4663729005741,0.5215445424641169,0.6619369721481833,0.47868116408702244,0.5215719027570037,0.1289238415966893
20091080312,2009,2007,-2,373.0390543,50.31946916776016,-76.4663729005741,0.4629396443769359,0.5215719027570037,0.47868116408702244,0.5215719027570037,0.1289238415966893
20091080312,2009,2008,-1,373.0390543,50.31946916776016,-76.4663729005741,0.47868116408702244,0.2872435722970921,0.47868116408702244,0.5215719027570037,0.1289238415966893
20091080312,2009,2009,0,373.0390543,50.31946916776016,-76.4663729005741,0.34975732249033314,0.1150119446959559,0.47868116408702244,0.5215719027570037,0.1289238415966893
20091080312,2009,2010,1,373.0390543,50.31946916776016,-76.4663729005741,0.18181062454028035,0.24026344968806215,0.47868116408702244,0.5215719027570037,0.1289238415966893
20091080312,2009,2011,2,373.0390543,50.31946916776016,-76.4663729005741,0.267847102865629,0.4669394271106538,0.47868116408702244,0.5215719027570037,0.1289238415966893
20091080312,2009,2012,3,373.0390543,50.31946916776016,-76.4663729005741,0.4122171460759972,-0.3085210843436004,0.47868116408702244,0.5215719027570037,0.1289238415966893
20091080312,2009,2013,4,373.0390543,50.31946916776016,-76.4663729005741,0.306579428103244,0.6347213629691024,0.47868116408702244,0.5215719027570037,0.1289238415966893
20091080312,2009,2014,5,373.0390543,50.31946916776016,-76.4663729005741,0.42383841161418495,0.4905837145797281,0.47868116408702244,0.5215719027570037,0.1289238415966893
20091080312,2009,2015,6,373.0390543,50.31946916776016,-76.4663729005741,0.3770337330999149,0.4942294379010388,0.47868116408702244,0.5215719027570037,0.1289238415966893
20091080312,2009,2016,7,373.0390543,50.31946916776016,-76.4663729005741,0.4433195765675834,0.6503341439464403,0.47868116408702244,0.5215719027570037,0.1289238415966893
20091080312,2009,2017,8,373.0390543,50.31946916776016,-76.4663729005741,0.36908940644238813,0.4943515923667144,0.47868116408702244,0.5215719027570037,0.1289238415966893
20091080312,2009,2018,9,373.0390543,50.31946916776016,-76.4663729005741,0.37301695480320424,0.5567224405103156,0.47868116408702244,0.5215719027570037,0.1289238415966893
20091080312,2009,2019,10,373.0390543,50.31946916776016,-76.4663729005741,0.3808991933276792,0.5837884428758766,0.47868116408702244,0.5215719027570037,0.1289238415966893
20091080312,2009,2020,11,373.0390543,50.31946916776016,-76.4663729005741,0.3807522960290212,0.579951736613022,0.47868116408702244,0.5215719027570037,0.1289238415966893
20091080312,2009,2021,12,373.0390543,50.31946916776016,-76.4663729005741,0.3807394604865477,0.5995135950396427,0.47868116408702244,0.5215719027570037,0.1289238415966893
20091080312,2009,2022,13,373.0390543,50.31946916776016,-76.4663729005741,0.4627502762756064,0.6476074444755754,0.47868116408702244,0.5215719027570037,0.1289238415966893
20091080312,2009,2023,14,373.0390543,50.31946916776016,-76.4663729005741,0.4357743310706445,0.6152146503068292,0.47868116408702244,0.5215719027570037,0.1289238415966893
20091080312,2009,2024,15,373.0390543,50.31946916776016,-76.4663729005741,0.4941708558784159,0.6981842149900325,0.47868116408702244,0.5215719027570037,0.1289238415966893
20091080312,2009,2025,16,373.0390543,50.31946916776016,-76.4663729005741,0.49019407566987755,0.7021141489434508,0.47868116408702244,0.5215719027570037,0.1289238415966893
20091080313,2009,2006,-3,456.953508197,49.19513783981149,-76.51748729336109,0.5097723462448801,0.621272164114255,0.5097723462448801,0.621272164114255,0.18351577161604216
20091080313,2009,2007,-2,456.953508197,49.19513783981149,-76.51748729336109,0.5721765185195443,0.6854495799252145,0.5097723462448801,0.621272164114255,0.18351577161604216
20091080313,2009,2008,-1,456.953508197,49.19513783981149,-76.51748729336109,0.3534045779039682,0.3143997271635653,0.5097723462448801,0.621272164114255,0.18351577161604216
20091080313,2009,2009,0,456.953508197,49.19513783981149,-76.51748729336109,0.32625657462883795,0.24420522230388095,0.5097723462448801,0.621272164114255,0.18351577161604216
20091080313,2009,2010,1,456.953508197,49.19513783981149,-76.51748729336109,0.3962877961740141,0.08974819522448862,0.5097723462448801,0.621272164114255,0.18351577161604216
20091080313,2009,2011,2,456.953508197,49.19513783981149,-76.51748729336109,0.1503436806633272,0.47473535303921943,0.5097723462448801,0.621272164114255,0.18351577161604216
20091080313,2009,2012,3,456.953508197,49.19513783981149,-76.51748729336109,0.26000472467277547,0.20647386980096252,0.5097723462448801,0.621272164114255,0.18351577161604216
20091080313,2009,2013,4,456.953508197,49.19513783981149,-76.51748729336109,0.2636824685326943,0.5957913129873835,0.5097723462448801,0.621272164114255,0.18351577161604216
20091080313,2009,2014,5,456.953508197,49.19513783981149,-76.51748729336109,0.3808163366682559,0.6150518457163094,0.5097723462448801,0.621272164114255,0.18351577161604216
20091080313,2009,2015,6,456.953508197,49.19513783981149,-76.51748729336109,0.4041196238154189,0.6220137895924901,0.5097723462448801,0.621272164114255,0.18351577161604216
20091080313,2009,2016,7,456.953508197,49.19513783981149,-76.51748729336109,0.41607092509813964,0.5762581983068237,0.5097723462448801,0.621272164114255,0.18351577161604216
20091080313,2009,2017,8,456.953508197,49.19513783981149,-76.51748729336109,0.3701420353048028,0.2596564932476624,0.5097723462448801,0.621272164114255,0.18351577161604216
20091080313,2009,2018,9,456.953508197,49.19513783981149,-76.51748729336109,0.4247091369916622,0.4833867030606051,0.5097723462448801,0.621272164114255,0.18351577161604216
20091080313,2009,2019,10,456.953508197,49.19513783981149,-76.51748729336109,0.466888346727946,0.5527854331965029,0.5097723462448801,0.621272164114255,0.18351577161604216
20091080313,2009,2020,11,456.953508197,49.19513783981149,-76.51748729336109,0.27438565237527884,0.41195780384186065,0.5097723462448801,0.621272164114255,0.18351577161604216
20091080313,2009,2021,12,456.953508197,49.19513783981149,-76.51748729336109,0.5255393907818066,0.7168072511917034,0.5097723462448801,0.621272164114255,0.18351577161604216
20091080313,2009,2022,13,456.953508197,49.19513783981149,-76.51748729336109,0.5869001200990074,0.7627087571405483,0.5097723462448801,0.621272164114255,0.18351577161604216
20091080313,2009,2023,14,456.953508197,49.19513783981149,-76.51748729336109,0.27163608344461393,0.15048499809977128,0.5097723462448801,0.621272164114255,0.18351577161604216
20091080313,2009,2024,15,456.953508197,49.19513783981149,-76.51748729336109,0.3732936022127935,0.6701247128186335,0.5097723462448801,0.621272164114255,0.18351577161604216
20091080313,2009,2025,16,456.953508197,49.19513783981149,-76.51748729336109,0.36523179540152284,0.64653172507029,0.5097723462448801,0.621272164114255,0.18351577161604216
20091080336,2009,2006,-3,130.193924631,49.70096367907219,-76.36610701837654,0.34508785841197964,0.2201429688695708,0.4008354999399215,0.3847092503249882,0.05121460504997183
20091080336,2009,2007,-2,130.193924631,49.70096367907219,-76.36610701837654,0.4008354999399215,0.3847092503249882,0.4008354999399215,0.3847092503249882,0.05121460504997183
20091080336,2009,2008,-1,130.193924631,49.70096367907219,-76.36610701837654,0.5443785714027302,0.6698963603094491,0.4008354999399215,0.3847092503249882,0.05121460504997183
20091080336,2009,2009,0,130.193924631,49.70096367907219,-76.36610701837654,0.3496208948899497,0.2751014019323692,0.4008354999399215,0.3847092503249882,0.05121460504997183
20091080336,2009,2010,1,130.193924631,49.70096367907219,-76.36610701837654,0.25541559055982077,0.24039251281025975,0.4008354999399215,0.3847092503249882,0.05121460504997183
20091080336,2009,2011,2,130.193924631,49.70096367907219,-76.36610701837654,0.17350043749482824,0.5376195620842037,0.4008354999399215,0.3847092503249882,0.05121460504997183
20091080336,2009,2012,3,130.193924631,49.70096367907219,-76.36610701837654,0.28676173925866577,0.09756341787604178,0.4008354999399215,0.3847092503249882,0.05121460504997183
20091080336,2009,2013,4,130.193924631,49.70096367907219,-76.36610701837654,0.34557323323337313,0.6587056375568316,0.4008354999399215,0.3847092503249882,0.05121460504997183
20091080336,2009,2014,5,130.193924631,49.70096367907219,-76.36610701837654,0.41197712329228986,0.5290572808138669,0.4008354999399215,0.3847092503249882,0.05121460504997183
20091080336,2009,2015,6,130.193924631,49.70096367907219,-76.36610701837654,0.4089085995004545,0.6591155969897733,0.4008354999399215,0.3847092503249882,0.05121460504997183
20091080336,2009,2016,7,130.193924631,49.70096367907219,-76.36610701837654,0.4703503330724172,0.7098775174368817,0.4008354999399215,0.3847092503249882,0.05121460504997183
20091080336,2009,2017,8,130.193924631,49.70096367907219,-76.36610701837654,0.4508328117277691,0.6820020815310704,0.4008354999399215,0.3847092503249882,0.05121460504997183
20091080336,2009,2018,9,130.193924631,49.70096367907219,-76.36610701837654,0.44058701440736775,0.6436166035506076,0.4008354999399215,0.3847092503249882,0.05121460504997183
20091080336,2009,2019,10,130.193924631,49.70096367907219,-76.36610701837654,0.4345938286796967,0.5809444237286573,0.4008354999399215,0.3847092503249882,0.05121460504997183
20091080336,2009,2020,11,130.193924631,49.70096367907219,-76.36610701837654,0.4250104910129452,0.6124713064539699,0.4008354999399215,0.3847092503249882,0.05121460504997183
20091080336,2009,2021,12,130.193924631,49.70096367907219,-76.36610701837654,0.49147902008669664,0.7196523232543195,0.4008354999399215,0.3847092503249882,0.05121460504997183
20091080336,2009,2022,13,130.193924631,49.70096367907219,-76.36610701837654,0.6104598401993754,0.8036916441800936,0.4008354999399215,0.3847092503249882,0.05121460504997183
20091080336,2009,2023,14,130.193924631,49.70096367907219,-76.36610701837654,0.4053015318361272,0.24746857360379934,0.4008354999399215,0.3847092503249882,0.05121460504997183
20091080336,2009,2024,15,130.193924631,49.70096367907219,-76.36610701837654,0.5252647058788226,0.7247892375083542,0.4008354999399215,0.3847092503249882,0.05121460504997183
20091080336,2009,2025,16,130.193924631,49.70096367907219,-76.36610701837654,0.5447954459533968,0.720728715897539,0.4008354999399215,0.3847092503249882,0.05121460504997183
20101080253,2010,2007,-3,21165.8385589,49.1377795589514,-75.80847886100877,0.5137720088179224,0.6230423592807618,0.42773855168304636,0.3847945662024144,0.23629877311370096
20101080253,2010,2008,-2,21165.8385589,49.1377795589514,-75.80847886100877,0.31051435120231996,0.16008985835910344,0.42773855168304636,0.3847945662024144,0.23629877311370096
20101080253,2010,2009,-1,21165.8385589,49.1377795589514,-75.80847886100877,0.42773855168304636,0.3847945662024144,0.42773855168304636,0.3847945662024144,0.23629877311370096
20101080253,2010,2010,0,21165.8385589,49.1377795589514,-75.80847886100877,0.1914397785693454,0.3163842164032556,0.42773855168304636,0.3847945662024144,0.23629877311370096
20101080253,2010,2011,1,21165.8385589,49.1377795589514,-75.80847886100877,0.20699081539726444,0.40431568781785554,0.42773855168304636,0.3847945662024144,0.23629877311370096
20101080253,2010,2012,2,21165.8385589,49.1377795589514,-75.80847886100877,0.29101609474117796,0.10542963623670136,0.42773855168304636,0.3847945662024144,0.23629877311370096
20101080253,2010,2013,3,21165.8385589,49.1377795589514,-75.80847886100877,0.30855054740453514,0.63085897937241,0.42773855168304636,0.3847945662024144,0.23629877311370096
20101080253,2010,2014,4,21165.8385589,49.1377795589514,-75.80847886100877,0.37887116881533645,0.5292699953902057,0.42773855168304636,0.3847945662024144,0.23629877311370096
20101080253,2010,2015,5,21165.8385589,49.1377795589514,-75.80847886100877,0.2949095034066067,0.3163606567169156,0.42773855168304636,0.3847945662024144,0.23629877311370096
20101080253,2010,2016,6,21165.8385589,49.1377795589514,-75.80847886100877,0.4160549066122361,0.5371352015437519,0.42773855168304636,0.3847945662024144,0.23629877311370096
20101080253,2010,2017,7,21165.8385589,49.1377795589514,-75.80847886100877,0.3925865633021267,0.6308856085558079,0.42773855168304636,0.3847945662024144,0.23629877311370096
20101080253,2010,2018,8,21165.8385589,49.1377795589514,-75.80847886100877,0.4355387635566931,0.6269332241279991,0.42773855168304636,0.3847945662024144,0.23629877311370096
20101080253,2010,2019,9,21165.8385589,49.1377795589514,-75.80847886100877,0.4629050948214283,0.6308959713669541,0.42773855168304636,0.3847945662024144,0.23629877311370096
20101080253,2010,2020,10,21165.8385589,49.1377795589514,-75.80847886100877,0.41990531878968723,0.6230377963300399,0.42773855168304636,0.3847945662024144,0.23629877311370096
20101080253,2010,2021,11,21165.8385589,49.1377795589514,-75.80847886100877,0.486370908378076,0.6464852852999406,0.42773855168304636,0.3847945662024144,0.23629877311370096
20101080253,2010,2022,12,21165.8385589,49.1377795589514,-75.80847886100877,0.4667833631515761,0.5761639387847867,0.42773855168304636,0.3847945662024144,0.23629877311370096
20101080253,2010,2023,13,21165.8385589,49.1377795589514,-75.80847886100877,0.4472887514662439,0.6191644290080145,0.42773855168304636,0.3847945662024144,0.23629877311370096
20101080253,2010,2024,14,21165.8385589,49.1377795589514,-75.80847886100877,0.527366019830315,0.7011662694112307,0.42773855168304636,0.3847945662024144,0.23629877311370096
20101080253,2010,2025,15,21165.8385589,49.1377795589514,-75.80847886100877,0.4081754373128451,0.5879196546259818,0.42773855168304636,0.3847945662024144,0.23629877311370096
20101080282,2010,2007,-3,126.972741568,49.584108974722085,-77.25243334337027,0.5956987826990471,0.5957402528460699,0.5956987826990471,0.5957402528460699,0.3416817682870506
20101080282,2010,2008,-2,126.972741568,49.584108974722085,-77.25243334337027,0.6377277161682395,0.7784291753605459,0.5956987826990471,0.5957402528460699,0.3416817682870506
20101080282,2010,2009,-1,126.972741568,49.584108974722085,-77.25243334337027,0.422935013923687,0.04486922067291587,0.5956987826990471,0.5957402528460699,0.3416817682870506
20101080282,2010,2010,0,126.972741568,49.584108974722085,-77.25243334337027,0.2540170144119965,0.3379484005416439,0.5956987826990471,0.5957402528460699,0.3416817682870506
20101080282,2010,2011,1,126.972741568,49.584108974722085,-77.25243334337027,0.3767482253947944,0.4398344565795519,0.5956987826990471,0.5957402528460699,0.3416817682870506
20101080282,2010,2012,2,126.972741568,49.584108974722085,-77.25243334337027,0.3769006062676584,0.38746680548040396,0.5956987826990471,0.5957402528460699,0.3416817682870506
20101080282,2010,2013,3,126.972741568,49.584108974722085,-77.25243334337027,0.4118692459303582,0.5920076799621466,0.5956987826990471,0.5957402528460699,0.3416817682870506
20101080282,2010,2014,4,126.972741568,49.584108974722085,-77.25243334337027,0.5370286265747581,0.7607003568473565,0.5956987826990471,0.5957402528460699,0.3416817682870506
20101080282,2010,2015,5,126.972741568,49.584108974722085,-77.25243334337027,0.5488527667188549,0.780250633994479,0.5956987826990471,0.5957402528460699,0.3416817682870506
20101080282,2010,2016,6,126.972741568,49.584108974722085,-77.25243334337027,0.46362539178039613,0.533334994606432,0.5956987826990471,0.5957402528460699,0.3416817682870506
20101080282,2010,2017,7,126.972741568,49.584108974722085,-77.25243334337027,0.5420528542234884,0.666090730944024,0.5956987826990471,0.5957402528460699,0.3416817682870506
20101080282,2010,2018,8,126.972741568,49.584108974722085,-77.25243334337027,0.5654797973874781,0.7529297444821887,0.5956987826990471,0.5957402528460699,0.3416817682870506
20101080282,2010,2019,9,126.972741568,49.584108974722085,-77.25243334337027,0.5497128989830669,0.7088409896477105,0.5956987826990471,0.5957402528460699,0.3416817682870506
20101080282,2010,2020,10,126.972741568,49.584108974722085,-77.25243334337027,0.4305134311677615,0.2988128807911728,0.5956987826990471,0.5957402528460699,0.3416817682870506
20101080282,2010,2021,11,126.972741568,49.584108974722085,-77.25243334337027,0.5959014718526666,0.7950429428204855,0.5956987826990471,0.5957402528460699,0.3416817682870506
20101080282,2010,2022,12,126.972741568,49.584108974722085,-77.25243334337027,0.6240516876766048,0.8276851553436028,0.5956987826990471,0.5957402528460699,0.3416817682870506
20101080282,2010,2023,13,126.972741568,49.584108974722085,-77.25243334337027,0.571211301262516,0.7322807125471439,0.5956987826990471,0.5957402528460699,0.3416817682870506
20101080282,2010,2024,14,126.972741568,49.584108974722085,-77.25243334337027,0.6436264384953606,0.8308225169067678,0.5956987826990471,0.5957402528460699,0.3416817682870506
20101080282,2010,2025,15,126.972741568,49.584108974722085,-77.25243334337027,0.6200506684479117,0.7980189778424716,0.5956987826990471,0.5957402528460699,0.3416817682870506
20101080422,2010,2007,-3,267.205366515,48.53940658901292,-75.40228080078306,0.3452052278366083,0.5296963574397522,0.3452052278366083,0.3964172017174529,0.02267790448269308
20101080422,2010,2008,-2,267.205366515,48.53940658901292,-75.40228080078306,0.3106251538782632,0.08974191351329797,0.3452052278366083,0.3964172017174529,0.02267790448269308
20101080422,2010,2009,-1,267.205366515,48.53940658901292,-75.40228080078306,0.41212751593820546,0.3964172017174529,0.3452052278366083,0.3964172017174529,0.02267790448269308
20101080422,2010,2010,0,267.205366515,48.53940658901292,-75.40228080078306,0.3225273233539152,0.04283802398434166,0.3452052278366083,0.3964172017174529,0.02267790448269308
20101080422,2010,2011,1,267.205366515,48.53940658901292,-75.40228080078306,0.19336041820780708,0.25200815086331313,0.3452052278366083,0.3964172017174529,0.02267790448269308
20101080422,2010,2012,2,267.205366515,48.53940658901292,-75.40228080078306,0.20105604632540694,0.3727770385919308,0.3452052278366083,0.3964172017174529,0.02267790448269308
20101080422,2010,2013,3,267.205366515,48.53940658901292,-75.40228080078306,0.283346902843381,0.6154519386978504,0.3452052278366083,0.3964172017174529,0.02267790448269308
20101080422,2010,2014,4,267.205366515,48.53940658901292,-75.40228080078306,0.34571112633641815,0.5407463036260706,0.3452052278366083,0.3964172017174529,0.02267790448269308
20101080422,2010,2015,5,267.205366515,48.53940658901292,-75.40228080078306,0.33791313401040435,0.5448526232008698,0.3452052278366083,0.3964172017174529,0.02267790448269308
20101080422,2010,2016,6,267.205366515,48.53940658901292,-75.40228080078306,0.3651491748506051,0.6110069834896521,0.3452052278366083,0.3964172017174529,0.02267790448269308
20101080422,2010,2017,7,267.205366515,48.53940658901292,-75.40228080078306,0.37288760385366676,0.6153496317653538,0.3452052278366083,0.3964172017174529,0.02267790448269308
20101080422,2010,2018,8,267.205366515,48.53940658901292,-75.40228080078306,0.42784970297303904,0.6702477483222844,0.3452052278366083,0.3964172017174529,0.02267790448269308
20101080422,2010,2019,9,267.205366515,48.53940658901292,-75.40228080078306,0.46682206141988836,0.6893390132422054,0.3452052278366083,0.3964172017174529,0.02267790448269308
20101080422,2010,2020,10,267.205366515,48.53940658901292,-75.40228080078306,0.41214786000363723,0.587500786029366,0.3452052278366083,0.3964172017174529,0.02267790448269308
20101080422,2010,2021,11,267.205366515,48.53940658901292,-75.40228080078306,0.4864166476344657,0.7204968812479131,0.3452052278366083,0.3964172017174529,0.02267790448269308
20101080422,2010,2022,12,267.205366515,48.53940658901292,-75.40228080078306,0.4862011795740409,0.556186746282564,0.3452052278366083,0.3964172017174529,0.02267790448269308
20101080422,2010,2023,13,267.205366515,48.53940658901292,-75.40228080078306,0.47470713980091245,0.6844922749114577,0.3452052278366083,0.3964172017174529,0.02267790448269308
20101080422,2010,2024,14,267.205366515,48.53940658901292,-75.40228080078306,0.5799639861940957,0.7597505002158557,0.3452052278366083,0.3964172017174529,0.02267790448269308
20101080422,2010,2025,15,267.205366515,48.53940658901292,-75.40228080078306,0.5723420242598298,0.7519210603810847,0.3452052278366083,0.3964172017174529,0.02267790448269308
20101080424,2010,2007,-3,501.909512724,48.52090527659622,-75.46880320258198,0.30260068139397883,0.41219875948558715,0.32231931836583066,0.4001452546613352,0.07055852762013409
20101080424,2010,2008,-2,501.909512724,48.52090527659622,-75.46880320258198,0.32231931836583066,0.03527818155170279,0.32231931836583066,0.4001452546613352,0.07055852762013409
20101080424,2010,2009,-1,501.909512724,48.52090527659622,-75.46880320258198,0.40852915069798884,0.4001452546613352,0.32231931836583066,0.4001452546613352,0.07055852762013409
20101080424,2010,2010,0,501.909512724,48.52090527659622,-75.46880320258198,0.25176079074569657,0.13469801337216405,0.32231931836583066,0.4001452546613352,0.07055852762013409
20101080424,2010,2011,1,501.909512724,48.52090527659622,-75.46880320258198,0.2244819016590561,0.13471133129265409,0.32231931836583066,0.4001452546613352,0.07055852762013409
20101080424,2010,2012,2,501.909512724,48.52090527659622,-75.46880320258198,0.10727322118733065,0.30085226120798064,0.32231931836583066,0.4001452546613352,0.07055852762013409
20101080424,2010,2013,3,501.909512724,48.52090527659622,-75.46880320258198,0.1695914358466178,0.4121145918858964,0.32231931836583066,0.4001452546613352,0.07055852762013409
20101080424,2010,2014,4,501.909512724,48.52090527659622,-75.46880320258198,0.26369096121131613,0.486369808502042,0.32231931836583066,0.4001452546613352,0.07055852762013409
20101080424,2010,2015,5,501.909512724,48.52090527659622,-75.46880320258198,0.25221081885323093,0.45902009422801604,0.32231931836583066,0.4001452546613352,0.07055852762013409
20101080424,2010,2016,6,501.909512724,48.52090527659622,-75.46880320258198,0.3301452026437423,0.5566379017253862,0.32231931836583066,0.4001452546613352,0.07055852762013409
20101080424,2010,2017,7,501.909512724,48.52090527659622,-75.46880320258198,0.3262412537590004,0.5334205099454774,0.32231931836583066,0.4001452546613352,0.07055852762013409
20101080424,2010,2018,8,501.909512724,48.52090527659622,-75.46880320258198,0.396791558351496,0.650396474676256,0.32231931836583066,0.4001452546613352,0.07055852762013409
20101080424,2010,2019,9,501.909512724,48.52090527659622,-75.46880320258198,0.42365091201805416,0.6504951176771664,0.32231931836583066,0.4001452546613352,0.07055852762013409
20101080424,2010,2020,10,501.909512724,48.52090527659622,-75.46880320258198,0.39658449673525586,0.5288491414202475,0.32231931836583066,0.4001452546613352,0.07055852762013409
20101080424,2010,2021,11,501.909512724,48.52090527659622,-75.46880320258198,0.47049258465907273,0.7010278536528634,0.32231931836583066,0.4001452546613352,0.07055852762013409
20101080424,2010,2022,12,501.909512724,48.52090527659622,-75.46880320258198,0.47870323393701875,0.6112488451181974,0.32231931836583066,0.4001452546613352,0.07055852762013409
20101080424,2010,2023,13,501.909512724,48.52090527659622,-75.46880320258198,0.43941170246825384,0.6269186225946178,0.32231931836583066,0.4001452546613352,0.07055852762013409
20101080424,2010,2024,14,501.909512724,48.52090527659622,-75.46880320258198,0.5526957064491501,0.7325213014258415,0.32231931836583066,0.4001452546613352,0.07055852762013409
20101080424,2010,2025,15,501.909512724,48.52090527659622,-75.46880320258198,0.5449357278884662,0.7205636331984536,0.32231931836583066,0.4001452546613352,0.07055852762013409
20121080192,2012,2009,-3,14213.7043145,48.35248391687705,-75.75936293477616,0.48053598358150024,0.43368366305641676,0.47268315592448057,0.3477106282158702,0.38281612997332204
20121080192,2012,2010,-2,14213.7043145,48.35248391687705,-75.75936293477616,0.47268315592448057,0.3477106282158702,0.47268315592448057,0.3477106282158702,0.38281612997332204
20121080192,2012,2011,-1,14213.7043145,48.35248391687705,-75.75936293477616,0.4491659665367844,0.2774726334059872,0.47268315592448057,0.3477106282158702,0.38281612997332204
20121080192,2012,2012,0,14213.7043145,48.35248391687705,-75.75936293477616,0.0898670259511585,0.24613793529172448,0.47268315592448057,0.3477106282158702,0.38281612997332204
20121080192,2012,2013,1,14213.7043145,48.35248391687705,-75.75936293477616,0.16795745067554377,0.4355719959135957,0.47268315592448057,0.3477106282158702,0.38281612997332204
20121080192,2012,2014,2,14213.7043145,48.35248391687705,-75.75936293477616,0.2754113269519396,0.4785102976601459,0.47268315592448057,0.3477106282158702,0.38281612997332204
20121080192,2012,2015,3,14213.7043145,48.35248391687705,-75.75936293477616,0.2597681657096056,0.2539379762905235,0.47268315592448057,0.3477106282158702,0.38281612997332204
20121080192,2012,2016,4,14213.7043145,48.35248391687705,-75.75936293477616,0.3340093013440862,0.46480895565486274,0.47268315592448057,0.3477106282158702,0.38281612997332204
20121080192,2012,2017,5,14213.7043145,48.35248391687705,-75.75936293477616,0.3633021595153737,0.6191488431670064,0.47268315592448057,0.3477106282158702,0.38281612997332204
20121080192,2012,2018,6,14213.7043145,48.35248391687705,-75.75936293477616,0.44725945781086274,0.6777338199288409,0.47268315592448057,0.3477106282158702,0.38281612997332204
20121080192,2012,2019,7,14213.7043145,48.35248391687705,-75.75936293477616,0.4785062530929411,0.6855351133213712,0.47268315592448057,0.3477106282158702,0.38281612997332204
20121080192,2012,2020,8,14213.7043145,48.35248391687705,-75.75936293477616,0.3925792202457599,0.5488179115074573,0.47268315592448057,0.3477106282158702,0.38281612997332204
20121080192,2012,2021,9,14213.7043145,48.35248391687705,-75.75936293477616,0.4941571425416313,0.70898077211039,0.47268315592448057,0.3477106282158702,0.38281612997332204
20121080192,2012,2022,10,14213.7043145,48.35248391687705,-75.75936293477616,0.4863413834139709,0.5410249578344529,0.47268315592448057,0.3477106282158702,0.38281612997332204
20121080192,2012,2023,11,14213.7043145,48.35248391687705,-75.75936293477616,0.43554686474639775,0.5644297551062749,0.47268315592448057,0.3477106282158702,0.38281612997332204
20121080192,2012,2024,12,14213.7043145,48.35248391687705,-75.75936293477616,0.5683785514090702,0.7285102910521409,0.47268315592448057,0.3477106282158702,0.38281612997332204
20121080192,2012,2025,13,14213.7043145,48.35248391687705,-75.75936293477616,0.5566074694897898,0.7246022540347212,0.47268315592448057,0.3477106282158702,0.38281612997332204
20121080215,2012,2009,-3,137.485589104,48.71206308967646,-75.17018010983016,0.37236007111055636,0.3296281534217024,0.37236007111055636,0.3031109029340068,0.16307242080318168
20121080215,2012,2010,-2,137.485589104,48.71206308967646,-75.17018010983016,0.3075711842110237,0.01784101719068323,0.37236007111055636,0.3031109029340068,0.16307242080318168
20121080215,2012,2011,-1,137.485589104,48.71206308967646,-75.17018010983016,0.43172171763997436,0.3031109029340068,0.37236007111055636,0.3031109029340068,0.16307242080318168
20121080215,2012,2012,0,137.485589104,48.71206308967646,-75.17018010983016,0.20928765030737467,0.14662523747050807,0.37236007111055636,0.3031109029340068,0.16307242080318168
20121080215,2012,2013,1,137.485589104,48.71206308967646,-75.17018010983016,0.26368873227470796,0.5879106803425797,0.37236007111055636,0.3031109029340068,0.16307242080318168
20121080215,2012,2014,2,137.485589104,48.71206308967646,-75.17018010983016,0.3578086841406381,0.6578316401866855,0.37236007111055636,0.3031109029340068,0.16307242080318168
20121080215,2012,2015,3,137.485589104,48.71206308967646,-75.17018010983016,0.4118367984955175,0.08814638645978835,0.37236007111055636,0.3031109029340068,0.16307242080318168
20121080215,2012,2016,4,137.485589104,48.71206308967646,-75.17018010983016,0.39642826430748856,0.3343161928649917,0.37236007111055636,0.3031109029340068,0.16307242080318168
20121080215,2012,2017,5,137.485589104,48.71206308967646,-75.17018010983016,0.416331603256067,0.7009864983680654,0.37236007111055636,0.3031109029340068,0.16307242080318168
20121080215,2012,2018,6,137.485589104,48.71206308967646,-75.17018010983016,0.4201697992662756,0.6815660262444557,0.37236007111055636,0.3031109029340068,0.16307242080318168
20121080215,2012,2019,7,137.485589104,48.71206308967646,-75.17018010983016,0.4585966025871893,0.6816578242665965,0.37236007111055636,0.3031109029340068,0.16307242080318168
20121080215,2012,2020,8,137.485589104,48.71206308967646,-75.17018010983016,0.45904320237812696,0.7287661160593288,0.37236007111055636,0.3031109029340068,0.16307242080318168
20121080215,2012,2021,9,137.485589104,48.71206308967646,-75.17018010983016,0.45124587987098147,0.6661366188183693,0.37236007111055636,0.3031109029340068,0.16307242080318168
20121080215,2012,2022,10,137.485589104,48.71206308967646,-75.17018010983016,0.37297221187597795,0.22871647131448933,0.37236007111055636,0.3031109029340068,0.16307242080318168
20121080215,2012,2023,11,137.485589104,48.71206308967646,-75.17018010983016,0.4121514146134635,0.6151189589763143,0.37236007111055636,0.3031109029340068,0.16307242080318168
20121080215,2012,2024,12,137.485589104,48.71206308967646,-75.17018010983016,0.4666784771891153,0.666158845364766,0.37236007111055636,0.3031109029340068,0.16307242080318168
20121080215,2012,2025,13,137.485589104,48.71206308967646,-75.17018010983016,0.42348738121706925,0.5761099478151354,0.37236007111055636,0.3031109029340068,0.16307242080318168
20121080223,2012,2009,-3,132.922605716,47.89569547442708,-76.0831229161999,0.622053284812273,0.572151560583607,0.622053284812273,0.572151560583607,0.33682080675095727
20121080223,2012,2010,-2,132.922605716,47.89569547442708,-76.0831229161999,0.6814151892263188,0.7399314458994118,0.622053284812273,0.572151560583607,0.33682080675095727
20121080223,2012,2011,-1,132.922605716,47.89569547442708,-76.0831229161999,0.5803697587478861,0.5686263257063173,0.622053284812273,0.572151560583607,0.33682080675095727
20121080223,2012,2012,0,132.922605716,47.89569547442708,-76.0831229161999,0.2852324780613157,0.3222520639235971,0.622053284812273,0.572151560583607,0.33682080675095727
20121080223,2012,2013,1,132.922605716,47.89569547442708,-76.0831229161999,0.31421003630455885,0.47838213316427036,0.622053284812273,0.572151560583607,0.33682080675095727
20121080223,2012,2014,2,132.922605716,47.89569547442708,-76.0831229161999,0.35284944234883386,0.6274034649371433,0.622053284812273,0.572151560583607,0.33682080675095727
20121080223,2012,2015,3,132.922605716,47.89569547442708,-76.0831229161999,0.4463116176511456,0.11517524973088863,0.622053284812273,0.572151560583607,0.33682080675095727
20121080223,2012,2016,4,132.922605716,47.89569547442708,-76.0831229161999,0.5095696317361081,0.7531122928980427,0.622053284812273,0.572151560583607,0.33682080675095727
20121080223,2012,2017,5,132.922605716,47.89569547442708,-76.0831229161999,0.4632796521677427,0.6776774626170016,0.622053284812273,0.572151560583607,0.33682080675095727
20121080223,2012,2018,6,132.922605716,47.89569547442708,-76.0831229161999,0.5450133761958529,0.7627948170373959,0.622053284812273,0.572151560583607,0.33682080675095727
20121080223,2012,2019,7,132.922605716,47.89569547442708,-76.0831229161999,0.5461766891537776,0.7197616376879978,0.622053284812273,0.572151560583607,0.33682080675095727
20121080223,2012,2020,8,132.922605716,47.89569547442708,-76.0831229161999,0.5177197644844073,0.7209051466323088,0.622053284812273,0.572151560583607,0.33682080675095727
20121080223,2012,2021,9,132.922605716,47.89569547442708,-76.0831229161999,0.49403769830452626,0.661896075802906,0.622053284812273,0.572151560583607,0.33682080675095727
20121080223,2012,2022,10,132.922605716,47.89569547442708,-76.0831229161999,0.5032252529523575,0.5138500726040062,0.622053284812273,0.572151560583607,0.33682080675095727
20121080223,2012,2023,11,132.922605716,47.89569547442708,-76.0831229161999,0.3992282245162849,0.5406468888082372,0.622053284812273,0.572151560583607,0.33682080675095727
20121080223,2012,2024,12,132.922605716,47.89569547442708,-76.0831229161999,0.5282898139916611,0.7138658948351028,0.622053284812273,0.572151560583607,0.33682080675095727
20121080223,2012,2025,13,132.922605716,47.89569547442708,-76.0831229161999,0.5633698638132116,0.7470691429384153,0.622053284812273,0.572151560583607,0.33682080675095727
20121080258,2012,2009,-3,152.014236871,49.56464265607353,-77.20244907849641,0.4597455790846102,0.09570020030951235,0.49798452044891095,0.29863282949838144,0.16618162661371605
20121080258,2012,2010,-2,152.014236871,49.56464265607353,-77.20244907849641,0.49798452044891095,0.29863282949838144,0.49798452044891095,0.29863282949838144,0.16618162661371605
20121080258,2012,2011,-1,152.014236871,49.56464265607353,-77.20244907849641,0.6022228504358067,0.5098633877293953,0.49798452044891095,0.29863282949838144,0.16618162661371605
20121080258,2012,2012,0,152.014236871,49.56464265607353,-77.20244907849641,0.3318028938351949,0.3561783089847173,0.49798452044891095,0.29863282949838144,0.16618162661371605
20121080258,2012,2013,1,152.014236871,49.56464265607353,-77.20244907849641,0.28299492766818596,0.5565386857102724,0.49798452044891095,0.29863282949838144,0.16618162661371605
20121080258,2012,2014,2,152.014236871,49.56464265607353,-77.20244907849641,0.4312114841550467,0.6932200815275642,0.49798452044891095,0.29863282949838144,0.16618162661371605
20121080258,2012,2015,3,152.014236871,49.56464265607353,-77.20244907849641,0.4627813377753912,0.7284191466394473,0.49798452044891095,0.29863282949838144,0.16618162661371605
20121080258,2012,2016,4,152.014236871,49.56464265607353,-77.20244907849641,0.4857311605159288,0.7244954139449589,0.49798452044891095,0.29863282949838144,0.16618162661371605
20121080258,2012,2017,5,152.014236871,49.56464265607353,-77.20244907849641,0.45208426059138274,0.5803179583721619,0.49798452044891095,0.29863282949838144,0.16618162661371605
20121080258,2012,2018,6,152.014236871,49.56464265607353,-77.20244907849641,0.48722963343462705,0.7020675296202247,0.49798452044891095,0.29863282949838144,0.16618162661371605
20121080258,2012,2019,7,152.014236871,49.56464265607353,-77.20244907849641,0.47167069177202475,0.6780125109123541,0.49798452044891095,0.29863282949838144,0.16618162661371605
20121080258,2012,2020,8,152.014236871,49.56464265607353,-77.20244907849641,0.34871115181044965,0.24792478227090758,0.49798452044891095,0.29863282949838144,0.16618162661371605
20121080258,2012,2021,9,152.014236871,49.56464265607353,-77.20244907849641,0.49021663963961176,0.7207426185910968,0.49798452044891095,0.29863282949838144,0.16618162661371605
20121080258,2012,2022,10,152.014236871,49.56464265607353,-77.20244907849641,0.5772297373707239,0.7861461958402037,0.49798452044891095,0.29863282949838144,0.16618162661371605
20121080258,2012,2023,11,152.014236871,49.56464265607353,-77.20244907849641,0.5127216891896493,0.5204626672246139,0.49798452044891095,0.29863282949838144,0.16618162661371605
20121080258,2012,2024,12,152.014236871,49.56464265607353,-77.20244907849641,0.5927981890031406,0.7841721984356512,0.49798452044891095,0.29863282949838144,0.16618162661371605
20121080258,2012,2025,13,152.014236871,49.56464265607353,-77.20244907849641,0.5437814256365338,0.7392757318332369,0.49798452044891095,0.29863282949838144,0.16618162661371605
20121080261,2012,2009,-3,395.276761125,48.713397405467376,-76.74501720198032,0.4237567895507985,0.3262003538246789,0.439551245628294,0.3262003538246789,0.1463066054521484
20121080261,2012,2010,-2,395.276761125,48.713397405467376,-76.74501720198032,0.5059911854595501,0.425715804063804,0.439551245628294,0.3262003538246789,0.1463066054521484
20121080261,2012,2011,-1,395.276761125,48.713397405467376,-76.74501720198032,0.439551245628294,0.21703659448881668,0.439551245628294,0.3262003538246789,0.1463066054521484
20121080261,2012,2012,0,395.276761125,48.713397405467376,-76.74501720198032,0.2932446401761456,-0.27749478122745064,0.439551245628294,0.3262003538246789,0.1463066054521484
20121080261,2012,2013,1,395.276761125,48.713397405467376,-76.74501720198032,0.2636170635968439,0.6544033171408971,0.439551245628294,0.3262003538246789,0.1463066054521484
20121080261,2012,2014,2,395.276761125,48.713397405467376,-76.74501720198032,0.4392847677557163,0.5138531770024005,0.439551245628294,0.3262003538246789,0.1463066054521484
20121080261,2012,2015,3,395.276761125,48.713397405467376,-76.74501720198032,0.43953841319720216,0.595570637317872,0.439551245628294,0.3262003538246789,0.1463066054521484
20121080261,2012,2016,4,395.276761125,48.713397405467376,-76.74501720198032,0.4979950855706887,0.7130112038603342,0.439551245628294,0.3262003538246789,0.1463066054521484
20121080261,2012,2017,5,395.276761125,48.713397405467376,-76.74501720198032,0.4159955859647378,0.6346675616464887,0.439551245628294,0.3262003538246789,0.1463066054521484
20121080261,2012,2018,6,395.276761125,48.713397405467376,-76.74501720198032,0.5060503191555441,0.701143138194334,0.439551245628294,0.3262003538246789,0.1463066054521484
20121080261,2012,2019,7,395.276761125,48.713397405467376,-76.74501720198032,0.5368720527230911,0.7090392886119362,0.439551245628294,0.3262003538246789,0.1463066054521484
20121080261,2012,2020,8,395.276761125,48.713397405467376,-76.74501720198032,0.3759145201965002,0.3845551932743408,0.439551245628294,0.3262003538246789,0.1463066054521484
20121080261,2012,2021,9,395.276761125,48.713397405467376,-76.74501720198032,0.46697888091433215,0.6389542907606466,0.439551245628294,0.3262003538246789,0.1463066054521484
20121080261,2012,2022,10,395.276761125,48.713397405467376,-76.74501720198032,0.5643862850799708,0.7283744108415664,0.439551245628294,0.3262003538246789,0.1463066054521484
20121080261,2012,2023,11,395.276761125,48.713397405467376,-76.74501720198032,0.33295178271601994,0.0683476076357062,0.439551245628294,0.3262003538246789,0.1463066054521484
20121080261,2012,2024,12,395.276761125,48.713397405467376,-76.74501720198032,0.6044927107323091,0.8026618261739671,0.439551245628294,0.3262003538246789,0.1463066054521484
20121080261,2012,2025,13,395.276761125,48.713397405467376,-76.74501720198032,0.5372502514823246,0.7362457724745571,0.439551245628294,0.3262003538246789,0.1463066054521484
20121080337,2012,2009,-3,3035.6733183,48.675605742778004,-76.948513534331,0.3535168341800781,0.16984620265446473,0.38084806436521673,0.22461138057405158,0.14241005433690157
20121080337,2012,2010,-2,3035.6733183,48.675605742778004,-76.948513534331,0.38084806436521673,0.22461138057405158,0.38084806436521673,0.22461138057405158,0.14241005433690157
20121080337,2012,2011,-1,3035.6733183,48.675605742778004,-76.948513534331,0.5100020185171695,0.2947625436101407,0.38084806436521673,0.22461138057405158,0.14241005433690157
20121080337,2012,2012,0,3035.6733183,48.675605742778004,-76.948513534331,0.23843801002831516,0.0742724626760501,0.38084806436521673,0.22461138057405158,0.14241005433690157
20121080337,2012,2013,1,3035.6733183,48.675605742778004,-76.948513534331,0.19921039475925886,0.1621160580620436,0.38084806436521673,0.22461138057405158,0.14241005433690157
20121080337,2012,2014,2,3035.6733183,48.675605742778004,-76.948513534331,0.19335956461860862,0.439400962217737,0.38084806436521673,0.22461138057405158,0.14241005433690157
20121080337,2012,2015,3,3035.6733183,48.675605742778004,-76.948513534331,0.25191948699325944,0.5410698541697515,0.38084806436521673,0.22461138057405158,0.14241005433690157
20121080337,2012,2016,4,3035.6733183,48.675605742778004,-76.948513534331,0.28707191143746846,0.6347685735332752,0.38084806436521673,0.22461138057405158,0.14241005433690157
20121080337,2012,2017,5,3035.6733183,48.675605742778004,-76.948513534331,0.2832351885349839,0.337883192128006,0.38084806436521673,0.22461138057405158,0.14241005433690157
20121080337,2012,2018,6,3035.6733183,48.675605742778004,-76.948513534331,0.31054834138469567,0.4824313382403262,0.38084806436521673,0.22461138057405158,0.14241005433690157
20121080337,2012,2019,7,3035.6733183,48.675605742778004,-76.948513534331,0.3495768742462026,0.5996881771776119,0.38084806436521673,0.22461138057405158,0.14241005433690157
20121080337,2012,2020,8,3035.6733183,48.675605742778004,-76.948513534331,0.31443590256289056,0.3886404653708161,0.38084806436521673,0.22461138057405158,0.14241005433690157
20121080337,2012,2021,9,3035.6733183,48.675605742778004,-76.948513534331,0.3652461231658482,0.5253599960101883,0.38084806436521673,0.22461138057405158,0.14241005433690157
20121080337,2012,2022,10,3035.6733183,48.675605742778004,-76.948513534331,0.4667978237086761,0.6777122641849903,0.38084806436521673,0.22461138057405158,0.14241005433690157
20121080337,2012,2023,11,3035.6733183,48.675605742778004,-76.948513534331,0.39642137977419617,0.40815927308968686,0.38084806436521673,0.22461138057405158,0.14241005433690157
20121080337,2012,2024,12,3035.6733183,48.675605742778004,-76.948513534331,0.5058871179759261,0.6933761350783056,0.38084806436521673,0.22461138057405158,0.14241005433690157
20121080337,2012,2025,13,3035.6733183,48.675605742778004,-76.948513534331,0.47452895300047104,0.6698730888708773,0.38084806436521673,0.22461138057405158,0.14241005433690157
20171080074,2017,2014,-3,4070.02169474,50.03088144740307,-76.46905386681976,0.4941580507396359,0.56835280431337,0.4941580507396359,0.611305572740169,0.2812882953834025
20171080074,2017,2015,-2,4070.02169474,50.03088144740307,-76.46905386681976,0.4824685884360386,0.611305572740169,0.4941580507396359,0.611305572740169,0.2812882953834025
20171080074,2017,2016,-1,4070.02169474,50.03088144740307,-76.46905386681976,0.564428012463497,0.7363381767268896,0.4941580507396359,0.611305572740169,0.2812882953834025
20171080074,2017,2017,0,4070.02169474,50.03088144740307,-76.46905386681976,0.21286975535623343,0.24806918827252347,0.4941580507396359,0.611305572740169,0.2812882953834025
20171080074,2017,2018,1,4070.02169474,50.03088144740307,-76.46905386681976,0.13475611534294996,0.4081737390713591,0.4941580507396359,0.611305572740169,0.2812882953834025
20171080074,2017,2019,2,4070.02169474,50.03088144740307,-76.46905386681976,0.25584863458693746,0.4510655671434821,0.4941580507396359,0.611305572740169,0.2812882953834025
20171080074,2017,2020,3,4070.02169474,50.03088144740307,-76.46905386681976,0.2832096393875872,0.5214650067919476,0.4941580507396359,0.611305572740169,0.2812882953834025
20171080074,2017,2021,4,4070.02169474,50.03088144740307,-76.46905386681976,0.24019253029845797,0.5410356067032968,0.4941580507396359,0.611305572740169,0.2812882953834025
20171080074,2017,2022,5,4070.02169474,50.03088144740307,-76.46905386681976,0.4004449725674384,0.666057251140694,0.4941580507396359,0.611305572740169,0.2812882953834025
20171080074,2017,2023,6,4070.02169474,50.03088144740307,-76.46905386681976,0.34175023793818377,0.5917347268708644,0.4941580507396359,0.611305572740169,0.2812882953834025
20171080074,2017,2024,7,4070.02169474,50.03088144740307,-76.46905386681976,0.44330932505116427,0.6700070938612585,0.4941580507396359,0.611305572740169,0.2812882953834025
20171080074,2017,2025,8,4070.02169474,50.03088144740307,-76.46905386681976,0.41994140947297076,0.6620413367905628,0.4941580507396359,0.611305572740169,0.2812882953834025
20171080077,2017,2014,-3,472.787379586,50.23320750246087,-76.02650229761024,0.5400738822705101,0.70122477829891,0.3698928379234924,0.2948441363815095,0.2427279598723734
20171080077,2017,2015,-2,472.787379586,50.23320750246087,-76.02650229761024,0.2752416599292373,0.2948441363815095,0.3698928379234924,0.2948441363815095,0.2427279598723734
20171080077,2017,2016,-1,472.787379586,50.23320750246087,-76.02650229761024,0.3698928379234924,0.2440656998911232,0.3698928379234924,0.2948441363815095,0.2427279598723734
20171080077,2017,2017,0,472.787379586,50.23320750246087,-76.02650229761024,0.12716487805111903,0.36165114844083657,0.3698928379234924,0.2948441363815095,0.2427279598723734
20171080077,2017,2018,1,472.787379586,50.23320750246087,-76.02650229761024,0.22447567056982032,0.5176380072302414,0.3698928379234924,0.2948441363815095,0.2427279598723734
20171080077,2017,2019,2,472.787379586,50.23320750246087,-76.02650229761024,0.3222841336487809,0.60064948747687,0.3698928379234924,0.2948441363815095,0.2427279598723734
20171080077,2017,2020,3,472.787379586,50.23320750246087,-76.02650229761024,0.28307232560836526,0.4755875905765336,0.3698928379234924,0.2948441363815095,0.2427279598723734
20171080077,2017,2021,4,472.787379586,50.23320750246087,-76.02650229761024,0.3219403288679882,0.63979187836441,0.3698928379234924,0.2948441363815095,0.2427279598723734
20171080077,2017,2022,5,472.787379586,50.23320750246087,-76.02650229761024,0.3850214914082947,0.6726341046022263,0.3698928379234924,0.2948441363815095,0.2427279598723734
20171080077,2017,2023,6,472.787379586,50.23320750246087,-76.02650229761024,0.31055234724449404,0.357752525340517,0.3698928379234924,0.2948441363815095,0.2427279598723734
20171080077,2017,2024,7,472.787379586,50.23320750246087,-76.02650229761024,0.3926335196395033,0.6454274034592328,0.3698928379234924,0.2948441363815095,0.2427279598723734
20171080077,2017,2025,8,472.787379586,50.23320750246087,-76.02650229761024,0.3144023676914735,0.5876717101125727,0.3698928379234924,0.2948441363815095,0.2427279598723734
20181080368,2018,2015,-3,9754.2,49.08146623344832,-76.32053030991612,0.4863192969055658,0.5683083767717655,0.4863192969055658,0.4589889968614494,0.1601214065300739
20181080368,2018,2016,-2,9754.2,49.08146623344832,-76.32053030991612,0.5450405581547287,0.35363109785949554,0.4863192969055658,0.4589889968614494,0.1601214065300739
20181080368,2018,2017,-1,9754.2,49.08146623344832,-76.32053030991612,0.423831069108853,0.4589889968614494,0.4863192969055658,0.4589889968614494,0.1601214065300739
20181080368,2018,2018,0,9754.2,49.08146623344832,-76.32053030991612,0.3261978903754919,0.45894708141217094,0.4863192969055658,0.4589889968614494,0.1601214065300739
20181080368,2018,2019,1,9754.2,49.08146623344832,-76.32053030991612,0.11333610439968712,0.37896088621540625,0.4863192969055658,0.4589889968614494,0.1601214065300739
20181080368,2018,2020,2,9754.2,49.08146623344832,-76.32053030991612,0.23632652250138958,0.2675573146606313,0.4863192969055658,0.4589889968614494,0.1601214065300739
20181080368,2018,2021,3,9754.2,49.08146623344832,-76.32053030991612,0.2480305816459055,0.4902270065016262,0.4863192969055658,0.4589889968614494,0.1601214065300739
20181080368,2018,2022,4,9754.2,49.08146623344832,-76.32053030991612,0.3730070995962606,0.6268981314591788,0.4863192969055658,0.4589889968614494,0.1601214065300739
20181080368,2018,2023,5,9754.2,49.08146623344832,-76.32053030991612,0.1972610920165379,0.10348247677127101,0.4863192969055658,0.4589889968614494,0.1601214065300739
20181080368,2018,2024,6,9754.2,49.08146623344832,-76.32053030991612,0.2773570013645192,0.5898492242312915,0.4863192969055658,0.4589889968614494,0.1601214065300739
20181080368,2018,2025,7,9754.2,49.08146623344832,-76.32053030991612,0.28707768938010464,0.6132765081542539,0.4863192969055658,0.4589889968614494,0.1601214065300739
20191080072,2019,2016,-3,5019.4019279,49.230142356709706,-75.35725105185955,0.5918322483951173,0.7324538665374644,0.5918322483951173,0.7324538665374644,0.46282883343732983
20191080072,2019,2017,-2,5019.4019279,49.230142356709706,-75.35725105185955,0.5956849881015931,0.7636557943684555,0.5918322483951173,0.7324538665374644,0.46282883343732983
20191080072,2019,2018,-1,5019.4019279,49.230142356709706,-75.35725105185955,0.5917703605221897,0.7285519794999757,0.5918322483951173,0.7324538665374644,0.46282883343732983
20191080072,2019,2019,0,5019.4019279,49.230142356709706,-75.35725105185955,0.12900341495778742,0.43163108176355514,0.5918322483951173,0.7324538665374644,0.46282883343732983
20191080072,2019,2020,1,5019.4019279,49.230142356709706,-75.35725105185955,0.2070412863324885,0.5098036774206937,0.5918322483951173,0.7324538665374644,0.46282883343732983
20191080072,2019,2021,2,5019.4019279,49.230142356709706,-75.35725105185955,0.3457430533059725,0.63477310491406,0.5918322483951173,0.7324538665374644,0.46282883343732983
20191080072,2019,2022,3,5019.4019279,49.230142356709706,-75.35725105185955,0.4433069659252207,0.6543981924111499,0.5918322483951173,0.7324538665374644,0.46282883343732983
20191080072,2019,2023,4,5019.4019279,49.230142356709706,-75.35725105185955,0.3808428426675068,0.6308477348759542,0.5918322483951173,0.7324538665374644,0.46282883343732983
20191080072,2019,2024,5,5019.4019279,49.230142356709706,-75.35725105185955,0.39651391282721987,0.6504079356340389,0.5918322483951173,0.7324538665374644,0.46282883343732983
20191080072,2019,2025,6,5019.4019279,49.230142356709706,-75.35725105185955,0.30658434804906487,0.5566763395075495,0.5918322483951173,0.7324538665374644,0.46282883343732983
20211080400,2021,2018,-3,437.789110201,48.53996825634037,-77.82705068146176,0.5450336913119228,0.7139047978303908,0.5292620624196973,0.6972452491036728,0.34784584328693774
20211080400,2021,2019,-2,437.789110201,48.53996825634037,-77.82705068146176,0.5292620624196973,0.6972452491036728,0.5292620624196973,0.6972452491036728,0.34784584328693774
20211080400,2021,2020,-1,437.789110201,48.53996825634037,-77.82705068146176,0.28317853290829165,0.3729495428567407,0.5292620624196973,0.6972452491036728,0.34784584328693774
20211080400,2021,2021,0,437.789110201,48.53996825634037,-77.82705068146176,0.18141621913275957,0.38859435243494234,0.5292620624196973,0.6972452491036728,0.34784584328693774
20211080400,2021,2022,1,437.789110201,48.53996825634037,-77.82705068146176,0.06625936832345228,0.451490904835513,0.5292620624196973,0.6972452491036728,0.34784584328693774
20211080400,2021,2023,2,437.789110201,48.53996825634037,-77.82705068146176,0.18519862836027767,0.4736854639539279,0.5292620624196973,0.6972452491036728,0.34784584328693774
20211080400,2021,2024,3,437.789110201,48.53996825634037,-77.82705068146176,0.2717234163240807,0.6073177919243227,0.5292620624196973,0.6972452491036728,0.34784584328693774
20211080400,2021,2025,4,437.789110201,48.53996825634037,-77.82705068146176,0.322348838329295,0.6415890654686827,0.5292620624196973,0.6972452491036728,0.34784584328693774
20231080245,2023,2020,-3,6254.35826371,48.45899314965766,-76.92219766169195,0.30272662965648306,0.30271714163468016,0.3651873525560222,0.4101641731515113,0.10151676893562916
20231080245,2023,2021,-2,6254.35826371,48.45899314965766,-76.92219766169195,0.3651873525560222,0.4101641731515113,0.3651873525560222,0.4101641731515113,0.10151676893562916
20231080245,2023,2022,-1,6254.35826371,48.45899314965766,-76.92219766169195,0.5293165192051354,0.7089627418165457,0.3651873525560222,0.4101641731515113,0.10151676893562916
20231080245,2023,2023,0,6254.35826371,48.45899314965766,-76.92219766169195,0.26367058362039303,0.21292555379462466,0.3651873525560222,0.4101641731515113,0.10151676893562916
20231080245,2023,2024,1,6254.35826371,48.45899314965766,-76.92219766169195,0.19915544338104815,0.5448918214806058,0.3651873525560222,0.4101641731515113,0.10151676893562916
20231080245,2023,2025,2,6254.35826371,48.45899314965766,-76.92219766169195,0.25978331187427295,0.5996010309412797,0.3651873525560222,0.4101641731515113,0.10151676893562916
20231080248,2023,2020,-3,6835.39579096,47.970908058064985,-75.78857208385215,0.46600050891586026,0.5372333614546957,0.49809709728360396,0.5916700673831536,0.22673625261214408
20231080248,2023,2021,-2,6835.39579096,47.970908058064985,-75.78857208385215,0.5216379294611514,0.639007267012293,0.49809709728360396,0.5916700673831536,0.22673625261214408
20231080248,2023,2022,-1,6835.39579096,47.970908058064985,-75.78857208385215,0.49809709728360396,0.5916700673831536,0.49809709728360396,0.5916700673831536,0.22673625261214408
20231080248,2023,2023,0,6835.39579096,47.970908058064985,-75.78857208385215,0.2713608446714599,0.4509490775385426,0.49809709728360396,0.5916700673831536,0.22673625261214408
20231080248,2023,2024,1,6835.39579096,47.970908058064985,-75.78857208385215,0.23254206029280344,0.4864130159634662,0.49809709728360396,0.5916700673831536,0.22673625261214408
20231080248,2023,2025,2,6835.39579096,47.970908058064985,-75.78857208385215,0.3299153796408787,0.6307093747959225,0.49809709728360396,0.5916700673831536,0.22673625261214408
20231080256,2023,2020,-3,4673.56850616,49.271854747638585,-76.920109764526,0.5527070850333465,0.7128426241663911,0.5761779269901918,0.7402308421772205,0.30081773477103446
20231080256,2023,2021,-2,4673.56850616,49.271854747638585,-76.920109764526,0.5761779269901918,0.7402308421772205,0.5761779269901918,0.7402308421772205,0.30081773477103446
20231080256,2023,2022,-1,4673.56850616,49.271854747638585,-76.920109764526,0.5996721264628934,0.7715061452104521,0.5761779269901918,0.7402308421772205,0.30081773477103446
20231080256,2023,2023,0,4673.56850616,49.271854747638585,-76.920109764526,0.2753601922191573,0.42774228708747913,0.5761779269901918,0.7402308421772205,0.30081773477103446
20231080256,2023,2024,1,4673.56850616,49.271854747638585,-76.920109764526,0.23051780978592024,0.5839671799593914,0.5761779269901918,0.7402308421772205,0.30081773477103446
20231080256,2023,2025,2,4673.56850616,49.271854747638585,-76.920109764526,0.33789445806488344,0.642569931324935,0.5761779269901918,0.7402308421772205,0.30081773477103446
20231080274,2023,2020,-3,59882.5607307,49.288271378448336,-75.53494583492473,0.48047169912401544,0.6504051952293333,0.48047169912401544,0.6504051952293333,0.25778766239140294
20231080274,2023,2021,-2,59882.5607307,49.288271378448336,-75.53494583492473,0.5585874482749742,0.7149035351625586,0.48047169912401544,0.6504051952293333,0.25778766239140294
20231080274,2023,2022,-1,59882.5607307,49.288271378448336,-75.53494583492473,0.47461861326672794,0.5566454887590279,0.48047169912401544,0.6504051952293333,0.25778766239140294
20231080274,2023,2023,0,59882.5607307,49.288271378448336,-75.53494583492473,0.22268403673261253,0.5039093148750626,0.48047169912401544,0.6504051952293333,0.25778766239140294
20231080274,2023,2024,1,59882.5607307,49.288271378448336,-75.53494583492473,0.18356247610629786,0.47265728091720693,0.48047169912401544,0.6504051952293333,0.25778766239140294
20231080274,2023,2025,2,59882.5607307,49.288271378448336,-75.53494583492473,0.2304262412264122,0.47459161111092646,0.48047169912401544,0.6504051952293333,0.25778766239140294
20231080297,2023,2020,-3,15186.4776252,48.0861695911077,-76.99734085665115,0.2832110490326661,0.30858190951819203,0.2832110490326661,0.30858190951819203,0.037064953093313674
20231080297,2023,2021,-2,15186.4776252,48.0861695911077,-76.99734085665115,0.2675415860222502,0.2460650008567327,0.2832110490326661,0.30858190951819203,0.037064953093313674
20231080297,2023,2022,-1,15186.4776252,48.0861695911077,-76.99734085665115,0.5878841242100658,0.7305373653465012,0.2832110490326661,0.30858190951819203,0.037064953093313674
20231080297,2023,2023,0,15186.4776252,48.0861695911077,-76.99734085665115,0.2461460959393524,0.1581488811906631,0.2832110490326661,0.30858190951819203,0.037064953093313674
20231080297,2023,2024,1,15186.4776252,48.0861695911077,-76.99734085665115,0.1602234969498217,0.5195722709883754,0.2832110490326661,0.30858190951819203,0.037064953093313674
20231080297,2023,2025,2,15186.4776252,48.0861695911077,-76.99734085665115,0.23829178207531002,0.5800740368317392,0.2832110490326661,0.30858190951819203,0.037064953093313674
20231080314,2023,2020,-3,100959.934441,49.55081390958307,-76.89857538733148,0.4277428228312623,0.5527357287591045,0.5683761247801351,0.7305004358217114,0.2910291910549179
20231080314,2023,2021,-2,100959.934441,49.55081390958307,-76.89857538733148,0.5683761247801351,0.7305004358217114,0.5683761247801351,0.7305004358217114,0.2910291910549179
20231080314,2023,2022,-1,100959.934441,49.55081390958307,-76.89857538733148,0.6191436174505993,0.7773808278183704,0.5683761247801351,0.7305004358217114,0.2910291910549179
20231080314,2023,2023,0,100959.934441,49.55081390958307,-76.89857538733148,0.2773469337252172,0.3417942574353141,0.5683761247801351,0.7305004358217114,0.2910291910549179
20231080314,2023,2024,1,100959.934441,49.55081390958307,-76.89857538733148,0.14452743497037374,0.535159400510315,0.5683761247801351,0.7305004358217114,0.2910291910549179
20231080314,2023,2025,2,100959.934441,49.55081390958307,-76.89857538733148,0.2539006961923101,0.5898457754872583,0.5683761247801351,0.7305004358217114,0.2910291910549179
20231080344,2023,2020,-3,346475.642853,48.910668401799335,-76.39295136002688,0.36325658918338294,0.3945147422652483,0.4883032722494516,0.5898490256832589,0.2500293352901941
20231080344,2023,2021,-2,346475.642853,48.910668401799335,-76.39295136002688,0.4883032722494516,0.5898490256832589,0.4883032722494516,0.5898490256832589,0.2500293352901941
20231080344,2023,2022,-1,346475.642853,48.910668401799335,-76.39295136002688,0.5429985216248264,0.6914614180225153,0.4883032722494516,0.5898490256832589,0.2500293352901941
20231080344,2023,2023,0,346475.642853,48.910668401799335,-76.39295136002688,0.23827393695925747,0.23826438831857089,0.4883032722494516,0.5898490256832589,0.2500293352901941
20231080344,2023,2024,1,346475.642853,48.910668401799335,-76.39295136002688,0.2304750982295372,0.5664218614080169,0.4883032722494516,0.5898490256832589,0.2500293352901941
20231080344,2023,2025,2,346475.642853,48.910668401799335,-76.39295136002688,0.300787120970976,0.60549358103845,0.4883032722494516,0.5898490256832589,0.2500293352901941
20231080370,2023,2020,-3,1970.01515506,49.2401755575132,-75.3177908737874,0.5683019715988433,0.7207970255617066,0.5762380122445632,0.6973413733590812,0.3537847757218492
20231080370,2023,2021,-2,1970.01515506,49.2401755575132,-75.3177908737874,0.5878999928747983,0.6973413733590812,0.5762380122445632,0.6973413733590812,0.3537847757218492
20231080370,2023,2022,-1,1970.01515506,49.2401755575132,-75.3177908737874,0.5762380122445632,0.6621861079702354,0.5762380122445632,0.6973413733590812,0.3537847757218492
20231080370,2023,2023,0,1970.01515506,49.2401755575132,-75.3177908737874,0.22245323652271395,0.5059654151282803,0.5762380122445632,0.6973413733590812,0.3537847757218492
20231080370,2023,2024,1,1970.01515506,49.2401755575132,-75.3177908737874,0.3183344294478584,0.5838748962352576,0.5762380122445632,0.6973413733590812,0.3537847757218492
20231080370,2023,2025,2,1970.01515506,49.2401755575132,-75.3177908737874,0.3339654678269721,0.5839520257921519,0.5762380122445632,0.6973413733590812,0.3537847757218492
20231080372,2023,2020,-3,1972.80973855,48.76999807357943,-75.24119861778657,0.5136975013056058,0.7168008771744803,0.5136975013056058,0.7168008771744803,0.3241821856948518
20231080372,2023,2021,-2,1972.80973855,48.76999807357943,-75.24119861778657,0.5606111836821859,0.7441509030793859,0.5136975013056058,0.7168008771744803,0.3241821856948518
20231080372,2023,2022,-1,1972.80973855,48.76999807357943,-75.24119861778657,0.4277886057800285,0.2402000531621284,0.5136975013056058,0.7168008771744803,0.3241821856948518
20231080372,2023,2023,0,1972.80973855,48.76999807357943,-75.24119861778657,0.189515315610754,0.40047762628032185,0.5136975013056058,0.7168008771744803,0.3241821856948518
20231080372,2023,2024,1,1972.80973855,48.76999807357943,-75.24119861778657,0.177677569818558,0.4628937754574035,0.5136975013056058,0.7168008771744803,0.3241821856948518
20231080372,2023,2025,2,1972.80973855,48.76999807357943,-75.24119861778657,0.27930429193145034,0.5723368782887583,0.5136975013056058,0.7168008771744803,0.3241821856948518
20231080373,2023,2020,-3,17532.6549894,48.91120605817862,-75.18564142374618,0.4961059827006132,0.6659896699197327,0.4961059827006132,0.6659896699197327,0.250081985842717
20231080373,2023,2021,-2,17532.6549894,48.91120605817862,-75.18564142374618,0.5644644999335466,0.7363759786748113,0.4961059827006132,0.6659896699197327,0.250081985842717
20231080373,2023,2022,-1,17532.6549894,48.91120605817862,-75.18564142374618,0.45114763478666814,0.3242395561066888,0.4961059827006132,0.6659896699197327,0.250081985842717
20231080373,2023,2023,0,17532.6549894,48.91120605817862,-75.18564142374618,0.24602399685789617,0.5488206386148515,0.4961059827006132,0.6659896699197327,0.250081985842717
20231080373,2023,2024,1,17532.6549894,48.91120605817862,-75.18564142374618,0.16794251935811508,0.4863528206848394,0.4961059827006132,0.6659896699197327,0.250081985842717
20231080373,2023,2025,2,17532.6549894,48.91120605817862,-75.18564142374618,0.2480609211330271,0.5292683781791838,0.4961059827006132,0.6659896699197327,0.250081985842717
20231080382,2023,2020,-3,1542.08456452,48.30730490729245,-76.11190348056473,0.3339067190819985,0.45501785291584307,0.44336818518201826,0.5568082074035215,0.23842790953766205
20231080382,2023,2021,-2,1542.08456452,48.30730490729245,-76.11190348056473,0.5117353212585399,0.6659471035872241,0.44336818518201826,0.5568082074035215,0.23842790953766205
20231080382,2023,2022,-1,1542.08456452,48.30730490729245,-76.11190348056473,0.44336818518201826,0.5568082074035215,0.44336818518201826,0.5568082074035215,0.23842790953766205
20231080382,2023,2023,0,1542.08456452,48.30730490729245,-76.11190348056473,0.2049402756443562,0.4472551232318677,0.44336818518201826,0.5568082074035215,0.23842790953766205
20231080382,2023,2024,1,1542.08456452,48.30730490729245,-76.11190348056473,0.2558042485758344,0.5761371028850958,0.44336818518201826,0.5568082074035215,0.23842790953766205
20231080382,2023,2025,2,1542.08456452,48.30730490729245,-76.11190348056473,0.34575164588804475,0.6465266010022916,0.44336818518201826,0.5568082074035215,0.23842790953766205
20231080449,2023,2020,-3,28551.5522298,49.17581519180894,-75.11939624118394,0.49023433105456754,0.6503885928205323,0.5566346808416992,0.6503885928205323,0.33396513667722316
20231080449,2023,2021,-2,28551.5522298,49.17581519180894,-75.11939624118394,0.5605501072089963,0.7227389312514269,0.5566346808416992,0.6503885928205323,0.33396513667722316
20231080449,2023,2022,-1,28551.5522298,49.17581519180894,-75.11939624118394,0.5566346808416992,0.6445604925955898,0.5566346808416992,0.6503885928205323,0.33396513667722316
20231080449,2023,2023,0,28551.5522298,49.17581519180894,-75.11939624118394,0.222669544164476,0.5430175675208997,0.5566346808416992,0.6503885928205323,0.33396513667722316
20231080449,2023,2024,1,28551.5522298,49.17581519180894,-75.11939624118394,0.230472662371956,0.5175711710343672,0.5566346808416992,0.6503885928205323,0.33396513667722316
20231080449,2023,2025,2,28551.5522298,49.17581519180894,-75.11939624118394,0.27539540375618055,0.556652198448867,0.5566346808416992,0.6503885928205323,0.33396513667722316
20231080481,2023,2020,-3,623.271076977,49.03908526771719,-75.32500332369678,0.37698922050861183,0.3301665347044356,0.44336174479677615,0.5018241838934956,0.14836414417752625
20231080481,2023,2021,-2,623.271076977,49.03908526771719,-75.32500332369678,0.525263482843932,0.7167188226096937,0.44336174479677615,0.5018241838934956,0.14836414417752625
20231080481,2023,2022,-1,623.271076977,49.03908526771719,-75.32500332369678,0.44336174479677615,0.5018241838934956,0.44336174479677615,0.5018241838934956,0.14836414417752625
20231080481,2023,2023,0,623.271076977,49.03908526771719,-75.32500332369678,0.2949976006192499,0.6190850510630344,0.44336174479677615,0.5018241838934956,0.14836414417752625
20231080481,2023,2024,1,623.271076977,49.03908526771719,-75.32500332369678,-0.005882708426803583,0.4042976574754147,0.44336174479677615,0.5018241838934956,0.14836414417752625
20231080481,2023,2025,2,623.271076977,49.03908526771719,-75.32500332369678,0.13465801396036003,0.439214833319193,0.44336174479677615,0.5018241838934956,0.14836414417752625
20231080488,2023,2020,-3,31040.8922428,50.22278408257616,-78.00687702738651,0.3235471875096562,0.1841086032449525,0.4266953328977708,0.5017759875370628,0.13945076594641903
20231080488,2023,2021,-2,31040.8922428,50.22278408257616,-78.00687702738651,0.5089203012047352,0.635935025341404,0.4266953328977708,0.5017759875370628,0.13945076594641903
20231080488,2023,2022,-1,31040.8922428,50.22278408257616,-78.00687702738651,0.4266953328977708,0.5017759875370628,0.4266953328977708,0.5017759875370628,0.13945076594641903
20231080488,2023,2023,0,31040.8922428,50.22278408257616,-78.00687702738651,0.28724456695135175,0.5909585476153624,0.4266953328977708,0.5017759875370628,0.13945076594641903
20231080488,2023,2024,1,31040.8922428,50.22278408257616,-78.00687702738651,0.2051161145295731,0.547842816920298,0.4266953328977708,0.5017759875370628,0.13945076594641903
20231080488,2023,2025,2,31040.8922428,50.22278408257616,-78.00687702738651,0.2909463885815072,0.5692026220232678,0.4266953328977708,0.5017759875370628,0.13945076594641903
20231080496,2023,2020,-3,134.245907413,48.58976346575416,-75.77846039238489,0.4503365780054263,0.6308522495805353,0.4945437074231851,0.6460161053011259,0.1886113188335483
20231080496,2023,2021,-2,134.245907413,48.58976346575416,-75.77846039238489,0.4945437074231851,0.6972037931685033,0.4945437074231851,0.6460161053011259,0.1886113188335483
20231080496,2023,2022,-1,134.245907413,48.58976346575416,-75.77846039238489,0.5251205698560072,0.6460161053011259,0.4945437074231851,0.6460161053011259,0.1886113188335483
20231080496,2023,2023,0,134.245907413,48.58976346575416,-75.77846039238489,0.3059323885896368,0.29859830836502066,0.4945437074231851,0.6460161053011259,0.1886113188335483
20231080496,2023,2024,1,134.245907413,48.58976346575416,-75.77846039238489,0.2441834636691487,0.5096595078601593,0.4945437074231851,0.6460161053011259,0.1886113188335483
20231080496,2023,2025,2,134.245907413,48.58976346575416,-75.77846039238489,0.3184341668244071,0.5960549380426081,0.4945437074231851,0.6460161053011259,0.1886113188335483
20231080535,2023,2020,-3,18425.5733451,50.23455001941861,-77.96864610816586,0.30581541999127665,0.3107753834902278,0.5020212338423552,0.6427773049337028,0.1798848262211204
20231080535,2023,2021,-2,18425.5733451,50.23455001941861,-77.96864610816586,0.537051300574018,0.6816422746742808,0.5020212338423552,0.6427773049337028,0.1798848262211204
20231080535,2023,2022,-1,18425.5733451,50.23455001941861,-77.96864610816586,0.5020212338423552,0.6427773049337028,0.5020212338423552,0.6427773049337028,0.1798848262211204
20231080535,2023,2023,0,18425.5733451,50.23455001941861,-77.96864610816586,0.3221364076212348,0.6193587213325057,0.5020212338423552,0.6427773049337028,0.1798848262211204
20231080535,2023,2024,1,18425.5733451,50.23455001941861,-77.96864610816586,0.22063502545035002,0.5445852603482159,0.5020212338423552,0.6427773049337028,0.1798848262211204
20231080535,2023,2025,2,18425.5733451,50.23455001941861,-77.96864610816586,0.2986847214628798,0.5487458134641525,0.5020212338423552,0.6427773049337028,0.1798848262211204
